{"type":"FeatureCollection","features":[{"type":"Feature","properties":{"segmentId":"osm_9599772","name":"90th Street Northeast"},"geometry":{"type":"LineString","coordinates":[[-99.85377,48.71906],[-99.85433,48.71871],[-99.85483,48.7186],[-99.90648,48.71867],[-99.90711,48.71879],[-99.90891,48.71963],[-99.90925,48.71971],[-99.90977,48.71972],[-99.91098,48.71953],[-99.91216,48.71909],[-99.91354,48.71878],[-99.91551,48.71867],[-99.93342,48.71865],[-99.95903,48.71874],[-99.95981,48.71859],[-99.96073,48.71827],[-99.9612,48.71817],[-99.96166,48.71815],[-99.96245,48.71821],[-99.96423,48.71872],[-99.9859,48.71876]]}},{"type":"Feature","properties":{"segmentId":"osm_9746449","name":"47th Avenue Northeast"},"geometry":{"type":"LineString","coordinates":[[-99.64546,48.53055],[-99.64543,48.54498]]}},{"type":"Feature","properties":{"segmentId":"osm_9746559","name":"49th Avenue Northeast"},"geometry":{"type":"LineString","coordinates":[[-99.60219,48.54496],[-99.60218,48.53921],[-99.60233,48.53509],[-99.60224,48.53111],[-99.6023,48.53033],[-99.60228,48.51806],[-99.60235,48.51392],[-99.60227,48.50794],[-99.60234,48.50466],[-99.60224,48.50152]]}},{"type":"Feature","properties":{"segmentId":"osm_9746616","name":"40th Avenue Northeast"},"geometry":{"type":"LineString","coordinates":[[-99.79804,48.50149],[-99.79808,48.5213],[-99.798,48.54489]]}},{"type":"Feature","properties":{"segmentId":"osm_9746631"},"geometry":{"type":"LineString","coordinates":[[-99.92992,48.53757],[-99.92903,48.53749],[-99.92824,48.53752]]}},{"type":"Feature","properties":{"segmentId":"osm_9746639"},"geometry":{"type":"LineString","coordinates":[[-99.90812,48.53766],[-99.9074,48.53763],[-99.90671,48.53781],[-99.90613,48.53768],[-99.88452,48.53768]]}},{"type":"Feature","properties":{"segmentId":"osm_9746834"},"geometry":{"type":"LineString","coordinates":[[-100.10266,48.53714],[-100.10191,48.53712],[-100.10126,48.53767],[-100.10108,48.53773],[-100.0998,48.53781],[-100.09616,48.53781],[-100.09599,48.53775]]}},{"type":"Feature","properties":{"segmentId":"osm_9746998"},"geometry":{"type":"LineString","coordinates":[[-99.64028,48.52418],[-99.64001,48.52511],[-99.63999,48.5255],[-99.63996,48.53053]]}},{"type":"Feature","properties":{"segmentId":"osm_9747056"},"geometry":{"type":"LineString","coordinates":[[-99.64547,48.5318],[-99.64942,48.53178],[-99.65118,48.53279],[-99.65118,48.5335],[-99.65393,48.53474],[-99.65407,48.53514]]}},{"type":"Feature","properties":{"segmentId":"osm_9747116"},"geometry":{"type":"LineString","coordinates":[[-99.80697,48.53003],[-99.80679,48.52985],[-99.8068,48.52974],[-99.80709,48.52944],[-99.80722,48.52813]]}},{"type":"Feature","properties":{"segmentId":"osm_9747337"},"geometry":{"type":"LineString","coordinates":[[-99.85232,48.53774],[-99.85335,48.53765],[-99.85792,48.53778],[-99.8634,48.53779]]}},{"type":"Feature","properties":{"segmentId":"osm_9747467"},"geometry":{"type":"LineString","coordinates":[[-100.03273,48.53523],[-100.03221,48.53572],[-100.03166,48.53599],[-100.03124,48.5363],[-100.0291,48.53663],[-100.02866,48.53693]]}},{"type":"Feature","properties":{"segmentId":"osm_9747470"},"geometry":{"type":"LineString","coordinates":[[-100.03121,48.53793],[-100.03157,48.53606]]}},{"type":"Feature","properties":{"segmentId":"osm_9747485"},"geometry":{"type":"LineString","coordinates":[[-99.74849,48.5449],[-99.75355,48.54427],[-99.75429,48.54423],[-99.75447,48.54415],[-99.75456,48.54394],[-99.75456,48.54346],[-99.75444,48.54295],[-99.75445,48.53813],[-99.75432,48.53788],[-99.75438,48.53656],[-99.75427,48.5347],[-99.75429,48.53457],[-99.75448,48.53437],[-99.7548,48.53419],[-99.75536,48.5341],[-99.75832,48.53403],[-99.76129,48.53404],[-99.76146,48.53411],[-99.76166,48.53432],[-99.76186,48.53551],[-99.76195,48.53563],[-99.76209,48.53567]]}},{"type":"Feature","properties":{"segmentId":"osm_9747556"},"geometry":{"type":"LineString","coordinates":[[-100.04816,48.53213],[-100.04814,48.53246],[-100.04834,48.53265],[-100.04908,48.53277],[-100.0502,48.53277],[-100.05081,48.53294],[-100.05099,48.53317],[-100.05094,48.53402]]}},{"type":"Feature","properties":{"segmentId":"osm_9748467"},"geometry":{"type":"LineString","coordinates":[[-99.99426,48.51607],[-99.99634,48.51735],[-99.99901,48.51848],[-99.99967,48.51869],[-100.00078,48.51882],[-100.00441,48.51869],[-100.00465,48.51884],[-100.0046,48.53061]]}},{"type":"Feature","properties":{"segmentId":"osm_9749022","name":"32nd Avenue Northeast"},"geometry":{"type":"LineString","coordinates":[[-99.97195,48.53051],[-99.97188,48.53016],[-99.97198,48.52832],[-99.97187,48.52029],[-99.9719,48.50523],[-99.97197,48.50412],[-99.97188,48.50235],[-99.97196,48.48717]]}},{"type":"Feature","properties":{"segmentId":"osm_9749028"},"geometry":{"type":"LineString","coordinates":[[-99.92059,48.52565],[-99.92027,48.52575],[-99.92003,48.52602],[-99.92011,48.5305]]}},{"type":"Feature","properties":{"segmentId":"osm_9749083"},"geometry":{"type":"LineString","coordinates":[[-99.79805,48.53778],[-99.80893,48.53779],[-99.80888,48.53901],[-99.80843,48.53953],[-99.80837,48.53988],[-99.80854,48.53995],[-99.80954,48.54004],[-99.81069,48.54048],[-99.81098,48.54053]]}},{"type":"Feature","properties":{"segmentId":"osm_9749136"},"geometry":{"type":"LineString","coordinates":[[-99.66727,48.53961],[-99.66726,48.54496]]}},{"type":"Feature","properties":{"segmentId":"osm_9749141"},"geometry":{"type":"LineString","coordinates":[[-99.56837,48.53241],[-99.56609,48.53245],[-99.56478,48.53205],[-99.56401,48.532],[-99.56372,48.5321],[-99.56275,48.53306],[-99.56251,48.53321],[-99.55863,48.53336]]}},{"type":"Feature","properties":{"segmentId":"osm_9749259"},"geometry":{"type":"LineString","coordinates":[[-99.88025,48.5335],[-99.8801,48.53328],[-99.8801,48.53259],[-99.87982,48.5324],[-99.87978,48.5322],[-99.87974,48.53048]]}},{"type":"Feature","properties":{"segmentId":"osm_9749260"},"geometry":{"type":"LineString","coordinates":[[-99.86954,48.53048],[-99.86956,48.53069],[-99.86981,48.53098],[-99.86987,48.53117]]}},{"type":"Feature","properties":{"segmentId":"osm_9749263","name":"42nd Avenue Northeast"},"geometry":{"type":"LineString","coordinates":[[-99.75445,48.48699],[-99.75436,48.5301],[-99.7544,48.53031],[-99.75457,48.53041]]}},{"type":"Feature","properties":{"segmentId":"osm_9749265"},"geometry":{"type":"LineString","coordinates":[[-99.73277,48.5485],[-99.73283,48.54339],[-99.7328,48.542],[-99.73267,48.54138]]}},{"type":"Feature","properties":{"segmentId":"osm_9749383","name":"51st Avenue Northeast"},"geometry":{"type":"LineString","coordinates":[[-99.55853,48.51596],[-99.55861,48.517],[-99.55862,48.53059]]}},{"type":"Feature","properties":{"segmentId":"osm_9749386","name":"51st Avenue Northeast"},"geometry":{"type":"LineString","coordinates":[[-99.55852,48.53854],[-99.55861,48.53993],[-99.55859,48.54492]]}},{"type":"Feature","properties":{"segmentId":"osm_9749418","name":"Rolette Road"},"geometry":{"type":"LineString","coordinates":[[-99.84799,48.5011],[-99.84501,48.50627],[-99.84208,48.5103],[-99.84175,48.51112],[-99.84164,48.51169],[-99.84159,48.54491]]}},{"type":"Feature","properties":{"segmentId":"osm_9749442","name":"36th Avenue Northeast"},"geometry":{"type":"LineString","coordinates":[[-99.88557,48.50152],[-99.88537,48.50279],[-99.88472,48.50429],[-99.88464,48.5052],[-99.88459,48.51407],[-99.8849,48.5158],[-99.8848,48.51803],[-99.88463,48.51912],[-99.88454,48.53047]]}},{"type":"Feature","properties":{"segmentId":"osm_9749449","name":"50th Avenue Northeast"},"geometry":{"type":"LineString","coordinates":[[-99.5804,48.54446],[-99.58056,48.53758]]}},{"type":"Feature","properties":{"segmentId":"osm_9749514","name":"43rd Avenue Northeast"},"geometry":{"type":"LineString","coordinates":[[-99.73277,48.51597],[-99.73271,48.51831],[-99.73285,48.51915],[-99.73272,48.52109],[-99.73271,48.52287],[-99.7328,48.53046]]}},{"type":"Feature","properties":{"segmentId":"osm_9749533","name":"27th Avenue Northeast"},"geometry":{"type":"LineString","coordinates":[[-100.0808,48.53062],[-100.08074,48.47706]]}},{"type":"Feature","properties":{"segmentId":"osm_9749710","name":"37th Avenue Northeast"},"geometry":{"type":"LineString","coordinates":[[-99.86332,48.5015],[-99.86333,48.50861],[-99.8632,48.50877],[-99.86305,48.50883],[-99.86213,48.50887],[-99.86188,48.50905],[-99.86182,48.51635],[-99.86188,48.51696],[-99.863,48.51812],[-99.86323,48.51846],[-99.86335,48.51888],[-99.86343,48.55947]]}},{"type":"Feature","properties":{"segmentId":"osm_9749890","name":"44th Avenue Northeast"},"geometry":{"type":"LineString","coordinates":[[-99.71097,48.45805],[-99.71093,48.54494]]}},{"type":"Feature","properties":{"segmentId":"osm_9750003","name":"77th Street Northeast"},"geometry":{"type":"LineString","coordinates":[[-99.49321,48.53034],[-99.5073,48.53042],[-99.53486,48.53043]]}},{"type":"Feature","properties":{"segmentId":"osm_9750032","name":"77th Street Northeast"},"geometry":{"type":"LineString","coordinates":[[-99.62368,48.53049],[-99.63417,48.5305],[-99.64384,48.53059]]}},{"type":"Feature","properties":{"segmentId":"osm_9750125","name":"35th Avenue Northeast"},"geometry":{"type":"LineString","coordinates":[[-99.91328,48.48349],[-99.91242,48.48371],[-99.91199,48.48406],[-99.9119,48.48548],[-99.91168,48.48604],[-99.91124,48.48668],[-99.90918,48.48897],[-99.90895,48.48938],[-99.9089,48.48971],[-99.90918,48.49391],[-99.90914,48.49449],[-99.9085,48.49667],[-99.90683,48.49978],[-99.90663,48.50028],[-99.90652,48.50087],[-99.90639,48.53049]]}},{"type":"Feature","properties":{"segmentId":"osm_9750538","name":"54th Avenue Northeast"},"geometry":{"type":"LineString","coordinates":[[-99.49329,48.45789],[-99.49308,48.70335],[-99.49306,48.70465],[-99.49291,48.70567],[-99.49307,48.70691],[-99.493,48.71836]]}},{"type":"Feature","properties":{"segmentId":"osm_9750801","name":"31st Avenue Northeast"},"geometry":{"type":"LineString","coordinates":[[-99.99375,48.54951],[-99.99373,48.54507],[-99.99388,48.53789],[-99.99407,48.53773],[-99.99438,48.53768],[-99.99549,48.53771],[-99.99682,48.53666],[-99.99722,48.53624],[-99.99803,48.53559],[-99.99818,48.53553],[-99.9987,48.53554]]}},{"type":"Feature","properties":{"segmentId":"osm_9751049","name":"52nd Avenue Northeast"},"geometry":{"type":"LineString","coordinates":[[-99.53691,48.37098],[-99.53679,48.43752],[-99.53678,48.5449]]}},{"type":"Feature","properties":{"segmentId":"osm_9751193","name":"28th Avenue Northeast"},"geometry":{"type":"LineString","coordinates":[[-100.05897,48.4727],[-100.05902,48.50131],[-100.05896,48.50959],[-100.05903,48.51735],[-100.05897,48.53068]]}},{"type":"Feature","properties":{"segmentId":"osm_9751334","name":"78th Street Northeast"},"geometry":{"type":"LineString","coordinates":[[-99.61393,48.54496],[-99.58182,48.54495],[-99.58057,48.54498],[-99.57937,48.54528],[-99.57648,48.54529],[-99.57492,48.54525],[-99.5733,48.54494],[-99.57207,48.54493],[-99.49319,48.54483]]}},{"type":"Feature","properties":{"segmentId":"osm_9751337","name":"78th Street Northeast"},"geometry":{"type":"LineString","coordinates":[[-99.96641,48.54505],[-99.96633,48.54478],[-99.96641,48.53797],[-99.9665,48.5371],[-99.96744,48.53465],[-99.96926,48.53067],[-99.96951,48.53051]]}},{"type":"Feature","properties":{"segmentId":"osm_9761925","name":"82nd Street Northeast"},"geometry":{"type":"LineString","coordinates":[[-99.86352,48.60294],[-99.86998,48.6029],[-99.87996,48.60295],[-99.94917,48.60296],[-99.97278,48.60315],[-100.01794,48.60316],[-100.03714,48.60311],[-100.09168,48.60321],[-100.12462,48.60334],[-100.13308,48.60327]]}},{"type":"Feature","properties":{"segmentId":"osm_9761929","name":"82nd Street Northeast"},"geometry":{"type":"LineString","coordinates":[[-99.7109,48.59924],[-99.71675,48.59928],[-99.72175,48.59963],[-99.72316,48.60018],[-99.72411,48.60065],[-99.72514,48.60161],[-99.7257,48.60269],[-99.72594,48.60286],[-99.73274,48.60287]]}},{"type":"Feature","properties":{"segmentId":"osm_9761935","name":"82nd Street Northeast"},"geometry":{"type":"LineString","coordinates":[[-99.49315,48.60279],[-99.60231,48.60286]]}},{"type":"Feature","properties":{"segmentId":"osm_9761943","name":"82nd Street Northeast"},"geometry":{"type":"LineString","coordinates":[[-99.75567,48.60357],[-99.75659,48.60291],[-99.75683,48.60287],[-99.79804,48.60285]]}},{"type":"Feature","properties":{"segmentId":"osm_9761954","name":"Bureau of Indian Affairs Road 2"},"geometry":{"type":"LineString","coordinates":[[-99.74444,48.91246],[-99.74585,48.91285],[-99.74647,48.91285],[-99.74703,48.91264],[-99.74865,48.91184],[-99.74943,48.91166],[-99.74981,48.91166],[-99.7504,48.91178],[-99.75279,48.91316],[-99.75357,48.91344],[-99.75505,48.91367],[-99.76658,48.91378],[-99.78842,48.91437],[-99.80081,48.91436],[-99.81613,48.91414],[-99.83215,48.91401],[-99.85211,48.91397],[-99.85264,48.91393],[-99.85305,48.91383],[-99.85365,48.91354]]}},{"type":"Feature","properties":{"segmentId":"osm_9761958","name":"Varty Street"},"geometry":{"type":"LineString","coordinates":[[-99.71207,48.94163],[-99.71498,48.94164]]}},{"type":"Feature","properties":{"segmentId":"osm_9761984","name":"89th Street Northeast"},"geometry":{"type":"LineString","coordinates":[[-100.01522,48.70466],[-100.03487,48.70475],[-100.10365,48.70482],[-100.14553,48.70473]]}},{"type":"Feature","properties":{"segmentId":"osm_9761990","name":"89th Street Northeast"},"geometry":{"type":"LineString","coordinates":[[-99.92462,48.70444],[-99.92469,48.70451],[-99.9249,48.70454],[-99.93005,48.70452],[-99.93424,48.70447],[-99.93599,48.70434],[-99.93803,48.70428],[-99.93878,48.70445]]}},{"type":"Feature","properties":{"segmentId":"osm_9762016","name":"89th Street Northeast"},"geometry":{"type":"LineString","coordinates":[[-99.49307,48.7042],[-99.55528,48.7043],[-99.64555,48.70433],[-99.71076,48.70427],[-99.75303,48.70437],[-99.77341,48.7043],[-99.80208,48.70437],[-99.84181,48.70436]]}},{"type":"Feature","properties":{"segmentId":"osm_9762033","name":"Lake Upsilon Road"},"geometry":{"type":"LineString","coordinates":[[-99.83739,48.94955],[-99.83764,48.9503],[-99.83805,48.95211],[-99.83877,48.95375],[-99.83883,48.95407],[-99.83877,48.95759],[-99.83863,48.9582],[-99.83826,48.95879],[-99.83807,48.95929],[-99.83799,48.96318],[-99.83765,48.9639],[-99.83737,48.96417],[-99.83666,48.9645],[-99.83628,48.96458],[-99.83253,48.96464],[-99.83217,48.96478],[-99.83204,48.96493],[-99.83193,48.96515],[-99.83194,48.9654],[-99.83207,48.96569],[-99.83257,48.96636],[-99.83263,48.96739],[-99.83252,48.96776],[-99.83209,48.9683],[-99.83161,48.96867],[-99.82855,48.97156],[-99.82794,48.97236],[-99.82718,48.9731],[-99.82704,48.97335],[-99.82694,48.9741],[-99.82701,48.97467],[-99.82723,48.97541],[-99.82725,48.977],[-99.82746,48.9776]]}},{"type":"Feature","properties":{"segmentId":"osm_9762044","name":"Lake Upsilon Road"},"geometry":{"type":"LineString","coordinates":[[-99.86255,48.97908],[-99.8594,48.97902],[-99.85833,48.97872],[-99.85811,48.97871],[-99.85766,48.97877],[-99.8566,48.97913],[-99.85582,48.97911],[-99.85553,48.97916],[-99.85531,48.97935],[-99.85508,48.98001],[-99.8541,48.98096],[-99.85395,48.98126],[-99.85382,48.98198],[-99.85285,48.98294],[-99.85205,48.9834],[-99.85176,48.9835],[-99.85026,48.98354],[-99.84994,48.98349],[-99.84952,48.98339],[-99.84812,48.98273],[-99.84653,48.98242]]}},{"type":"Feature","properties":{"segmentId":"osm_9762069","name":"Bureau of Indian Affairs Road 3"},"geometry":{"type":"LineString","coordinates":[[-99.67908,48.83434],[-99.67903,48.87565],[-99.67911,48.87659],[-99.6794,48.87705],[-99.67991,48.87743],[-99.6804,48.87763],[-99.68112,48.87778],[-99.6984,48.87776]]}},{"type":"Feature","properties":{"segmentId":"osm_9762075","name":"Bureau of Indian Affairs Road 3"},"geometry":{"type":"LineString","coordinates":[[-99.6984,48.87776],[-99.69843,48.88087],[-99.69859,48.88104],[-99.69901,48.88125],[-99.7005,48.8814],[-99.7008,48.88158],[-99.70092,48.88175],[-99.7009,48.89221]]}},{"type":"Feature","properties":{"segmentId":"osm_9762077","name":"Ella Street"},"geometry":{"type":"LineString","coordinates":[[-99.71301,48.94651],[-99.71584,48.94535],[-99.71611,48.94529],[-99.72155,48.94526],[-99.72168,48.94521],[-99.72178,48.94506],[-99.72178,48.94455],[-99.72154,48.94437],[-99.71882,48.94438],[-99.71865,48.94455],[-99.71864,48.94526]]}},{"type":"Feature","properties":{"segmentId":"osm_9762095","name":"47th Avenue Northeast"},"geometry":{"type":"LineString","coordinates":[[-99.64534,48.58845],[-99.64529,48.61277],[-99.64523,48.61371],[-99.64532,48.61746],[-99.64521,48.62304],[-99.64527,48.62567]]}},{"type":"Feature","properties":{"segmentId":"osm_9762104","name":"47th Avenue Northeast"},"geometry":{"type":"LineString","coordinates":[[-99.67898,48.95015],[-99.67898,48.96467]]}},{"type":"Feature","properties":{"segmentId":"osm_9762119","name":"47th Avenue Northeast"},"geometry":{"type":"LineString","coordinates":[[-99.67921,48.76192],[-99.67926,48.78917],[-99.67912,48.8054]]}},{"type":"Feature","properties":{"segmentId":"osm_9762123","name":"47th Avenue Northeast"},"geometry":{"type":"LineString","coordinates":[[-99.64514,48.70432],[-99.64519,48.70932],[-99.64512,48.71848]]}},{"type":"Feature","properties":{"segmentId":"osm_9762129","name":"29th Avenue Northeast"},"geometry":{"type":"LineString","coordinates":[[-100.07356,48.76233],[-100.07361,48.76683],[-100.07347,48.76729],[-100.07346,48.76936],[-100.07354,48.782],[-100.07342,48.78403],[-100.07342,48.7914]]}},{"type":"Feature","properties":{"segmentId":"osm_9762146","name":"29th Avenue Northeast"},"geometry":{"type":"LineString","coordinates":[[-100.07358,48.74782],[-100.07353,48.75505],[-100.07343,48.75549],[-100.07337,48.75681],[-100.07344,48.75696],[-100.0734,48.75797]]}},{"type":"Feature","properties":{"segmentId":"osm_9762153","name":"29th Avenue Northeast"},"geometry":{"type":"LineString","coordinates":[[-100.0737,48.93027],[-100.07369,48.93162],[-100.07427,48.93249],[-100.07448,48.93328],[-100.07413,48.93419],[-100.07371,48.93475],[-100.07366,48.93508],[-100.07376,48.93763],[-100.07378,48.94993],[-100.07398,48.96146],[-100.07406,48.97915]]}},{"type":"Feature","properties":{"segmentId":"osm_9762157","name":"29th Avenue Northeast"},"geometry":{"type":"LineString","coordinates":[[-100.07186,48.84407],[-100.07246,48.84472],[-100.07297,48.84548],[-100.07334,48.84667],[-100.07352,48.85715],[-100.07353,48.86383]]}},{"type":"Feature","properties":{"segmentId":"osm_9762161","name":"29th Avenue Northeast"},"geometry":{"type":"LineString","coordinates":[[-100.03774,48.71199],[-100.03733,48.71211],[-100.03716,48.71225],[-100.03712,48.71545]]}},{"type":"Feature","properties":{"segmentId":"osm_9762171","name":"State Highway 3"},"geometry":{"type":"LineString","coordinates":[[-100.03715,48.54513],[-100.03704,48.5596],[-100.03724,48.67481]]}},{"type":"Feature","properties":{"segmentId":"osm_9762192","name":"Bureau of Indian Affairs Road 4"},"geometry":{"type":"LineString","coordinates":[[-99.86495,48.89234],[-99.89949,48.89245],[-99.92764,48.8924],[-99.92844,48.89237],[-99.92893,48.89228],[-99.93045,48.89183],[-99.93093,48.89172],[-99.93126,48.89171],[-99.93183,48.89179],[-99.93368,48.89231],[-99.93444,48.89239],[-99.94184,48.89237]]}},{"type":"Feature","properties":{"segmentId":"osm_9762208","name":"Bureau of Indian Affairs Road 4"},"geometry":{"type":"LineString","coordinates":[[-99.65829,48.89253],[-99.65762,48.89292]]}},{"type":"Feature","properties":{"segmentId":"osm_9762211","name":"2nd Street Northeast"},"geometry":{"type":"LineString","coordinates":[[-99.61391,48.85977],[-99.61757,48.86318],[-99.61757,48.86327]]}},{"type":"Feature","properties":{"segmentId":"osm_9762213","name":"2nd Street Northeast"},"geometry":{"type":"LineString","coordinates":[[-99.61772,48.86327],[-99.6177,48.86505]]}},{"type":"Feature","properties":{"segmentId":"osm_9762221","name":"49th Avenue Northeast"},"geometry":{"type":"LineString","coordinates":[[-99.60232,48.63256],[-99.60246,48.6388],[-99.60238,48.65215],[-99.60246,48.65775],[-99.60242,48.66095],[-99.60252,48.66459],[-99.60243,48.6665],[-99.60246,48.67169],[-99.60255,48.67498],[-99.60247,48.67532],[-99.60252,48.70429]]}},{"type":"Feature","properties":{"segmentId":"osm_9762226","name":"49th Avenue Northeast"},"geometry":{"type":"LineString","coordinates":[[-99.60219,48.54496],[-99.60241,48.63064],[-99.60246,48.63094],[-99.60261,48.63113]]}},{"type":"Feature","properties":{"segmentId":"osm_9762237","name":"49th Avenue Northeast"},"geometry":{"type":"LineString","coordinates":[[-99.6355,48.85279],[-99.63557,48.87108]]}},{"type":"Feature","properties":{"segmentId":"osm_9762256","name":"49th Avenue Northeast"},"geometry":{"type":"LineString","coordinates":[[-99.6354,48.76193],[-99.6354,48.76903],[-99.63531,48.76962],[-99.6355,48.77056],[-99.63551,48.77269],[-99.63568,48.77325],[-99.63595,48.77357],[-99.63597,48.77371],[-99.63546,48.77418],[-99.63556,48.77509],[-99.63535,48.77653],[-99.63543,48.77745],[-99.63535,48.77924],[-99.63532,48.77932],[-99.6348,48.77961],[-99.63471,48.77978],[-99.63477,48.77993],[-99.63524,48.78031],[-99.63536,48.78057],[-99.63547,48.7818],[-99.63538,48.78226],[-99.63543,48.78349],[-99.63573,48.78397],[-99.63618,48.7844],[-99.63625,48.78455],[-99.63601,48.78504],[-99.63543,48.78532],[-99.63526,48.78551],[-99.63526,48.78616],[-99.63544,48.78714],[-99.6354,48.78773],[-99.63606,48.78855],[-99.63639,48.78882],[-99.63662,48.78923],[-99.63658,48.78971],[-99.63663,48.78989],[-99.63687,48.79012],[-99.63693,48.79087]]}},{"type":"Feature","properties":{"segmentId":"osm_9762262","name":"49th Avenue Northeast"},"geometry":{"type":"LineString","coordinates":[[-99.6354,48.79091],[-99.63535,48.79999],[-99.63544,48.80534]]}},{"type":"Feature","properties":{"segmentId":"osm_9762265","name":"49th Avenue Northeast"},"geometry":{"type":"LineString","coordinates":[[-99.63554,48.98636],[-99.63564,48.99325],[-99.63558,48.99349]]}},{"type":"Feature","properties":{"segmentId":"osm_9762371","name":"Bureau of Indian Affairs Road 5"},"geometry":{"type":"LineString","coordinates":[[-99.72283,48.86331],[-99.72287,48.87388],[-99.7227,48.87447],[-99.72231,48.87503],[-99.72171,48.87553],[-99.72073,48.87599],[-99.71932,48.87639],[-99.71825,48.87661],[-99.71665,48.8767],[-99.71609,48.8768],[-99.71562,48.87693],[-99.71394,48.87761],[-99.71305,48.87775],[-99.6984,48.87776]]}},{"type":"Feature","properties":{"segmentId":"osm_9762373","name":"3rd Street Southeast"},"geometry":{"type":"LineString","coordinates":[[-99.61,48.85793],[-99.61263,48.86037]]}},{"type":"Feature","properties":{"segmentId":"osm_9762383","name":"Lake Shooty Road"},"geometry":{"type":"LineString","coordinates":[[-99.89811,48.81608],[-99.89879,48.81611],[-99.9,48.81635],[-99.90695,48.8186],[-99.908,48.81904],[-99.90829,48.81926],[-99.90881,48.81994],[-99.90934,48.82017],[-99.94071,48.82028],[-99.95758,48.82024]]}},{"type":"Feature","properties":{"segmentId":"osm_9762391","name":"40th Avenue Northeast"},"geometry":{"type":"LineString","coordinates":[[-99.79798,48.70435],[-99.798,48.70666],[-99.79816,48.70674],[-99.79947,48.70697],[-99.7996,48.70706],[-99.79968,48.70742]]}},{"type":"Feature","properties":{"segmentId":"osm_9762405","name":"40th Avenue Northeast"},"geometry":{"type":"LineString","coordinates":[[-99.79804,48.60285],[-99.79799,48.66078]]}},{"type":"Feature","properties":{"segmentId":"osm_9762414","name":"40th Avenue Northeast"},"geometry":{"type":"LineString","coordinates":[[-99.83234,48.80555],[-99.83232,48.81027]]}},{"type":"Feature","properties":{"segmentId":"osm_9762418","name":"40th Avenue Northeast"},"geometry":{"type":"LineString","coordinates":[[-99.83241,48.76209],[-99.83232,48.77657]]}},{"type":"Feature","properties":{"segmentId":"osm_9762419","name":"4th Street Southeast"},"geometry":{"type":"LineString","coordinates":[[-99.60947,48.85929],[-99.6104,48.86013]]}},{"type":"Feature","properties":{"segmentId":"osm_9762459","name":"Bia 9"},"geometry":{"type":"LineString","coordinates":[[-99.7667,48.84882],[-99.76661,48.86309]]}},{"type":"Feature","properties":{"segmentId":"osm_9762497","name":"Bureau of Indian Affairs Road 6"},"geometry":{"type":"LineString","coordinates":[[-99.6571,48.86331],[-99.69088,48.86333],[-99.69858,48.86329],[-99.69975,48.86341],[-99.70164,48.86386],[-99.70241,48.86393],[-99.70324,48.86393],[-99.70393,48.86385],[-99.70531,48.86351],[-99.70645,48.86332],[-99.70707,48.86327],[-99.70933,48.86328],[-99.71056,48.86317],[-99.71501,48.86225],[-99.71641,48.86219],[-99.71701,48.86227],[-99.71927,48.86284],[-99.72104,48.86317],[-99.72193,48.86327],[-99.72367,48.86334],[-99.72428,48.86343],[-99.72487,48.86359],[-99.72535,48.86383],[-99.72665,48.86482],[-99.72716,48.86513],[-99.72773,48.8653],[-99.72854,48.86534],[-99.72913,48.86521],[-99.72972,48.86494],[-99.73122,48.86381],[-99.73187,48.86351],[-99.73255,48.86334],[-99.73413,48.86328],[-99.74482,48.86329]]}},{"type":"Feature","properties":{"segmentId":"osm_9762502","name":"Martinville Loop Northeast"},"geometry":{"type":"LineString","coordinates":[[-99.74484,48.85337],[-99.744,48.85346],[-99.74358,48.85343],[-99.74266,48.8529],[-99.7421,48.85268],[-99.74181,48.85264],[-99.74112,48.85275],[-99.74065,48.85302],[-99.74049,48.85357],[-99.74062,48.85439],[-99.74137,48.85564],[-99.74288,48.85593],[-99.74483,48.85587]]}},{"type":"Feature","properties":{"segmentId":"osm_9762518"},"geometry":{"type":"LineString","coordinates":[[-99.83798,48.9632],[-99.83808,48.9633],[-99.83809,48.96362],[-99.83801,48.96421],[-99.83768,48.9644],[-99.83686,48.96456],[-99.83646,48.96454]]}},{"type":"Feature","properties":{"segmentId":"osm_9762526"},"geometry":{"type":"LineString","coordinates":[[-100.0816,48.84877],[-100.08176,48.84878],[-100.08346,48.8482],[-100.08482,48.84767],[-100.08527,48.84777],[-100.08639,48.8477],[-100.08698,48.84791],[-100.08826,48.84881],[-100.0884,48.84905]]}},{"type":"Feature","properties":{"segmentId":"osm_9762538"},"geometry":{"type":"LineString","coordinates":[[-100.06023,48.96471],[-100.08489,48.96468],[-100.09717,48.96474],[-100.09876,48.9647],[-100.0994,48.96475],[-100.1118,48.96471]]}},{"type":"Feature","properties":{"segmentId":"osm_9762541","name":"106th Street Northeast"},"geometry":{"type":"LineString","coordinates":[[-99.8546,48.95007],[-99.85127,48.95],[-99.8498,48.9498],[-99.84677,48.94924],[-99.84555,48.94911],[-99.84129,48.94909],[-99.84008,48.94915],[-99.83847,48.94932],[-99.83499,48.95011],[-99.83328,48.95039],[-99.8314,48.95046],[-99.82588,48.95005],[-99.82473,48.94991],[-99.82404,48.94978],[-99.82145,48.94901],[-99.82031,48.94873],[-99.8193,48.94861],[-99.81826,48.94859],[-99.81658,48.94884],[-99.81567,48.94911],[-99.81374,48.94986],[-99.81278,48.95012],[-99.81091,48.9504],[-99.80764,48.95035],[-99.79706,48.95002],[-99.78754,48.95012],[-99.78622,48.95027],[-99.78511,48.95052],[-99.78184,48.95175],[-99.78066,48.95209],[-99.77997,48.95221],[-99.77852,48.95234],[-99.7773,48.95229],[-99.77342,48.95196],[-99.77274,48.95184],[-99.77141,48.95148],[-99.76865,48.95043],[-99.76681,48.94999],[-99.76147,48.94953],[-99.75998,48.94947],[-99.75657,48.94955],[-99.75273,48.94995],[-99.75019,48.95005],[-99.657,48.95019]]}},{"type":"Feature","properties":{"segmentId":"osm_9762556"},"geometry":{"type":"LineString","coordinates":[[-99.80434,48.86518],[-99.80505,48.86482],[-99.80524,48.8648],[-99.80603,48.86492],[-99.80754,48.86476],[-99.80872,48.86527],[-99.80904,48.86555],[-99.80906,48.86567],[-99.80866,48.86619],[-99.80823,48.867],[-99.80837,48.87042],[-99.80934,48.87113],[-99.8098,48.87165],[-99.80989,48.87181],[-99.80989,48.8724],[-99.81028,48.87277],[-99.81039,48.87323],[-99.81211,48.87493],[-99.81206,48.8754],[-99.81144,48.87678]]}},{"type":"Feature","properties":{"segmentId":"osm_9762582"},"geometry":{"type":"LineString","coordinates":[[-99.9423,48.94614],[-99.94187,48.94599],[-99.94146,48.94593]]}},{"type":"Feature","properties":{"segmentId":"osm_9762590"},"geometry":{"type":"LineString","coordinates":[[-99.54763,48.80518],[-99.54752,48.80572],[-99.54745,48.80697],[-99.54749,48.80854],[-99.54768,48.80996],[-99.54746,48.8114],[-99.54746,48.81236],[-99.54767,48.81269],[-99.54739,48.82361],[-99.54746,48.82595],[-99.54709,48.82623],[-99.54704,48.82654],[-99.54718,48.82704],[-99.54748,48.82735],[-99.5475,48.8341]]}},{"type":"Feature","properties":{"segmentId":"osm_9762597"},"geometry":{"type":"LineString","coordinates":[[-100.05302,48.97918],[-100.05314,48.97983],[-100.05334,48.98014],[-100.05359,48.98039],[-100.05414,48.98065]]}},{"type":"Feature","properties":{"segmentId":"osm_9762601","name":"95th Street Northeast"},"geometry":{"type":"LineString","coordinates":[[-99.54013,48.79065],[-99.53938,48.79076],[-99.5258,48.79063]]}},{"type":"Feature","properties":{"segmentId":"osm_9762602","name":"2nd Street East"},"geometry":{"type":"LineString","coordinates":[[-100.05805,48.82028],[-100.05805,48.81507]]}},{"type":"Feature","properties":{"segmentId":"osm_9762652"},"geometry":{"type":"LineString","coordinates":[[-99.92035,48.94284],[-99.92042,48.94239],[-99.92068,48.94209],[-99.92106,48.94194],[-99.9213,48.94171],[-99.9214,48.94143],[-99.92108,48.94087],[-99.92124,48.94049],[-99.92177,48.93981],[-99.92197,48.93921],[-99.92246,48.93886],[-99.92283,48.93882],[-99.92314,48.93818],[-99.92313,48.93794],[-99.92295,48.9377],[-99.92223,48.93717],[-99.92211,48.93696],[-99.92216,48.93667],[-99.9226,48.93609],[-99.92274,48.93574],[-99.92285,48.93534],[-99.92281,48.93501],[-99.92263,48.93482],[-99.92238,48.93425],[-99.92223,48.93417],[-99.92172,48.93407],[-99.92087,48.93368],[-99.92075,48.93333],[-99.92079,48.93283]]}},{"type":"Feature","properties":{"segmentId":"osm_9762675"},"geometry":{"type":"LineString","coordinates":[[-99.74638,48.97133],[-99.74606,48.97124],[-99.74576,48.97102],[-99.74508,48.97093]]}},{"type":"Feature","properties":{"segmentId":"osm_9762712"},"geometry":{"type":"LineString","coordinates":[[-99.68761,48.99366],[-99.68013,48.99361],[-99.67898,48.99358],[-99.67886,48.9935],[-99.67899,48.97914]]}},{"type":"Feature","properties":{"segmentId":"osm_9762727"},"geometry":{"type":"LineString","coordinates":[[-99.63554,48.98636],[-99.64549,48.98638],[-99.64562,48.98636],[-99.6457,48.98624],[-99.64582,48.98551]]}},{"type":"Feature","properties":{"segmentId":"osm_9762734"},"geometry":{"type":"LineString","coordinates":[[-99.87621,48.82502],[-99.87632,48.82095],[-99.87622,48.81761],[-99.87632,48.80563]]}},{"type":"Feature","properties":{"segmentId":"osm_9762742"},"geometry":{"type":"LineString","coordinates":[[-99.77935,48.92849],[-99.77892,48.9284],[-99.77862,48.92809],[-99.77907,48.92722]]}},{"type":"Feature","properties":{"segmentId":"osm_9762752"},"geometry":{"type":"LineString","coordinates":[[-99.77313,48.92807],[-99.77269,48.92784],[-99.77243,48.92779],[-99.77205,48.92786],[-99.772,48.92797],[-99.77041,48.9281]]}},{"type":"Feature","properties":{"segmentId":"osm_9762771"},"geometry":{"type":"LineString","coordinates":[[-99.8854,48.93567],[-99.88528,48.936],[-99.88549,48.93626],[-99.8853,48.93664],[-99.88531,48.93684],[-99.88551,48.93752],[-99.88501,48.93839],[-99.88497,48.93912],[-99.88424,48.9398],[-99.88429,48.94007],[-99.88453,48.94052],[-99.88448,48.94069],[-99.88421,48.94087],[-99.88419,48.94132],[-99.88405,48.94158],[-99.88366,48.94175],[-99.88347,48.94208],[-99.88362,48.94307]]}},{"type":"Feature","properties":{"segmentId":"osm_9762786"},"geometry":{"type":"LineString","coordinates":[[-99.86116,48.94835],[-99.86119,48.94849],[-99.86106,48.94869],[-99.86116,48.94932],[-99.86168,48.9499],[-99.86165,48.95007]]}},{"type":"Feature","properties":{"segmentId":"osm_9762808"},"geometry":{"type":"LineString","coordinates":[[-99.85042,48.94033],[-99.85094,48.94033],[-99.85158,48.94019],[-99.85247,48.94009],[-99.85391,48.94013],[-99.85442,48.94008]]}},{"type":"Feature","properties":{"segmentId":"osm_9762818"},"geometry":{"type":"LineString","coordinates":[[-99.85991,48.92496],[-99.86085,48.92554],[-99.86114,48.92589],[-99.86096,48.92617],[-99.86095,48.92646],[-99.86135,48.92711],[-99.86125,48.9276],[-99.86141,48.92807],[-99.86124,48.92905],[-99.86057,48.93006],[-99.86039,48.93047],[-99.85992,48.93109],[-99.85995,48.93351],[-99.86019,48.93558]]}},{"type":"Feature","properties":{"segmentId":"osm_9762851"},"geometry":{"type":"LineString","coordinates":[[-100.0669,48.81402],[-100.06788,48.81355],[-100.06789,48.81301],[-100.06938,48.81238],[-100.06979,48.81196],[-100.07027,48.81122],[-100.07045,48.81112],[-100.07088,48.81102],[-100.0715,48.811],[-100.07275,48.81082],[-100.07325,48.81067],[-100.07357,48.8099],[-100.07366,48.80945],[-100.07353,48.80884],[-100.0735,48.80582]]}},{"type":"Feature","properties":{"segmentId":"osm_9762859"},"geometry":{"type":"LineString","coordinates":[[-100.06929,48.99504],[-100.06675,48.99509]]}},{"type":"Feature","properties":{"segmentId":"osm_9762888"},"geometry":{"type":"LineString","coordinates":[[-99.83771,48.93938],[-99.83781,48.93921],[-99.83776,48.9391],[-99.83627,48.93798],[-99.8358,48.93771],[-99.835,48.93741],[-99.8337,48.93655],[-99.83364,48.9357]]}},{"type":"Feature","properties":{"segmentId":"osm_9762893"},"geometry":{"type":"LineString","coordinates":[[-99.8542,48.82754],[-99.85282,48.8276],[-99.85179,48.82771],[-99.85157,48.82774],[-99.85138,48.82785],[-99.85098,48.82791],[-99.8507,48.82787],[-99.85032,48.82791],[-99.85005,48.82782],[-99.84949,48.82786],[-99.84934,48.82784],[-99.84914,48.82771],[-99.84901,48.82773]]}},{"type":"Feature","properties":{"segmentId":"osm_9762899"},"geometry":{"type":"LineString","coordinates":[[-99.84105,48.94432],[-99.841,48.94517],[-99.84081,48.94536],[-99.8407,48.94562],[-99.84066,48.94597],[-99.84079,48.94645],[-99.84062,48.94729],[-99.84022,48.94756],[-99.83998,48.94789],[-99.83982,48.94881],[-99.83986,48.94888],[-99.84116,48.94883],[-99.84128,48.94888],[-99.84129,48.94909]]}},{"type":"Feature","properties":{"segmentId":"osm_9762904"},"geometry":{"type":"LineString","coordinates":[[-100.06348,48.82115],[-100.06365,48.82066],[-100.06361,48.82027]]}},{"type":"Feature","properties":{"segmentId":"osm_9762913"},"geometry":{"type":"LineString","coordinates":[[-99.82149,48.93569],[-99.82175,48.9362],[-99.82237,48.93704],[-99.82206,48.93764],[-99.82203,48.93843],[-99.82259,48.93929],[-99.8229,48.94003],[-99.82295,48.94069],[-99.82318,48.94106],[-99.82315,48.94213],[-99.8233,48.9427],[-99.82389,48.94326],[-99.82568,48.94443],[-99.82653,48.94514],[-99.8273,48.94559],[-99.82762,48.94586],[-99.82784,48.94626],[-99.82834,48.94682],[-99.82813,48.94825],[-99.82826,48.9493],[-99.82845,48.94997],[-99.8284,48.95024]]}},{"type":"Feature","properties":{"segmentId":"osm_9762924"},"geometry":{"type":"LineString","coordinates":[[-99.81235,48.94675],[-99.81303,48.9461],[-99.81473,48.94493],[-99.81562,48.9442],[-99.81649,48.94391],[-99.81748,48.9433],[-99.81844,48.94354],[-99.81898,48.944],[-99.81918,48.94515],[-99.81915,48.94646],[-99.81902,48.94674],[-99.81863,48.94709],[-99.81852,48.94729],[-99.81828,48.94746],[-99.8175,48.94777],[-99.81721,48.94799],[-99.81754,48.94867]]}},{"type":"Feature","properties":{"segmentId":"osm_9762952"},"geometry":{"type":"LineString","coordinates":[[-99.80612,48.93651],[-99.80623,48.93666],[-99.80696,48.93716],[-99.80749,48.93733],[-99.8085,48.93748],[-99.80958,48.93736],[-99.81047,48.93738],[-99.81088,48.93732],[-99.8116,48.93708],[-99.81301,48.93632],[-99.81329,48.93623],[-99.81348,48.93592],[-99.81351,48.93568]]}},{"type":"Feature","properties":{"segmentId":"osm_9762955"},"geometry":{"type":"LineString","coordinates":[[-100.06078,48.81606],[-100.06111,48.81606]]}},{"type":"Feature","properties":{"segmentId":"osm_9762957"},"geometry":{"type":"LineString","coordinates":[[-99.67903,48.8681],[-99.68075,48.8683],[-99.68134,48.86847]]}},{"type":"Feature","properties":{"segmentId":"osm_9762967"},"geometry":{"type":"LineString","coordinates":[[-100.06824,48.82026],[-100.06801,48.81906],[-100.06796,48.81654],[-100.06807,48.81526]]}},{"type":"Feature","properties":{"segmentId":"osm_9762999"},"geometry":{"type":"LineString","coordinates":[[-99.81466,48.9943],[-99.81436,48.9947],[-99.81448,48.99481],[-99.81473,48.99475],[-99.81509,48.99448],[-99.81517,48.99438],[-99.81518,48.99403],[-99.81564,48.99378],[-99.81567,48.99352],[-99.81554,48.9925],[-99.81565,48.99197],[-99.81535,48.99164],[-99.81415,48.99122],[-99.81401,48.99103],[-99.81449,48.99036],[-99.81443,48.98945],[-99.81499,48.98865],[-99.81488,48.98808],[-99.81529,48.9876],[-99.81625,48.98699],[-99.81661,48.98656],[-99.81722,48.98633],[-99.81739,48.98605],[-99.81709,48.98474],[-99.81672,48.98392],[-99.81665,48.98337],[-99.81635,48.98284],[-99.81641,48.98222],[-99.8162,48.98197],[-99.81559,48.98157],[-99.81488,48.98071],[-99.81488,48.98055],[-99.81542,48.97931],[-99.81567,48.97915]]}},{"type":"Feature","properties":{"segmentId":"osm_9763006"},"geometry":{"type":"LineString","coordinates":[[-99.82504,48.99243],[-99.82463,48.99274],[-99.82417,48.99284],[-99.82325,48.99271],[-99.82272,48.9928],[-99.82251,48.99278],[-99.82222,48.9926],[-99.822,48.99259],[-99.82128,48.99269],[-99.82054,48.99289],[-99.81991,48.99283],[-99.81801,48.99298],[-99.81757,48.99292],[-99.81753,48.99284],[-99.81669,48.99241],[-99.81594,48.99221],[-99.81565,48.99197]]}},{"type":"Feature","properties":{"segmentId":"osm_9763010"},"geometry":{"type":"LineString","coordinates":[[-99.81081,48.99217],[-99.81076,48.99241],[-99.81083,48.99313],[-99.81073,48.99391],[-99.811,48.99451],[-99.8112,48.99469],[-99.81161,48.99482],[-99.81274,48.99423],[-99.81358,48.99416],[-99.81384,48.99421],[-99.81517,48.99408]]}},{"type":"Feature","properties":{"segmentId":"osm_9763017"},"geometry":{"type":"LineString","coordinates":[[-99.72035,48.98583],[-99.72043,48.98662],[-99.72032,48.98974],[-99.71989,48.99011],[-99.71993,48.99056],[-99.71983,48.9909],[-99.71823,48.99345],[-99.71707,48.99648],[-99.717,48.99674],[-99.71701,48.99784],[-99.71686,48.99802],[-99.71537,48.99912]]}},{"type":"Feature","properties":{"segmentId":"osm_9763056"},"geometry":{"type":"LineString","coordinates":[[-100.04806,48.80913],[-100.04763,48.80992],[-100.04737,48.81146],[-100.04688,48.8127],[-100.04657,48.81298],[-100.04602,48.81387],[-100.04572,48.81455],[-100.04546,48.81583],[-100.04535,48.81716],[-100.04519,48.81733],[-100.04429,48.81781],[-100.04394,48.81807],[-100.04253,48.81934],[-100.04235,48.8196],[-100.04238,48.82026]]}},{"type":"Feature","properties":{"segmentId":"osm_9763061"},"geometry":{"type":"LineString","coordinates":[[-100.03909,48.81119],[-100.03913,48.80757]]}},{"type":"Feature","properties":{"segmentId":"osm_9763071"},"geometry":{"type":"LineString","coordinates":[[-100.04065,48.80579],[-100.04072,48.80669],[-100.04069,48.81118]]}},{"type":"Feature","properties":{"segmentId":"osm_9763087"},"geometry":{"type":"LineString","coordinates":[[-100.03686,48.81774],[-100.03665,48.8163],[-100.03665,48.81545],[-100.03641,48.81503],[-100.03645,48.81406],[-100.03531,48.81299],[-100.03515,48.81116],[-100.03525,48.80696],[-100.0354,48.80576]]}},{"type":"Feature","properties":{"segmentId":"osm_9763095"},"geometry":{"type":"LineString","coordinates":[[-99.76934,48.92835],[-99.77152,48.92823],[-99.77202,48.92812],[-99.77422,48.92804],[-99.77462,48.92808],[-99.7751,48.92837],[-99.77691,48.92845],[-99.77751,48.92842],[-99.77781,48.92849],[-99.7779,48.92862],[-99.7777,48.92993],[-99.77777,48.93014],[-99.77806,48.9305],[-99.77799,48.93183],[-99.77827,48.93208],[-99.77819,48.93258],[-99.7779,48.93294],[-99.77782,48.93365],[-99.77749,48.93395],[-99.77737,48.93416]]}},{"type":"Feature","properties":{"segmentId":"osm_9763104"},"geometry":{"type":"LineString","coordinates":[[-100.03776,48.80295],[-100.03787,48.80287],[-100.03868,48.80286],[-100.04123,48.80316],[-100.04339,48.8033],[-100.04377,48.80359],[-100.0444,48.80389],[-100.04477,48.80417],[-100.04532,48.80431],[-100.04557,48.8045],[-100.0458,48.80494],[-100.0457,48.80547],[-100.04574,48.8058]]}},{"type":"Feature","properties":{"segmentId":"osm_9763112"},"geometry":{"type":"LineString","coordinates":[[-99.77871,48.93541],[-99.77863,48.93524],[-99.77798,48.93455],[-99.77755,48.93423],[-99.77731,48.93413],[-99.77638,48.93399],[-99.77528,48.93399],[-99.77439,48.93416],[-99.77414,48.93437]]}},{"type":"Feature","properties":{"segmentId":"osm_9763120"},"geometry":{"type":"LineString","coordinates":[[-99.76439,48.94927],[-99.76538,48.94934],[-99.76568,48.94931],[-99.76709,48.94951]]}},{"type":"Feature","properties":{"segmentId":"osm_9763123"},"geometry":{"type":"LineString","coordinates":[[-99.82177,48.80684],[-99.82171,48.80586],[-99.82148,48.80552]]}},{"type":"Feature","properties":{"segmentId":"osm_9763126"},"geometry":{"type":"LineString","coordinates":[[-99.78146,48.91646],[-99.78164,48.9168],[-99.78142,48.91684],[-99.78121,48.91651]]}},{"type":"Feature","properties":{"segmentId":"osm_9763129"},"geometry":{"type":"LineString","coordinates":[[-99.76709,48.94864],[-99.7668,48.94871],[-99.76622,48.94938]]}},{"type":"Feature","properties":{"segmentId":"osm_9763143"},"geometry":{"type":"LineString","coordinates":[[-99.75586,48.92094],[-99.75579,48.92194],[-99.75571,48.92214],[-99.75549,48.92229],[-99.75402,48.92264],[-99.75197,48.92274],[-99.75166,48.92286],[-99.75134,48.92317],[-99.75113,48.92325],[-99.75039,48.92332],[-99.74959,48.9233],[-99.74937,48.92339],[-99.74886,48.9239],[-99.74889,48.92418],[-99.74882,48.92429],[-99.74749,48.92552],[-99.747,48.9258],[-99.74651,48.92595],[-99.74626,48.92609],[-99.74625,48.92654],[-99.74692,48.92771],[-99.74686,48.92904],[-99.74703,48.92909],[-99.74795,48.92897],[-99.7493,48.92907],[-99.74966,48.92932],[-99.7501,48.9295]]}},{"type":"Feature","properties":{"segmentId":"osm_9763150"},"geometry":{"type":"LineString","coordinates":[[-99.74685,48.92901],[-99.74675,48.92907],[-99.74673,48.9292],[-99.74676,48.92965],[-99.74763,48.93101]]}},{"type":"Feature","properties":{"segmentId":"osm_9763155"},"geometry":{"type":"LineString","coordinates":[[-99.71125,48.5616],[-99.71283,48.56161]]}},{"type":"Feature","properties":{"segmentId":"osm_9763164"},"geometry":{"type":"LineString","coordinates":[[-99.76127,48.93626],[-99.76157,48.93603],[-99.76166,48.93556]]}},{"type":"Feature","properties":{"segmentId":"osm_9763199","name":"Wilkie Avenue Northeast"},"geometry":{"type":"LineString","coordinates":[[-99.69091,48.87776],[-99.69019,48.87853],[-99.69012,48.87871],[-99.69013,48.88009],[-99.69027,48.88026]]}},{"type":"Feature","properties":{"segmentId":"osm_9763215"},"geometry":{"type":"LineString","coordinates":[[-99.93371,48.81165],[-99.9337,48.81005],[-99.93383,48.80999],[-99.93798,48.80987],[-99.94062,48.80992],[-99.94158,48.80987],[-99.94653,48.80822],[-99.9474,48.80833],[-99.95148,48.80829]]}},{"type":"Feature","properties":{"segmentId":"osm_9763221"},"geometry":{"type":"LineString","coordinates":[[-99.93101,48.79847],[-99.93107,48.79936],[-99.93093,48.79965],[-99.93093,48.8031],[-99.93104,48.80548]]}},{"type":"Feature","properties":{"segmentId":"osm_9763225"},"geometry":{"type":"LineString","coordinates":[[-99.9421,48.79845],[-99.9283,48.79848],[-99.92833,48.79361],[-99.92862,48.79295],[-99.92956,48.79136],[-99.92956,48.79122]]}},{"type":"Feature","properties":{"segmentId":"osm_9763228"},"geometry":{"type":"LineString","coordinates":[[-99.94382,48.79765],[-99.94212,48.79758]]}},{"type":"Feature","properties":{"segmentId":"osm_9763236"},"geometry":{"type":"LineString","coordinates":[[-99.93757,48.79554],[-99.93749,48.79568],[-99.93627,48.79657],[-99.93595,48.79672],[-99.93138,48.79661],[-99.93115,48.79646],[-99.93103,48.79625],[-99.9311,48.79299],[-99.93184,48.79339],[-99.93336,48.79401],[-99.93351,48.79419],[-99.93482,48.79467],[-99.93772,48.79559],[-99.93868,48.79568],[-99.9411,48.79574],[-99.94162,48.79555],[-99.94215,48.79558]]}},{"type":"Feature","properties":{"segmentId":"osm_9763256"},"geometry":{"type":"LineString","coordinates":[[-99.73834,48.93561],[-99.73835,48.93588],[-99.73901,48.93612],[-99.73939,48.93657]]}},{"type":"Feature","properties":{"segmentId":"osm_9763265"},"geometry":{"type":"LineString","coordinates":[[-100.0551,48.96021],[-100.05676,48.96063],[-100.05719,48.96067],[-100.05856,48.96053],[-100.05979,48.96049]]}},{"type":"Feature","properties":{"segmentId":"osm_9763275"},"geometry":{"type":"LineString","coordinates":[[-99.8633,48.93362],[-99.86188,48.93425],[-99.8616,48.93448],[-99.86135,48.93454],[-99.86087,48.93452],[-99.86068,48.93446],[-99.86037,48.93417],[-99.85904,48.9341],[-99.85858,48.93394],[-99.85826,48.93371],[-99.85869,48.93256],[-99.85898,48.93211],[-99.85947,48.9317],[-99.85941,48.93145]]}},{"type":"Feature","properties":{"segmentId":"osm_9763298"},"geometry":{"type":"LineString","coordinates":[[-99.74278,48.93557],[-99.74275,48.93451],[-99.74311,48.93413],[-99.74321,48.93338],[-99.74363,48.93287],[-99.74428,48.93231],[-99.74445,48.93223],[-99.745,48.93214],[-99.74523,48.93162],[-99.74523,48.93111],[-99.74497,48.93054],[-99.74524,48.93013],[-99.74519,48.92963],[-99.74525,48.92945],[-99.74549,48.92923],[-99.7456,48.92836],[-99.74565,48.9283],[-99.74595,48.92828],[-99.74687,48.9283]]}},{"type":"Feature","properties":{"segmentId":"osm_9763300"},"geometry":{"type":"LineString","coordinates":[[-100.04864,48.81937],[-100.04894,48.82027]]}},{"type":"Feature","properties":{"segmentId":"osm_9763304","name":"96th Street Northeast"},"geometry":{"type":"LineString","coordinates":[[-99.93104,48.80548],[-99.93118,48.80574],[-99.94203,48.80573]]}},{"type":"Feature","properties":{"segmentId":"osm_9763322"},"geometry":{"type":"LineString","coordinates":[[-99.94881,48.80557],[-99.94842,48.80546],[-99.94768,48.80497]]}},{"type":"Feature","properties":{"segmentId":"osm_9763338"},"geometry":{"type":"LineString","coordinates":[[-99.79213,48.89212],[-99.7924,48.89295],[-99.79241,48.89351],[-99.79306,48.89418],[-99.7936,48.89493],[-99.79441,48.89576],[-99.79473,48.89668],[-99.79475,48.89708],[-99.79472,48.8972],[-99.79455,48.89732],[-99.79328,48.89794],[-99.79258,48.89804],[-99.79206,48.89798],[-99.79161,48.8981],[-99.78994,48.89941],[-99.78943,48.8999],[-99.78897,48.90002],[-99.78828,48.90049],[-99.78849,48.90602],[-99.78859,48.90691]]}},{"type":"Feature","properties":{"segmentId":"osm_9763349"},"geometry":{"type":"LineString","coordinates":[[-99.86343,48.56469],[-99.86343,48.55947]]}},{"type":"Feature","properties":{"segmentId":"osm_9763351"},"geometry":{"type":"LineString","coordinates":[[-99.86341,48.56106],[-99.86203,48.56102]]}},{"type":"Feature","properties":{"segmentId":"osm_9763359"},"geometry":{"type":"LineString","coordinates":[[-99.88696,48.79514],[-99.88714,48.79494],[-99.8871,48.79368],[-99.88698,48.79335],[-99.8871,48.79124],[-99.88727,48.79112],[-99.88725,48.78502],[-99.88743,48.78475],[-99.88726,48.78386]]}},{"type":"Feature","properties":{"segmentId":"osm_9763392","name":"Lakeview Beach Road"},"geometry":{"type":"LineString","coordinates":[[-99.75269,48.87296],[-99.75237,48.87291],[-99.75214,48.87297],[-99.75151,48.8736],[-99.75108,48.87387],[-99.75075,48.87436],[-99.75031,48.87481],[-99.75036,48.87589],[-99.7507,48.87633],[-99.75073,48.87678],[-99.75058,48.87709],[-99.74978,48.87783],[-99.74932,48.878],[-99.74884,48.87843],[-99.74802,48.87889],[-99.74772,48.87926]]}},{"type":"Feature","properties":{"segmentId":"osm_9763408"},"geometry":{"type":"LineString","coordinates":[[-99.86514,48.80438],[-99.86531,48.80267],[-99.86541,48.80246],[-99.8653,48.8022],[-99.86523,48.80126],[-99.86521,48.79862],[-99.86556,48.79846],[-99.86574,48.79811],[-99.86614,48.79784]]}},{"type":"Feature","properties":{"segmentId":"osm_9763424"},"geometry":{"type":"LineString","coordinates":[[-100.01959,48.95067],[-100.01963,48.95129],[-100.01973,48.9515],[-100.0214,48.95299],[-100.02216,48.95346],[-100.02254,48.95378],[-100.02319,48.95406],[-100.02413,48.95461],[-100.02425,48.95466],[-100.025,48.95468],[-100.02559,48.95459],[-100.02691,48.95471],[-100.02756,48.95464],[-100.02933,48.95303],[-100.02949,48.95273],[-100.0294,48.95243],[-100.02947,48.95185],[-100.02942,48.95089],[-100.02967,48.94969],[-100.03022,48.94877],[-100.03026,48.94836],[-100.03016,48.94796]]}},{"type":"Feature","properties":{"segmentId":"osm_9763428"},"geometry":{"type":"LineString","coordinates":[[-100.02823,48.95401],[-100.02774,48.95382],[-100.0276,48.95362],[-100.02724,48.95347]]}},{"type":"Feature","properties":{"segmentId":"osm_9763431","name":"Labelle Cour Drive"},"geometry":{"type":"LineString","coordinates":[[-99.73908,48.83511],[-99.73913,48.83555],[-99.73937,48.83576],[-99.73957,48.83584],[-99.73989,48.83588],[-99.74061,48.83576],[-99.74212,48.83576]]}},{"type":"Feature","properties":{"segmentId":"osm_9763436"},"geometry":{"type":"LineString","coordinates":[[-99.9869,48.96844],[-99.98665,48.96874],[-99.98665,48.96887],[-99.98683,48.9691],[-99.98676,48.96943],[-99.98702,48.9697],[-99.98706,48.96985],[-99.98708,48.97052],[-99.98691,48.97109],[-99.98677,48.97137],[-99.9865,48.97161],[-99.98641,48.97195]]}},{"type":"Feature","properties":{"segmentId":"osm_9763441"},"geometry":{"type":"LineString","coordinates":[[-99.96102,48.96612],[-99.96235,48.96673],[-99.96395,48.96635],[-99.96446,48.96629]]}},{"type":"Feature","properties":{"segmentId":"osm_9763450"},"geometry":{"type":"LineString","coordinates":[[-99.94546,48.95147],[-99.94642,48.95161],[-99.94796,48.95145],[-99.94855,48.9516],[-99.94881,48.95172],[-99.94934,48.9523],[-99.95019,48.95299],[-99.95048,48.95327],[-99.95051,48.95419],[-99.95019,48.95482],[-99.94974,48.95546]]}},{"type":"Feature","properties":{"segmentId":"osm_9763471","name":"John Norquay Street"},"geometry":{"type":"LineString","coordinates":[[-99.74164,48.84658],[-99.74151,48.84511],[-99.74153,48.84494],[-99.74187,48.84461],[-99.74253,48.84438],[-99.74296,48.84433],[-99.74486,48.84457]]}},{"type":"Feature","properties":{"segmentId":"osm_9763486"},"geometry":{"type":"LineString","coordinates":[[-99.76095,48.9631],[-99.76106,48.96281],[-99.76131,48.96276],[-99.7617,48.9628],[-99.76218,48.96236],[-99.76215,48.96205],[-99.76198,48.96177],[-99.76175,48.9609],[-99.76166,48.9607],[-99.76062,48.95969],[-99.76033,48.95919],[-99.75919,48.95829]]}},{"type":"Feature","properties":{"segmentId":"osm_9763491"},"geometry":{"type":"LineString","coordinates":[[-99.73019,48.9657],[-99.72976,48.96561],[-99.72934,48.96562],[-99.729,48.96573],[-99.7283,48.96609],[-99.7274,48.96633]]}},{"type":"Feature","properties":{"segmentId":"osm_9763502"},"geometry":{"type":"LineString","coordinates":[[-99.73007,48.95135],[-99.73032,48.95205],[-99.73051,48.95237],[-99.73065,48.95246],[-99.73102,48.95258],[-99.73166,48.95264],[-99.73204,48.95276],[-99.73224,48.95275],[-99.7329,48.95251],[-99.73322,48.95279],[-99.73331,48.95302],[-99.73375,48.95332],[-99.73414,48.95397],[-99.73433,48.95399],[-99.73451,48.95413],[-99.73464,48.95462],[-99.73485,48.95489],[-99.73533,48.9568],[-99.73572,48.95753]]}},{"type":"Feature","properties":{"segmentId":"osm_9763510","name":"38th Avenue Northeast"},"geometry":{"type":"LineString","coordinates":[[-99.87632,48.80563],[-99.8764,48.80423],[-99.87635,48.803],[-99.87653,48.80178],[-99.87643,48.8016],[-99.87648,48.80108],[-99.87628,48.79933],[-99.87624,48.79761],[-99.87628,48.78402],[-99.87619,48.78372],[-99.87616,48.78175],[-99.87603,48.7812],[-99.87585,48.77909],[-99.87622,48.7776],[-99.87626,48.77661]]}},{"type":"Feature","properties":{"segmentId":"osm_9763527"},"geometry":{"type":"LineString","coordinates":[[-99.87181,48.7766],[-99.87168,48.77647],[-99.87092,48.77647],[-99.87075,48.77634],[-99.87074,48.7741],[-99.87086,48.77318],[-99.87162,48.77264],[-99.87177,48.77235],[-99.87124,48.77132],[-99.87096,48.77118],[-99.86902,48.77043],[-99.86417,48.76837],[-99.85492,48.7684],[-99.85478,48.76861],[-99.85479,48.76928],[-99.85463,48.76934],[-99.8544,48.76933]]}},{"type":"Feature","properties":{"segmentId":"osm_9763535"},"geometry":{"type":"LineString","coordinates":[[-99.84237,48.78469],[-99.8424,48.78404],[-99.84289,48.78404],[-99.84308,48.78389],[-99.85382,48.78386],[-99.85458,48.7838],[-99.86538,48.78381],[-99.86532,48.78164],[-99.86543,48.7798],[-99.86519,48.77659]]}},{"type":"Feature","properties":{"segmentId":"osm_9763545"},"geometry":{"type":"LineString","coordinates":[[-99.86005,48.78022],[-99.85497,48.78024],[-99.85474,48.78009],[-99.85471,48.77965],[-99.85465,48.77959],[-99.85437,48.77956]]}},{"type":"Feature","properties":{"segmentId":"osm_9763552"},"geometry":{"type":"LineString","coordinates":[[-100.00425,48.84101],[-100.00426,48.84017],[-100.00406,48.83983],[-100.00246,48.83939],[-100.00211,48.83907],[-100.00134,48.83856],[-100.00066,48.83855],[-100.00025,48.83847],[-99.99942,48.83849],[-99.99814,48.83898],[-99.99751,48.83908],[-99.99678,48.83944],[-99.99639,48.83953],[-99.99621,48.83953],[-99.99604,48.83944],[-99.99567,48.83901],[-99.99557,48.83868],[-99.99557,48.83777],[-99.99622,48.83703],[-99.99627,48.83683],[-99.99571,48.836],[-99.99443,48.83482],[-99.99355,48.83483],[-99.99334,48.83498],[-99.99295,48.83553],[-99.99266,48.83566],[-99.99177,48.83561],[-99.99125,48.83567],[-99.991,48.83557],[-99.99043,48.83498],[-99.99,48.83477],[-99.98969,48.83474],[-99.98905,48.83501],[-99.98845,48.83508],[-99.98802,48.83526],[-99.98756,48.83534],[-99.9872,48.83533],[-99.98663,48.83525],[-99.98632,48.83512],[-99.98619,48.83503],[-99.98612,48.83472],[-99.98593,48.83455]]}},{"type":"Feature","properties":{"segmentId":"osm_9763556","name":"Chief Little Shell Street Northeast"},"geometry":{"type":"LineString","coordinates":[[-99.75573,48.83438],[-99.7511,48.83694],[-99.74902,48.838],[-99.74843,48.83814],[-99.74487,48.83814]]}},{"type":"Feature","properties":{"segmentId":"osm_9763558"},"geometry":{"type":"LineString","coordinates":[[-99.95427,48.82964],[-99.95426,48.82982],[-99.95373,48.83075],[-99.95351,48.83137],[-99.95425,48.83278],[-99.95424,48.83292],[-99.95398,48.8331],[-99.9539,48.83324],[-99.9539,48.83358]]}},{"type":"Feature","properties":{"segmentId":"osm_9763561","name":"Sandra Birdsell Avenue"},"geometry":{"type":"LineString","coordinates":[[-99.74725,48.84218],[-99.74688,48.84204],[-99.7467,48.84054],[-99.74649,48.84043],[-99.74614,48.84041],[-99.74604,48.84046],[-99.74609,48.84121],[-99.74623,48.84126],[-99.7468,48.84124]]}},{"type":"Feature","properties":{"segmentId":"osm_9763562"},"geometry":{"type":"LineString","coordinates":[[-99.95424,48.83292],[-99.9544,48.83282],[-99.95453,48.83256],[-99.95449,48.8323],[-99.9542,48.83195],[-99.95366,48.83169]]}},{"type":"Feature","properties":{"segmentId":"osm_9763569"},"geometry":{"type":"LineString","coordinates":[[-99.78585,48.83201],[-99.7849,48.83211],[-99.78433,48.8323]]}},{"type":"Feature","properties":{"segmentId":"osm_9763577"},"geometry":{"type":"LineString","coordinates":[[-99.80257,48.80559],[-99.80227,48.80613],[-99.80241,48.8065],[-99.80243,48.80698],[-99.80191,48.80715],[-99.80134,48.80707],[-99.80092,48.80708],[-99.80044,48.80733],[-99.80007,48.80776],[-99.79963,48.80924],[-99.79957,48.81255],[-99.79953,48.81267],[-99.79918,48.81285],[-99.79892,48.81314]]}},{"type":"Feature","properties":{"segmentId":"osm_9763582"},"geometry":{"type":"LineString","coordinates":[[-99.79958,48.80552],[-99.79965,48.80609],[-99.80015,48.80663],[-99.80025,48.80709],[-99.80044,48.80733]]}},{"type":"Feature","properties":{"segmentId":"osm_9763603"},"geometry":{"type":"LineString","coordinates":[[-99.75531,48.80887],[-99.75417,48.80891],[-99.75399,48.80883],[-99.75365,48.80848],[-99.75275,48.80829],[-99.75131,48.80852],[-99.74921,48.80853]]}},{"type":"Feature","properties":{"segmentId":"osm_9763608"},"geometry":{"type":"LineString","coordinates":[[-100.05668,48.98212],[-100.05711,48.98209],[-100.0578,48.98215],[-100.06273,48.98228],[-100.06433,48.98209],[-100.06501,48.98211]]}},{"type":"Feature","properties":{"segmentId":"osm_9763620"},"geometry":{"type":"LineString","coordinates":[[-100.02271,48.97986],[-100.02311,48.98045],[-100.02506,48.98099],[-100.02523,48.98109],[-100.02563,48.98154],[-100.02576,48.98207],[-100.02616,48.98282],[-100.02635,48.98297],[-100.02679,48.98314],[-100.02737,48.98378],[-100.02759,48.98448],[-100.0277,48.98534],[-100.02726,48.98665],[-100.02692,48.98675],[-100.02662,48.98667],[-100.02618,48.98665]]}},{"type":"Feature","properties":{"segmentId":"osm_9763627"},"geometry":{"type":"LineString","coordinates":[[-99.97401,48.97121],[-99.97334,48.97122],[-99.97272,48.9714],[-99.97243,48.9714],[-99.97181,48.97093],[-99.9717,48.97088],[-99.97123,48.9709],[-99.97092,48.97083],[-99.97029,48.97042]]}},{"type":"Feature","properties":{"segmentId":"osm_9763629"},"geometry":{"type":"LineString","coordinates":[[-99.72291,48.84336],[-99.72124,48.84349],[-99.72094,48.84349],[-99.72071,48.8434]]}},{"type":"Feature","properties":{"segmentId":"osm_9763643"},"geometry":{"type":"LineString","coordinates":[[-99.77331,48.77653],[-99.77339,48.77629],[-99.77329,48.77588]]}},{"type":"Feature","properties":{"segmentId":"osm_9763657"},"geometry":{"type":"LineString","coordinates":[[-99.72922,48.7859],[-99.72872,48.7859],[-99.72825,48.78581],[-99.72761,48.78583],[-99.72695,48.78609],[-99.72645,48.7861],[-99.72307,48.78481],[-99.72303,48.78383],[-99.72291,48.78375],[-99.72209,48.7837],[-99.71705,48.78371],[-99.71641,48.7836],[-99.71607,48.7836]]}},{"type":"Feature","properties":{"segmentId":"osm_9763663"},"geometry":{"type":"LineString","coordinates":[[-99.70203,48.78443],[-99.7026,48.78401],[-99.70266,48.78361],[-99.70257,48.78353],[-99.7024,48.78355],[-99.70205,48.78384],[-99.70185,48.78388]]}},{"type":"Feature","properties":{"segmentId":"osm_9763667"},"geometry":{"type":"LineString","coordinates":[[-99.68713,48.78963],[-99.68715,48.79093]]}},{"type":"Feature","properties":{"segmentId":"osm_9763674"},"geometry":{"type":"LineString","coordinates":[[-99.65819,48.79088],[-99.65811,48.79055],[-99.65788,48.79025],[-99.65718,48.78997],[-99.65713,48.78989]]}},{"type":"Feature","properties":{"segmentId":"osm_9763677"},"geometry":{"type":"LineString","coordinates":[[-99.66211,48.83335],[-99.66209,48.83308],[-99.6619,48.83279],[-99.66169,48.83277],[-99.66129,48.83261],[-99.66107,48.83247],[-99.66103,48.83226],[-99.66123,48.83203],[-99.66139,48.83199],[-99.66244,48.83183],[-99.66274,48.83185]]}},{"type":"Feature","properties":{"segmentId":"osm_9763679"},"geometry":{"type":"LineString","coordinates":[[-99.61178,48.84764],[-99.61216,48.84772],[-99.6137,48.84778]]}},{"type":"Feature","properties":{"segmentId":"osm_9763686"},"geometry":{"type":"LineString","coordinates":[[-99.62006,48.83939],[-99.62056,48.83925],[-99.62104,48.83921],[-99.62139,48.8391],[-99.6215,48.83894],[-99.62077,48.83827],[-99.61988,48.83786]]}},{"type":"Feature","properties":{"segmentId":"osm_9763695"},"geometry":{"type":"LineString","coordinates":[[-100.03816,48.86045],[-100.03837,48.86042],[-100.03876,48.86048],[-100.03906,48.86061],[-100.03949,48.86097],[-100.04013,48.86137],[-100.04074,48.86154],[-100.04124,48.86153],[-100.04149,48.86161],[-100.04163,48.86178],[-100.04175,48.86236],[-100.04123,48.86343],[-100.04109,48.86409],[-100.04112,48.86437],[-100.04136,48.86481],[-100.04251,48.866],[-100.04328,48.86863],[-100.04356,48.86902]]}},{"type":"Feature","properties":{"segmentId":"osm_9763700","name":"Anderson Lane Northeast"},"geometry":{"type":"LineString","coordinates":[[-99.7548,48.83438],[-99.75444,48.83065]]}},{"type":"Feature","properties":{"segmentId":"osm_9763702"},"geometry":{"type":"LineString","coordinates":[[-99.8546,48.95007],[-99.85438,48.9356]]}},{"type":"Feature","properties":{"segmentId":"osm_9763729"},"geometry":{"type":"LineString","coordinates":[[-99.89825,48.79109],[-99.92012,48.79123]]}},{"type":"Feature","properties":{"segmentId":"osm_9763730"},"geometry":{"type":"LineString","coordinates":[[-99.61496,48.73175],[-99.61349,48.7318]]}},{"type":"Feature","properties":{"segmentId":"osm_9763734","name":"92nd Street Northeast"},"geometry":{"type":"LineString","coordinates":[[-99.59157,48.74741],[-99.58066,48.74738],[-99.57776,48.74745],[-99.57737,48.74733],[-99.57713,48.74733],[-99.57577,48.74741],[-99.57187,48.74744],[-99.56965,48.74735]]}},{"type":"Feature","properties":{"segmentId":"osm_9763736"},"geometry":{"type":"LineString","coordinates":[[-99.58971,48.74383],[-99.5891,48.74329],[-99.58921,48.7429],[-99.58877,48.74269]]}},{"type":"Feature","properties":{"segmentId":"osm_9763742"},"geometry":{"type":"LineString","coordinates":[[-99.66452,48.94002],[-99.66518,48.94054],[-99.66575,48.94112],[-99.66786,48.94355],[-99.66794,48.94373],[-99.66794,48.95018]]}},{"type":"Feature","properties":{"segmentId":"osm_9763748"},"geometry":{"type":"LineString","coordinates":[[-99.58056,48.73931],[-99.58055,48.73539],[-99.58038,48.73531],[-99.57838,48.73523],[-99.57818,48.73519],[-99.57811,48.7351],[-99.57805,48.73442],[-99.57901,48.73443],[-99.57911,48.73439],[-99.5792,48.73418],[-99.57929,48.73357],[-99.57913,48.73317],[-99.5788,48.73302],[-99.57879,48.73292]]}},{"type":"Feature","properties":{"segmentId":"osm_9763754","name":"52nd Avenue Northeast"},"geometry":{"type":"LineString","coordinates":[[-99.57551,48.75292],[-99.57119,48.75294],[-99.5709,48.7531],[-99.56964,48.75458],[-99.56962,48.76064]]}},{"type":"Feature","properties":{"segmentId":"osm_9763759"},"geometry":{"type":"LineString","coordinates":[[-99.56438,48.73184],[-99.56395,48.73291]]}},{"type":"Feature","properties":{"segmentId":"osm_9763777"},"geometry":{"type":"LineString","coordinates":[[-99.84189,48.97914],[-99.84182,48.98023],[-99.84197,48.98105],[-99.8419,48.98143],[-99.84179,48.98155],[-99.84142,48.98176],[-99.84101,48.98186],[-99.83919,48.98146],[-99.83895,48.98145]]}},{"type":"Feature","properties":{"segmentId":"osm_9763785"},"geometry":{"type":"LineString","coordinates":[[-99.82723,48.97774],[-99.82724,48.97821],[-99.82623,48.97848],[-99.82559,48.97848],[-99.82472,48.97868],[-99.82402,48.97905],[-99.82356,48.97918],[-99.82312,48.97915],[-99.82244,48.97897],[-99.82209,48.97894],[-99.82109,48.97905],[-99.82027,48.97902],[-99.81948,48.97913],[-99.81697,48.97915],[-99.78518,48.97904],[-99.77735,48.9791],[-99.77666,48.97914],[-99.77642,48.97923],[-99.77584,48.97913],[-99.77486,48.97917],[-99.76684,48.97915]]}},{"type":"Feature","properties":{"segmentId":"osm_9763793"},"geometry":{"type":"LineString","coordinates":[[-100.08335,48.80508],[-100.08339,48.80583]]}},{"type":"Feature","properties":{"segmentId":"osm_9763808","name":"Louis Riel Drive"},"geometry":{"type":"LineString","coordinates":[[-99.7549,48.83985],[-99.75514,48.83959],[-99.75547,48.83948],[-99.75566,48.83928],[-99.75574,48.83558]]}},{"type":"Feature","properties":{"segmentId":"osm_9763851"},"geometry":{"type":"LineString","coordinates":[[-99.72174,48.89131],[-99.72194,48.89068],[-99.72192,48.89048],[-99.72104,48.8902],[-99.72037,48.89011],[-99.7199,48.88995],[-99.71931,48.8897],[-99.71888,48.88936]]}},{"type":"Feature","properties":{"segmentId":"osm_9763854"},"geometry":{"type":"LineString","coordinates":[[-100.10008,48.75505],[-100.09543,48.75501]]}},{"type":"Feature","properties":{"segmentId":"osm_9763858"},"geometry":{"type":"LineString","coordinates":[[-100.00768,48.87793],[-100.00762,48.87864],[-100.00745,48.87907],[-100.00664,48.87952],[-100.00547,48.88098],[-100.00475,48.8813],[-100.00443,48.88154],[-100.00444,48.882],[-100.00422,48.88237],[-100.00321,48.88321],[-100.00281,48.88381],[-100.00222,48.88429],[-100.00191,48.88464],[-100.00146,48.88498],[-100.00071,48.88528]]}},{"type":"Feature","properties":{"segmentId":"osm_9763864"},"geometry":{"type":"LineString","coordinates":[[-100.07061,48.76773],[-100.07288,48.76748],[-100.07366,48.76724],[-100.07545,48.76692],[-100.07609,48.7667],[-100.0785,48.76538],[-100.07885,48.765],[-100.07923,48.76422],[-100.07929,48.76273]]}},{"type":"Feature","properties":{"segmentId":"osm_9763879"},"geometry":{"type":"LineString","coordinates":[[-100.01464,48.76109],[-100.00787,48.7608]]}},{"type":"Feature","properties":{"segmentId":"osm_9763883"},"geometry":{"type":"LineString","coordinates":[[-99.7887,48.7186],[-99.7928,48.71857],[-99.81064,48.71864]]}},{"type":"Feature","properties":{"segmentId":"osm_9763886"},"geometry":{"type":"LineString","coordinates":[[-99.9969,48.76225],[-99.9969,48.75918],[-99.9968,48.75899],[-99.99681,48.75865],[-99.99695,48.75852],[-99.99817,48.75852]]}},{"type":"Feature","properties":{"segmentId":"osm_9763891"},"geometry":{"type":"LineString","coordinates":[[-99.83854,48.65352],[-99.83852,48.65153],[-99.83842,48.65149],[-99.83502,48.65152],[-99.83493,48.65165],[-99.83503,48.65355],[-99.83854,48.65352],[-99.83927,48.65376],[-99.83982,48.65378],[-99.84064,48.65409],[-99.84129,48.65478],[-99.84176,48.655]]}},{"type":"Feature","properties":{"segmentId":"osm_9763893"},"geometry":{"type":"LineString","coordinates":[[-100.00483,48.68756],[-100.00472,48.68794],[-100.00482,48.69]]}},{"type":"Feature","properties":{"segmentId":"osm_9763901"},"geometry":{"type":"LineString","coordinates":[[-99.88892,48.70085],[-99.88766,48.70226],[-99.88738,48.70271]]}},{"type":"Feature","properties":{"segmentId":"osm_9763905"},"geometry":{"type":"LineString","coordinates":[[-99.77376,48.7006],[-99.77342,48.70125],[-99.77322,48.70245],[-99.77299,48.70268],[-99.77274,48.70266]]}},{"type":"Feature","properties":{"segmentId":"osm_9763930"},"geometry":{"type":"LineString","coordinates":[[-99.68521,48.89395],[-99.68575,48.89381],[-99.68656,48.89439],[-99.68676,48.89448],[-99.68718,48.89454],[-99.68735,48.89493],[-99.68644,48.89581],[-99.68594,48.8965],[-99.68565,48.89664],[-99.68483,48.89673],[-99.68378,48.89712]]}},{"type":"Feature","properties":{"segmentId":"osm_9763934"},"geometry":{"type":"LineString","coordinates":[[-99.74719,48.84342],[-99.74768,48.84356]]}},{"type":"Feature","properties":{"segmentId":"osm_9763937"},"geometry":{"type":"LineString","coordinates":[[-99.86307,48.75481],[-99.86295,48.75889],[-99.86301,48.76145],[-99.86292,48.76208]]}},{"type":"Feature","properties":{"segmentId":"osm_9763941","name":"93rd Street Northeast"},"geometry":{"type":"LineString","coordinates":[[-99.84443,48.7621],[-99.8269,48.76207]]}},{"type":"Feature","properties":{"segmentId":"osm_9763950"},"geometry":{"type":"LineString","coordinates":[[-99.81373,48.76908],[-99.81388,48.76959],[-99.81384,48.76987],[-99.81441,48.77055],[-99.81458,48.77117],[-99.81475,48.77232],[-99.81488,48.77649]]}},{"type":"Feature","properties":{"segmentId":"osm_9763953"},"geometry":{"type":"LineString","coordinates":[[-99.78326,48.75898],[-99.78336,48.75956],[-99.78612,48.75925],[-99.78735,48.75869],[-99.78768,48.75863],[-99.78815,48.75861],[-99.78858,48.75867]]}},{"type":"Feature","properties":{"segmentId":"osm_9763955"},"geometry":{"type":"LineString","coordinates":[[-99.76137,48.76547],[-99.76103,48.76575],[-99.76098,48.76632],[-99.76081,48.76658],[-99.76048,48.76675],[-99.75995,48.7669],[-99.75898,48.76749],[-99.75834,48.76777],[-99.75757,48.76862],[-99.75651,48.76944],[-99.75613,48.76998],[-99.75604,48.77032],[-99.75603,48.77651]]}},{"type":"Feature","properties":{"segmentId":"osm_9763958"},"geometry":{"type":"LineString","coordinates":[[-99.85623,48.73308],[-99.857,48.73234],[-99.85728,48.73217],[-99.85911,48.73142],[-99.85975,48.73127],[-99.86016,48.73124],[-99.86102,48.7313],[-99.86145,48.73145]]}},{"type":"Feature","properties":{"segmentId":"osm_9763959"},"geometry":{"type":"LineString","coordinates":[[-99.75619,48.76167],[-99.75589,48.76208]]}},{"type":"Feature","properties":{"segmentId":"osm_9763962"},"geometry":{"type":"LineString","coordinates":[[-99.74649,48.74666],[-99.74685,48.74697],[-99.74707,48.74699],[-99.74722,48.74693],[-99.74731,48.74672],[-99.7472,48.7461],[-99.74704,48.74589]]}},{"type":"Feature","properties":{"segmentId":"osm_9763963"},"geometry":{"type":"LineString","coordinates":[[-100.0626,48.75432],[-100.06191,48.75435],[-100.06124,48.75455],[-100.06106,48.75466]]}},{"type":"Feature","properties":{"segmentId":"osm_9763967"},"geometry":{"type":"LineString","coordinates":[[-100.0625,48.75853],[-100.06248,48.75524],[-100.06263,48.75517],[-100.06253,48.7478]]}},{"type":"Feature","properties":{"segmentId":"osm_9763978","name":"42nd Avenue Northeast"},"geometry":{"type":"LineString","coordinates":[[-99.75446,48.60379],[-99.75421,48.62116],[-99.75429,48.62161],[-99.75437,48.62643],[-99.75417,48.64496],[-99.75494,48.64567],[-99.7545,48.64637],[-99.75414,48.6464]]}},{"type":"Feature","properties":{"segmentId":"osm_9763990"},"geometry":{"type":"LineString","coordinates":[[-99.65723,48.76193],[-99.65743,48.75821],[-99.65741,48.75509]]}},{"type":"Feature","properties":{"segmentId":"osm_9763992"},"geometry":{"type":"LineString","coordinates":[[-99.63312,48.76774],[-99.63541,48.76769]]}},{"type":"Feature","properties":{"segmentId":"osm_9763994"},"geometry":{"type":"LineString","coordinates":[[-99.64929,48.75836],[-99.64634,48.75835],[-99.64632,48.75469],[-99.63539,48.75468]]}},{"type":"Feature","properties":{"segmentId":"osm_9763998"},"geometry":{"type":"LineString","coordinates":[[-99.61482,48.76026],[-99.61351,48.76027]]}},{"type":"Feature","properties":{"segmentId":"osm_9764000"},"geometry":{"type":"LineString","coordinates":[[-99.59912,48.76922],[-99.59906,48.76785],[-99.59923,48.76755],[-99.59923,48.76671],[-99.5992,48.76661],[-99.59851,48.76605],[-99.59867,48.7619]]}},{"type":"Feature","properties":{"segmentId":"osm_9764037"},"geometry":{"type":"LineString","coordinates":[[-99.95536,48.74777],[-99.95539,48.74306],[-99.95526,48.74258],[-99.9554,48.74246]]}},{"type":"Feature","properties":{"segmentId":"osm_9764042"},"geometry":{"type":"LineString","coordinates":[[-99.9564,48.74256],[-99.95647,48.74116],[-99.95619,48.74089],[-99.95585,48.7407],[-99.95577,48.74046],[-99.9558,48.7399]]}},{"type":"Feature","properties":{"segmentId":"osm_9764047"},"geometry":{"type":"LineString","coordinates":[[-99.96004,48.74319],[-99.96001,48.74053]]}},{"type":"Feature","properties":{"segmentId":"osm_9764051"},"geometry":{"type":"LineString","coordinates":[[-99.97967,48.7405],[-99.96964,48.74046],[-99.96733,48.74038],[-99.96399,48.74049]]}},{"type":"Feature","properties":{"segmentId":"osm_9764062"},"geometry":{"type":"LineString","coordinates":[[-99.95638,48.73323],[-99.95615,48.73805],[-99.95593,48.73827],[-99.95564,48.73826]]}},{"type":"Feature","properties":{"segmentId":"osm_9764069"},"geometry":{"type":"LineString","coordinates":[[-99.94211,48.74772],[-99.94205,48.74712],[-99.94212,48.74557],[-99.94201,48.74293],[-99.94192,48.74282]]}},{"type":"Feature","properties":{"segmentId":"osm_9764086"},"geometry":{"type":"LineString","coordinates":[[-99.72598,48.96461],[-99.72682,48.96602],[-99.72697,48.96619],[-99.72776,48.96647],[-99.72809,48.96713],[-99.72839,48.96747],[-99.72954,48.96752],[-99.72971,48.96773],[-99.7294,48.96801],[-99.72918,48.96811],[-99.72846,48.96832],[-99.72752,48.9684],[-99.72702,48.96869],[-99.72686,48.96885],[-99.72686,48.96902],[-99.72713,48.96924],[-99.72723,48.96943],[-99.72719,48.96959],[-99.72703,48.96995],[-99.72677,48.97026],[-99.72649,48.97035]]}},{"type":"Feature","properties":{"segmentId":"osm_9764101"},"geometry":{"type":"LineString","coordinates":[[-99.72793,48.95771],[-99.72716,48.95764],[-99.72688,48.95756],[-99.72478,48.95743],[-99.71605,48.9573],[-99.71551,48.95732],[-99.71482,48.95783],[-99.71453,48.95792],[-99.71399,48.95794],[-99.7139,48.95809]]}},{"type":"Feature","properties":{"segmentId":"osm_9764108"},"geometry":{"type":"LineString","coordinates":[[-100.10464,48.78797],[-100.09545,48.78791]]}},{"type":"Feature","properties":{"segmentId":"osm_9764119"},"geometry":{"type":"LineString","coordinates":[[-100.01837,48.94973],[-100.01882,48.95031],[-100.0207,48.95124],[-100.02171,48.95163],[-100.02297,48.95228],[-100.02393,48.95291],[-100.02433,48.95301],[-100.02528,48.95296],[-100.02541,48.9529]]}},{"type":"Feature","properties":{"segmentId":"osm_9764123"},"geometry":{"type":"LineString","coordinates":[[-100.0893,48.77818],[-100.08905,48.77836],[-100.08884,48.77841],[-100.08872,48.77861],[-100.08846,48.77869],[-100.08839,48.77888],[-100.08828,48.77895],[-100.08688,48.77943],[-100.08597,48.77941],[-100.08318,48.77956],[-100.08208,48.77954],[-100.08102,48.77942],[-100.08067,48.77933]]}},{"type":"Feature","properties":{"segmentId":"osm_9764139"},"geometry":{"type":"LineString","coordinates":[[-99.78586,48.83442],[-99.78587,48.83342],[-99.78577,48.83329],[-99.78463,48.8327],[-99.78394,48.83166],[-99.78255,48.83047],[-99.78307,48.82977],[-99.78317,48.82948],[-99.78324,48.82896],[-99.78313,48.82846],[-99.78237,48.8277],[-99.78151,48.82726],[-99.78135,48.82708],[-99.7811,48.82649],[-99.78072,48.82607]]}},{"type":"Feature","properties":{"segmentId":"osm_9764147"},"geometry":{"type":"LineString","coordinates":[[-99.92037,48.73318],[-99.92014,48.73333],[-99.92008,48.7335],[-99.91958,48.73956],[-99.91969,48.7399],[-99.92008,48.74055],[-99.92014,48.74149]]}},{"type":"Feature","properties":{"segmentId":"osm_9764151"},"geometry":{"type":"LineString","coordinates":[[-99.9292,48.73674],[-99.93021,48.73618],[-99.93037,48.7362],[-99.93078,48.73642]]}},{"type":"Feature","properties":{"segmentId":"osm_9764198"},"geometry":{"type":"LineString","coordinates":[[-99.89825,48.73313],[-99.89948,48.73307],[-99.90295,48.73309],[-99.90365,48.73315],[-99.90932,48.73313],[-99.91719,48.73323],[-99.92104,48.73318]]}},{"type":"Feature","properties":{"segmentId":"osm_9764202","name":"38th Avenue Northeast"},"geometry":{"type":"LineString","coordinates":[[-99.8763,48.74273],[-99.87629,48.73671],[-99.87637,48.73597],[-99.87627,48.73404],[-99.87636,48.72807],[-99.87628,48.72566]]}},{"type":"Feature","properties":{"segmentId":"osm_9764209"},"geometry":{"type":"LineString","coordinates":[[-99.8744,48.74381],[-99.87439,48.74371],[-99.87452,48.74368],[-99.87631,48.74358]]}},{"type":"Feature","properties":{"segmentId":"osm_9764215"},"geometry":{"type":"LineString","coordinates":[[-99.89237,48.73667],[-99.88957,48.73669],[-99.88102,48.73657],[-99.88056,48.73669],[-99.88016,48.73712],[-99.87992,48.73721],[-99.87629,48.73721]]}},{"type":"Feature","properties":{"segmentId":"osm_9764218"},"geometry":{"type":"LineString","coordinates":[[-100.07413,48.99363],[-100.07402,48.98868],[-100.07415,48.98285],[-100.07406,48.9806]]}},{"type":"Feature","properties":{"segmentId":"osm_9764222"},"geometry":{"type":"LineString","coordinates":[[-99.87627,48.7335],[-99.8745,48.73336],[-99.87168,48.73321],[-99.87144,48.73324],[-99.87134,48.73315],[-99.87097,48.73313]]}},{"type":"Feature","properties":{"segmentId":"osm_9764225"},"geometry":{"type":"LineString","coordinates":[[-100.06614,48.98898],[-100.06598,48.98956],[-100.06608,48.98981],[-100.06648,48.9902],[-100.06727,48.99058]]}},{"type":"Feature","properties":{"segmentId":"osm_9764233","name":"94th Street Northeast"},"geometry":{"type":"LineString","coordinates":[[-99.74496,48.77648],[-99.76859,48.77654],[-99.81222,48.77647],[-99.83232,48.77657],[-99.85438,48.77658]]}},{"type":"Feature","properties":{"segmentId":"osm_9764256"},"geometry":{"type":"LineString","coordinates":[[-99.92505,48.93042],[-99.92592,48.93059],[-99.9268,48.93041],[-99.92788,48.93009],[-99.9309,48.92886],[-99.94208,48.92863]]}},{"type":"Feature","properties":{"segmentId":"osm_9764261"},"geometry":{"type":"LineString","coordinates":[[-100.09573,48.71212],[-100.10171,48.71221],[-100.10282,48.71205],[-100.10533,48.71204]]}},{"type":"Feature","properties":{"segmentId":"osm_9764266"},"geometry":{"type":"LineString","coordinates":[[-100.06261,48.72607],[-100.05602,48.72611],[-100.05268,48.72607],[-100.05161,48.72611]]}},{"type":"Feature","properties":{"segmentId":"osm_9764270"},"geometry":{"type":"LineString","coordinates":[[-99.72824,48.93126],[-99.72768,48.93192],[-99.72771,48.93274],[-99.72724,48.93343],[-99.72686,48.93419],[-99.7269,48.93446],[-99.72717,48.93482],[-99.72716,48.93521],[-99.72738,48.93565]]}},{"type":"Feature","properties":{"segmentId":"osm_9764276"},"geometry":{"type":"LineString","coordinates":[[-99.71828,48.93571],[-99.71821,48.93554],[-99.71798,48.93536],[-99.71787,48.9351],[-99.71838,48.93458],[-99.71836,48.93424],[-99.71765,48.93315],[-99.71752,48.93307],[-99.71673,48.9329],[-99.71652,48.93276],[-99.71582,48.93255],[-99.71485,48.93255],[-99.71417,48.93195],[-99.71348,48.9319],[-99.7072,48.93195],[-99.70704,48.93199]]}},{"type":"Feature","properties":{"segmentId":"osm_9764286"},"geometry":{"type":"LineString","coordinates":[[-99.60704,48.84864],[-99.60701,48.84823],[-99.60654,48.84802],[-99.60655,48.84733],[-99.60624,48.84732],[-99.60599,48.84722],[-99.60291,48.8444],[-99.60291,48.84365],[-99.60283,48.84351],[-99.60284,48.83983],[-99.60298,48.83966],[-99.60762,48.83966],[-99.60789,48.8398],[-99.60771,48.848],[-99.60754,48.84815],[-99.60705,48.84831]]}},{"type":"Feature","properties":{"segmentId":"osm_9764287"},"geometry":{"type":"LineString","coordinates":[[-99.70891,48.93858],[-99.70764,48.93885]]}},{"type":"Feature","properties":{"segmentId":"osm_9764290"},"geometry":{"type":"LineString","coordinates":[[-99.82293,48.75304],[-99.82313,48.75187],[-99.82372,48.75058],[-99.82694,48.74762]]}},{"type":"Feature","properties":{"segmentId":"osm_9764294"},"geometry":{"type":"LineString","coordinates":[[-99.82476,48.83256],[-99.82505,48.83192],[-99.82501,48.83115],[-99.82531,48.83079]]}},{"type":"Feature","properties":{"segmentId":"osm_9764306"},"geometry":{"type":"LineString","coordinates":[[-99.7886,48.7558],[-99.7931,48.75573],[-99.79346,48.75552],[-99.79384,48.75496],[-99.79404,48.75486],[-99.79798,48.75487],[-99.79835,48.75485],[-99.79852,48.75477],[-99.79885,48.75432],[-99.79943,48.75326],[-99.79949,48.74782]]}},{"type":"Feature","properties":{"segmentId":"osm_9764320"},"geometry":{"type":"LineString","coordinates":[[-99.81041,48.83445],[-99.81043,48.81021],[-99.81051,48.80987],[-99.81092,48.80918],[-99.81255,48.80586],[-99.81287,48.80565],[-99.81328,48.8055],[-99.84674,48.80554],[-99.84814,48.80557],[-99.84856,48.8057],[-99.84896,48.80611]]}},{"type":"Feature","properties":{"segmentId":"osm_9764334"},"geometry":{"type":"LineString","coordinates":[[-99.76697,48.73131],[-99.76689,48.73147],[-99.76692,48.73171],[-99.76721,48.73181],[-99.76788,48.73183],[-99.768,48.73188],[-99.7681,48.73204],[-99.76781,48.73255],[-99.76706,48.73275],[-99.76679,48.73297],[-99.76682,48.74057],[-99.76668,48.74119],[-99.76686,48.74184]]}},{"type":"Feature","properties":{"segmentId":"osm_9764341"},"geometry":{"type":"LineString","coordinates":[[-100.09564,48.92412],[-100.09158,48.92415],[-100.08971,48.92448],[-100.08462,48.92468],[-100.08335,48.92495],[-100.08264,48.92503],[-100.07445,48.92503],[-100.07398,48.92498],[-100.07372,48.92481]]}},{"type":"Feature","properties":{"segmentId":"osm_9764344"},"geometry":{"type":"LineString","coordinates":[[-99.5696,48.83079],[-99.56956,48.83289],[-99.56967,48.83308],[-99.56961,48.83416]]}},{"type":"Feature","properties":{"segmentId":"osm_9764347","name":"89th Street Northeast"},"geometry":{"type":"LineString","coordinates":[[-99.84181,48.70436],[-99.86369,48.70439],[-99.8844,48.70451],[-99.88662,48.70445]]}},{"type":"Feature","properties":{"segmentId":"osm_9764352"},"geometry":{"type":"LineString","coordinates":[[-99.75984,48.73184],[-99.75986,48.73235],[-99.75971,48.73269],[-99.75927,48.73308]]}},{"type":"Feature","properties":{"segmentId":"osm_9764365"},"geometry":{"type":"LineString","coordinates":[[-100.00849,48.97532],[-100.00989,48.97538],[-100.01049,48.97515],[-100.01137,48.97443],[-100.01191,48.97422],[-100.01353,48.974],[-100.0146,48.97406],[-100.01553,48.97377],[-100.01615,48.97369],[-100.01641,48.97387],[-100.01644,48.97427],[-100.01663,48.97488],[-100.01725,48.97615],[-100.01779,48.97592],[-100.01828,48.97585],[-100.0187,48.97588],[-100.01884,48.97605],[-100.01904,48.97665],[-100.01937,48.97707],[-100.01938,48.979],[-100.0195,48.97918]]}},{"type":"Feature","properties":{"segmentId":"osm_9764370"},"geometry":{"type":"LineString","coordinates":[[-100.02869,48.84845],[-100.02844,48.84789],[-100.02803,48.84732],[-100.02701,48.84692],[-100.02627,48.84685],[-100.02588,48.84651],[-100.02564,48.84604]]}},{"type":"Feature","properties":{"segmentId":"osm_9764376","name":"Bia 8"},"geometry":{"type":"LineString","coordinates":[[-99.8979,48.85039],[-99.89913,48.85029],[-99.90383,48.84922],[-99.90528,48.84904],[-99.94187,48.84922]]}},{"type":"Feature","properties":{"segmentId":"osm_9764379"},"geometry":{"type":"LineString","coordinates":[[-99.98244,48.97066],[-99.98165,48.97084],[-99.98071,48.97089],[-99.9803,48.97087],[-99.97983,48.97076],[-99.9794,48.97093],[-99.97853,48.97104]]}},{"type":"Feature","properties":{"segmentId":"osm_9764384"},"geometry":{"type":"LineString","coordinates":[[-99.99657,48.72559],[-99.99485,48.72599],[-99.99447,48.72595],[-99.98777,48.72592],[-99.98665,48.72553],[-99.98615,48.72525],[-99.98593,48.72524]]}},{"type":"Feature","properties":{"segmentId":"osm_9764387","name":"31st Avenue Northeast"},"geometry":{"type":"LineString","coordinates":[[-99.99388,48.69017],[-99.99393,48.6995],[-99.99381,48.70561],[-99.99384,48.71198],[-99.9936,48.71236],[-99.99369,48.71878]]}},{"type":"Feature","properties":{"segmentId":"osm_9764413"},"geometry":{"type":"LineString","coordinates":[[-99.93866,48.71149],[-99.93036,48.71155],[-99.92727,48.71149],[-99.92521,48.71175],[-99.9187,48.71175],[-99.91487,48.71165],[-99.91177,48.71174],[-99.90133,48.7118],[-99.90048,48.71168],[-99.89946,48.71164],[-99.89753,48.71175],[-99.88668,48.71175],[-99.88309,48.71181],[-99.88016,48.71167],[-99.8666,48.71165],[-99.86643,48.71158],[-99.86641,48.71109],[-99.86623,48.71104],[-99.86573,48.71104],[-99.86471,48.71106],[-99.86357,48.71167]]}},{"type":"Feature","properties":{"segmentId":"osm_9764416"},"geometry":{"type":"LineString","coordinates":[[-99.89271,48.72597],[-99.89824,48.72597]]}},{"type":"Feature","properties":{"segmentId":"osm_9764424"},"geometry":{"type":"LineString","coordinates":[[-100.05486,48.95545],[-100.05458,48.95441],[-100.05462,48.954],[-100.05473,48.95385],[-100.05468,48.9537],[-100.05442,48.95367],[-100.05418,48.95376],[-100.05405,48.95385],[-100.0538,48.95428],[-100.05351,48.95448],[-100.05327,48.95449],[-100.05275,48.95431],[-100.05227,48.95454],[-100.05198,48.95456]]}},{"type":"Feature","properties":{"segmentId":"osm_9764426"},"geometry":{"type":"LineString","coordinates":[[-100.0388,48.96533],[-100.03875,48.96519],[-100.03896,48.96488],[-100.03899,48.96469]]}},{"type":"Feature","properties":{"segmentId":"osm_9764444"},"geometry":{"type":"LineString","coordinates":[[-100.03676,48.96467],[-100.0365,48.96505],[-100.03655,48.96552],[-100.03632,48.96594],[-100.03617,48.966],[-100.0356,48.96583],[-100.03527,48.9654],[-100.03524,48.96511],[-100.03553,48.96469]]}},{"type":"Feature","properties":{"segmentId":"osm_9764453"},"geometry":{"type":"LineString","coordinates":[[-100.02854,48.95373],[-100.02871,48.95385],[-100.02898,48.9545],[-100.03071,48.9549],[-100.03101,48.95544],[-100.03117,48.95555],[-100.03267,48.95595],[-100.03426,48.95621],[-100.03599,48.9567]]}},{"type":"Feature","properties":{"segmentId":"osm_9764459"},"geometry":{"type":"LineString","coordinates":[[-99.6568,48.74551],[-99.65717,48.7453],[-99.65728,48.74033]]}},{"type":"Feature","properties":{"segmentId":"osm_9764463"},"geometry":{"type":"LineString","coordinates":[[-99.65728,48.74033],[-99.65179,48.74036],[-99.65172,48.74041],[-99.65145,48.74231]]}},{"type":"Feature","properties":{"segmentId":"osm_9764481"},"geometry":{"type":"LineString","coordinates":[[-100.05758,48.86349],[-100.06245,48.86352],[-100.06254,48.86348],[-100.06227,48.85995]]}},{"type":"Feature","properties":{"segmentId":"osm_9764483"},"geometry":{"type":"LineString","coordinates":[[-99.65054,48.73178],[-99.65048,48.73298]]}},{"type":"Feature","properties":{"segmentId":"osm_9764486"},"geometry":{"type":"LineString","coordinates":[[-99.66165,48.73111],[-99.66093,48.7311],[-99.66022,48.73117],[-99.65926,48.73135],[-99.65909,48.73146],[-99.65892,48.73183],[-99.65821,48.73184]]}},{"type":"Feature","properties":{"segmentId":"osm_9764488"},"geometry":{"type":"LineString","coordinates":[[-99.63802,48.74369],[-99.63797,48.74267],[-99.63764,48.74229],[-99.63667,48.74251],[-99.63649,48.74265],[-99.63645,48.74282]]}},{"type":"Feature","properties":{"segmentId":"osm_9764503"},"geometry":{"type":"LineString","coordinates":[[-99.89176,48.99894],[-99.89218,48.99774],[-99.89221,48.99728],[-99.88978,48.99651],[-99.88849,48.99632],[-99.88831,48.99534],[-99.88809,48.9948],[-99.88805,48.99429],[-99.88813,48.99368],[-99.88843,48.99341],[-99.89012,48.99219],[-99.89151,48.99166],[-99.89199,48.99134],[-99.89235,48.99095],[-99.8926,48.99045],[-99.89268,48.99007],[-99.89259,48.98861],[-99.89277,48.9884],[-99.89342,48.98808],[-99.89355,48.98795],[-99.89347,48.98756],[-99.8937,48.98687],[-99.89422,48.98631],[-99.89428,48.98556],[-99.89378,48.98514],[-99.89364,48.98494],[-99.89339,48.98408],[-99.89278,48.98369],[-99.8924,48.98303],[-99.89236,48.98166]]}},{"type":"Feature","properties":{"segmentId":"osm_9764527"},"geometry":{"type":"LineString","coordinates":[[-99.84569,48.96889],[-99.84677,48.96892],[-99.84901,48.96827],[-99.84959,48.96832],[-99.85033,48.96823],[-99.85113,48.96832],[-99.85193,48.96879],[-99.85295,48.96912],[-99.85355,48.96922],[-99.85479,48.96899],[-99.8553,48.96881],[-99.85585,48.96878],[-99.85656,48.96848],[-99.85751,48.96851],[-99.85794,48.96864],[-99.85913,48.96968],[-99.85918,48.97003],[-99.85984,48.97046],[-99.86017,48.97078],[-99.86037,48.97111],[-99.86074,48.9714],[-99.86083,48.9716]]}},{"type":"Feature","properties":{"segmentId":"osm_9764532"},"geometry":{"type":"LineString","coordinates":[[-99.86262,48.72044],[-99.86253,48.72052],[-99.86256,48.72063],[-99.86269,48.72062],[-99.86272,48.72054],[-99.86262,48.72044],[-99.86263,48.71862]]}},{"type":"Feature","properties":{"segmentId":"osm_9764542"},"geometry":{"type":"LineString","coordinates":[[-99.85016,48.72606],[-99.85042,48.72594],[-99.84957,48.72523],[-99.85415,48.72327],[-99.8587,48.72251],[-99.85992,48.72228],[-99.86002,48.72221],[-99.86009,48.72202],[-99.86011,48.71904],[-99.86013,48.71892],[-99.86037,48.71872],[-99.86037,48.71862]]}},{"type":"Feature","properties":{"segmentId":"osm_9764552"},"geometry":{"type":"LineString","coordinates":[[-99.83453,48.73083],[-99.83419,48.73053],[-99.83413,48.73013],[-99.83399,48.73001],[-99.83323,48.72963],[-99.83274,48.72948],[-99.8325,48.72948]]}},{"type":"Feature","properties":{"segmentId":"osm_9764562"},"geometry":{"type":"LineString","coordinates":[[-99.83254,48.72302],[-99.83221,48.72301],[-99.83009,48.72243],[-99.826,48.72247],[-99.8259,48.72238],[-99.8259,48.72207],[-99.82611,48.72121]]}},{"type":"Feature","properties":{"segmentId":"osm_9764577"},"geometry":{"type":"LineString","coordinates":[[-99.94825,48.95736],[-99.94261,48.95735],[-99.94244,48.95731]]}},{"type":"Feature","properties":{"segmentId":"osm_9764587"},"geometry":{"type":"LineString","coordinates":[[-100.04445,48.86908],[-100.0443,48.86916],[-100.04356,48.86902],[-100.04342,48.86904],[-100.04166,48.86995],[-100.04139,48.87022]]}},{"type":"Feature","properties":{"segmentId":"osm_9764615"},"geometry":{"type":"LineString","coordinates":[[-100.03566,48.86011],[-100.03551,48.85998],[-100.03497,48.85998],[-100.03473,48.8599],[-100.03409,48.85939],[-100.03372,48.85923],[-100.03351,48.85916],[-100.03272,48.85911],[-100.03229,48.85897],[-100.03212,48.85882],[-100.03199,48.85832],[-100.03152,48.85836],[-100.03077,48.85833],[-100.03033,48.85815],[-100.02965,48.85831]]}},{"type":"Feature","properties":{"segmentId":"osm_9764628"},"geometry":{"type":"LineString","coordinates":[[-99.88318,48.97932],[-99.88331,48.97887],[-99.88382,48.97835],[-99.88452,48.97804],[-99.88523,48.97718],[-99.88651,48.97624],[-99.88682,48.97568],[-99.88694,48.97507],[-99.88716,48.97475],[-99.88725,48.97422],[-99.88717,48.9739],[-99.88726,48.9718],[-99.88754,48.97151],[-99.88877,48.97066],[-99.88992,48.97014],[-99.88972,48.96828],[-99.88993,48.96779],[-99.8912,48.96597],[-99.89179,48.96467],[-99.89158,48.96427],[-99.89153,48.96399],[-99.89176,48.96332],[-99.8919,48.96318]]}},{"type":"Feature","properties":{"segmentId":"osm_9764640"},"geometry":{"type":"LineString","coordinates":[[-99.90024,48.96263],[-99.90067,48.96265],[-99.90098,48.9629],[-99.90209,48.96326],[-99.9029,48.96332],[-99.90386,48.96319],[-99.9045,48.96326],[-99.90506,48.96321],[-99.90576,48.96339],[-99.9064,48.96342],[-99.90737,48.96327],[-99.90828,48.96325],[-99.90934,48.96301],[-99.90926,48.96336],[-99.9093,48.96368]]}},{"type":"Feature","properties":{"segmentId":"osm_9764651"},"geometry":{"type":"LineString","coordinates":[[-100.05895,48.69763],[-100.05916,48.69752],[-100.06381,48.69754],[-100.06901,48.69743]]}},{"type":"Feature","properties":{"segmentId":"osm_9764653"},"geometry":{"type":"LineString","coordinates":[[-100.01531,48.66842],[-100.03724,48.66847]]}},{"type":"Feature","properties":{"segmentId":"osm_9764655"},"geometry":{"type":"LineString","coordinates":[[-99.7055,48.60287],[-99.7055,48.61649],[-99.70542,48.61835],[-99.70548,48.62258],[-99.70535,48.63189]]}},{"type":"Feature","properties":{"segmentId":"osm_9764662"},"geometry":{"type":"LineString","coordinates":[[-99.72185,48.7164],[-99.72182,48.71786],[-99.7216,48.7181],[-99.72163,48.71851]]}},{"type":"Feature","properties":{"segmentId":"osm_9764666"},"geometry":{"type":"LineString","coordinates":[[-99.65726,48.72576],[-99.66751,48.72585],[-99.67926,48.72574]]}},{"type":"Feature","properties":{"segmentId":"osm_9764668"},"geometry":{"type":"LineString","coordinates":[[-99.66819,48.73298],[-99.66822,48.71849]]}},{"type":"Feature","properties":{"segmentId":"osm_9764682"},"geometry":{"type":"LineString","coordinates":[[-99.83632,48.69362],[-99.83628,48.69996],[-99.83662,48.69989],[-99.83712,48.69995],[-99.83809,48.69996],[-99.83872,48.70012],[-99.839,48.70027],[-99.84009,48.70041],[-99.84113,48.70044],[-99.84131,48.70042],[-99.84143,48.70032],[-99.84149,48.69997],[-99.8418,48.69994]]}},{"type":"Feature","properties":{"segmentId":"osm_9764685"},"geometry":{"type":"LineString","coordinates":[[-99.61464,48.72563],[-99.61378,48.7256]]}},{"type":"Feature","properties":{"segmentId":"osm_9764690"},"geometry":{"type":"LineString","coordinates":[[-99.60782,48.71845],[-99.60805,48.71916],[-99.60847,48.71977],[-99.60853,48.7201],[-99.60884,48.72056]]}},{"type":"Feature","properties":{"segmentId":"osm_9764710"},"geometry":{"type":"LineString","coordinates":[[-100.01795,48.85981],[-100.0134,48.85956],[-100.01157,48.85937],[-100.01142,48.85937],[-100.01126,48.85953],[-100.01118,48.85972],[-100.01129,48.86006],[-100.0113,48.86058],[-100.01149,48.86117],[-100.01115,48.86209],[-100.01076,48.86281],[-100.01071,48.86381],[-100.01082,48.86444],[-100.01152,48.86536],[-100.01134,48.86568],[-100.01137,48.86592],[-100.01182,48.86644],[-100.01195,48.8665],[-100.01215,48.86649],[-100.01266,48.86613],[-100.0131,48.86593],[-100.01381,48.86507],[-100.01436,48.86426],[-100.01537,48.86407],[-100.01617,48.86367],[-100.01641,48.86363],[-100.01683,48.8637],[-100.01768,48.86411],[-100.01921,48.86402],[-100.0204,48.86422],[-100.02124,48.86426],[-100.02177,48.86435],[-100.02193,48.86447],[-100.02206,48.8648],[-100.02202,48.86496],[-100.02223,48.86531],[-100.02293,48.8655],[-100.02359,48.86537],[-100.02415,48.86536],[-100.02539,48.8659],[-100.02561,48.8659],[-100.02566,48.86606],[-100.02646,48.86633],[-100.02662,48.86649],[-100.02672,48.86682],[-100.02702,48.86706]]}},{"type":"Feature","properties":{"segmentId":"osm_9764716"},"geometry":{"type":"LineString","coordinates":[[-100.02963,48.85951],[-100.02856,48.85938],[-100.02783,48.85921],[-100.02726,48.85925],[-100.02688,48.85936],[-100.02638,48.85936],[-100.0264,48.85984],[-100.02666,48.86014],[-100.027,48.86028],[-100.02784,48.86],[-100.02827,48.86009],[-100.02962,48.85995]]}},{"type":"Feature","properties":{"segmentId":"osm_9764719"},"geometry":{"type":"LineString","coordinates":[[-99.84087,48.96324],[-99.84089,48.96332],[-99.84077,48.96345],[-99.8409,48.96372],[-99.84086,48.96384],[-99.84076,48.964],[-99.84051,48.96408],[-99.83953,48.9641],[-99.83873,48.96374],[-99.83809,48.9637]]}},{"type":"Feature","properties":{"segmentId":"osm_9764721"},"geometry":{"type":"LineString","coordinates":[[-99.83091,48.96163],[-99.83188,48.96184],[-99.83266,48.96234],[-99.83301,48.96302],[-99.83288,48.9633],[-99.83289,48.96374],[-99.83312,48.96462]]}},{"type":"Feature","properties":{"segmentId":"osm_9764727"},"geometry":{"type":"LineString","coordinates":[[-100.01358,48.8531],[-100.01535,48.85329],[-100.01596,48.85354],[-100.01648,48.85394],[-100.01714,48.85413],[-100.01727,48.85509],[-100.0178,48.85625],[-100.01779,48.85712],[-100.01812,48.85842],[-100.01815,48.85919],[-100.01795,48.85974],[-100.01796,48.86003]]}},{"type":"Feature","properties":{"segmentId":"osm_9764739"},"geometry":{"type":"LineString","coordinates":[[-100.03281,48.70393],[-100.03278,48.70474]]}},{"type":"Feature","properties":{"segmentId":"osm_9764747"},"geometry":{"type":"LineString","coordinates":[[-100.03766,48.69702],[-100.03719,48.69702]]}},{"type":"Feature","properties":{"segmentId":"osm_9764750"},"geometry":{"type":"LineString","coordinates":[[-100.03764,48.69348],[-100.03719,48.69348]]}},{"type":"Feature","properties":{"segmentId":"osm_9764757"},"geometry":{"type":"LineString","coordinates":[[-100.01463,48.85948],[-100.0145,48.85916],[-100.01461,48.85788],[-100.01438,48.85669],[-100.01464,48.85619],[-100.01465,48.85597],[-100.01402,48.85505],[-100.01409,48.85432],[-100.01382,48.85392],[-100.01358,48.8531],[-100.01341,48.85283],[-100.01326,48.85102],[-100.01327,48.85014]]}},{"type":"Feature","properties":{"segmentId":"osm_9764761"},"geometry":{"type":"LineString","coordinates":[[-100.02289,48.69753],[-100.02255,48.69741],[-100.02163,48.69737],[-100.0173,48.69744],[-100.01523,48.69742]]}},{"type":"Feature","properties":{"segmentId":"osm_9764763"},"geometry":{"type":"LineString","coordinates":[[-99.9939,48.69733],[-99.99893,48.69742],[-99.99929,48.69736]]}},{"type":"Feature","properties":{"segmentId":"osm_9764796"},"geometry":{"type":"LineString","coordinates":[[-99.69675,48.8424],[-99.69436,48.84241],[-99.69437,48.84529]]}},{"type":"Feature","properties":{"segmentId":"osm_9764802"},"geometry":{"type":"LineString","coordinates":[[-99.69773,48.84341],[-99.69776,48.84443],[-99.70009,48.84441],[-99.70006,48.84168],[-99.70106,48.84168]]}},{"type":"Feature","properties":{"segmentId":"osm_9764811"},"geometry":{"type":"LineString","coordinates":[[-100.07902,48.74025],[-100.07928,48.74027],[-100.08103,48.74102],[-100.0835,48.74166],[-100.08472,48.74209],[-100.09108,48.74215],[-100.09235,48.74207],[-100.09543,48.74215]]}},{"type":"Feature","properties":{"segmentId":"osm_9764812"},"geometry":{"type":"LineString","coordinates":[[-99.70109,48.84341],[-99.69119,48.84343],[-99.69103,48.84345],[-99.69096,48.84354],[-99.69097,48.84432],[-99.69105,48.8444],[-99.69121,48.84444],[-99.69437,48.84443]]}},{"type":"Feature","properties":{"segmentId":"osm_9764814"},"geometry":{"type":"LineString","coordinates":[[-100.07358,48.74782],[-100.07375,48.74238]]}},{"type":"Feature","properties":{"segmentId":"osm_9764823","name":"91st Street Northeast"},"geometry":{"type":"LineString","coordinates":[[-100.08673,48.73337],[-100.0809,48.73332],[-100.07457,48.7334],[-100.0516,48.73331]]}},{"type":"Feature","properties":{"segmentId":"osm_9764828"},"geometry":{"type":"LineString","coordinates":[[-99.72499,48.84114],[-99.725,48.83781]]}},{"type":"Feature","properties":{"segmentId":"osm_9764832"},"geometry":{"type":"LineString","coordinates":[[-99.84878,48.95372],[-99.84909,48.95368],[-99.8491,48.95248],[-99.84979,48.95247],[-99.85008,48.95254],[-99.85023,48.95249],[-99.85066,48.95177],[-99.85047,48.95114],[-99.85023,48.95107],[-99.84939,48.95106],[-99.84922,48.95094],[-99.84934,48.95065],[-99.84929,48.9504],[-99.84946,48.94974]]}},{"type":"Feature","properties":{"segmentId":"osm_9764835","name":"42nd Avenue Northeast"},"geometry":{"type":"LineString","coordinates":[[-99.75414,48.6464],[-99.75428,48.64664],[-99.75428,48.66271],[-99.75412,48.71684],[-99.75409,48.718],[-99.75383,48.71838]]}},{"type":"Feature","properties":{"segmentId":"osm_9764866"},"geometry":{"type":"LineString","coordinates":[[-99.88655,48.70276],[-99.88779,48.70319],[-99.88795,48.70312],[-99.88788,48.70287],[-99.88738,48.70271],[-99.88644,48.70277]]}},{"type":"Feature","properties":{"segmentId":"osm_9764881"},"geometry":{"type":"LineString","coordinates":[[-99.87701,48.69719],[-99.89089,48.69718],[-99.89101,48.6972],[-99.89111,48.69733],[-99.89117,48.69787],[-99.89918,48.6979]]}},{"type":"Feature","properties":{"segmentId":"osm_9764882"},"geometry":{"type":"LineString","coordinates":[[-99.86011,48.70439],[-99.86007,48.70464],[-99.85973,48.70488]]}},{"type":"Feature","properties":{"segmentId":"osm_9764892"},"geometry":{"type":"LineString","coordinates":[[-99.86371,48.69349],[-99.86536,48.69321],[-99.86539,48.69605],[-99.86553,48.69631],[-99.86574,48.70231],[-99.86604,48.70441]]}},{"type":"Feature","properties":{"segmentId":"osm_9764914"},"geometry":{"type":"LineString","coordinates":[[-99.87104,48.68995],[-99.87127,48.68996],[-99.87132,48.68989],[-99.87106,48.68954],[-99.87107,48.68835],[-99.8714,48.68709],[-99.87163,48.68691],[-99.87227,48.68678]]}},{"type":"Feature","properties":{"segmentId":"osm_9764919"},"geometry":{"type":"LineString","coordinates":[[-99.79263,48.69711],[-99.7929,48.69715],[-99.79316,48.69711],[-99.79779,48.69714],[-99.79828,48.69706],[-99.80005,48.69702],[-99.80056,48.69711],[-99.80147,48.69703],[-99.80243,48.69702],[-99.80267,48.69695],[-99.80384,48.69702],[-99.80424,48.69712],[-99.80748,48.69712]]}},{"type":"Feature","properties":{"segmentId":"osm_9764921"},"geometry":{"type":"LineString","coordinates":[[-99.98707,48.89178],[-99.98675,48.89281],[-99.98623,48.8938],[-99.98595,48.89464],[-99.98601,48.89939]]}},{"type":"Feature","properties":{"segmentId":"osm_9764928"},"geometry":{"type":"LineString","coordinates":[[-99.78702,48.70154],[-99.78706,48.70396],[-99.78697,48.70408],[-99.78713,48.70481],[-99.78713,48.71119],[-99.78754,48.71157]]}},{"type":"Feature","properties":{"segmentId":"osm_9764929"},"geometry":{"type":"LineString","coordinates":[[-99.77933,48.7038],[-99.77932,48.70431]]}},{"type":"Feature","properties":{"segmentId":"osm_9764934"},"geometry":{"type":"LineString","coordinates":[[-99.77611,48.70247],[-99.77592,48.70208],[-99.776,48.70117],[-99.77595,48.70084],[-99.77578,48.7007],[-99.77521,48.70055]]}},{"type":"Feature","properties":{"segmentId":"osm_9764944"},"geometry":{"type":"LineString","coordinates":[[-99.66925,48.85051],[-99.66924,48.85083],[-99.66895,48.85105],[-99.66898,48.85128],[-99.66984,48.85238]]}},{"type":"Feature","properties":{"segmentId":"osm_9764952"},"geometry":{"type":"LineString","coordinates":[[-99.64575,48.65323],[-99.64582,48.65332],[-99.64572,48.65346],[-99.64523,48.65366]]}},{"type":"Feature","properties":{"segmentId":"osm_9764962"},"geometry":{"type":"LineString","coordinates":[[-99.5344,48.66909],[-99.53491,48.66908],[-99.53644,48.66886],[-99.53683,48.66887]]}},{"type":"Feature","properties":{"segmentId":"osm_9764965"},"geometry":{"type":"LineString","coordinates":[[-99.87626,48.81427],[-99.87357,48.8143],[-99.87309,48.81397],[-99.87303,48.8138],[-99.8731,48.81365],[-99.87327,48.81356],[-99.87364,48.81352],[-99.87443,48.8136],[-99.8753,48.81346]]}},{"type":"Feature","properties":{"segmentId":"osm_9764978"},"geometry":{"type":"LineString","coordinates":[[-99.96777,48.94936],[-99.96796,48.94914],[-99.96786,48.94893]]}},{"type":"Feature","properties":{"segmentId":"osm_9764988"},"geometry":{"type":"LineString","coordinates":[[-99.73039,48.84542],[-99.73135,48.8449],[-99.73239,48.84444],[-99.73276,48.84419]]}},{"type":"Feature","properties":{"segmentId":"osm_9764995"},"geometry":{"type":"LineString","coordinates":[[-99.72919,48.70288],[-99.72921,48.70366],[-99.72912,48.70431]]}},{"type":"Feature","properties":{"segmentId":"osm_9765001"},"geometry":{"type":"LineString","coordinates":[[-99.70529,48.70427],[-99.7052,48.70773],[-99.70508,48.7079],[-99.70493,48.70794],[-99.69437,48.708],[-99.69433,48.71853]]}},{"type":"Feature","properties":{"segmentId":"osm_9765002"},"geometry":{"type":"LineString","coordinates":[[-99.69391,48.69396],[-99.69402,48.69382],[-99.69406,48.69296],[-99.69407,48.69008],[-99.69424,48.68982]]}},{"type":"Feature","properties":{"segmentId":"osm_9765020"},"geometry":{"type":"LineString","coordinates":[[-99.65814,48.70773],[-99.65784,48.7077],[-99.65764,48.70792],[-99.65752,48.70794],[-99.65733,48.70777],[-99.65654,48.70749],[-99.65587,48.70736]]}},{"type":"Feature","properties":{"segmentId":"osm_9765044"},"geometry":{"type":"LineString","coordinates":[[-99.63414,48.70432],[-99.63411,48.70159],[-99.63383,48.70103],[-99.63402,48.70058],[-99.63376,48.70023],[-99.63379,48.70014],[-99.63408,48.70007],[-99.63419,48.69998],[-99.63415,48.69884]]}},{"type":"Feature","properties":{"segmentId":"osm_9765084"},"geometry":{"type":"LineString","coordinates":[[-99.65961,48.83374],[-99.65976,48.83433]]}},{"type":"Feature","properties":{"segmentId":"osm_9765093"},"geometry":{"type":"LineString","coordinates":[[-99.91993,48.88741],[-99.91933,48.88738],[-99.91903,48.88722],[-99.91889,48.88696],[-99.91836,48.88683],[-99.91698,48.88694],[-99.91595,48.88691],[-99.91517,48.88723],[-99.9149,48.88723],[-99.91463,48.88732],[-99.91354,48.88786],[-99.9131,48.88841],[-99.91253,48.88887],[-99.91214,48.88909],[-99.91167,48.88919],[-99.91141,48.88942],[-99.91088,48.88964],[-99.91081,48.88978],[-99.91123,48.89017],[-99.91114,48.89055],[-99.91099,48.89072],[-99.9103,48.89092],[-99.90957,48.89207],[-99.90875,48.89221],[-99.90873,48.89243]]}},{"type":"Feature","properties":{"segmentId":"osm_9765111"},"geometry":{"type":"LineString","coordinates":[[-99.66066,48.83178],[-99.6609,48.8325],[-99.66093,48.8332],[-99.66077,48.83335],[-99.66031,48.83346],[-99.66053,48.83371],[-99.66062,48.83433]]}},{"type":"Feature","properties":{"segmentId":"osm_9765117"},"geometry":{"type":"LineString","coordinates":[[-100.09552,48.6831],[-100.10191,48.6831]]}},{"type":"Feature","properties":{"segmentId":"osm_9765123"},"geometry":{"type":"LineString","coordinates":[[-100.09193,48.6738],[-100.09229,48.67534]]}},{"type":"Feature","properties":{"segmentId":"osm_9765125","name":"40th Avenue Northeast"},"geometry":{"type":"LineString","coordinates":[[-99.83254,48.71863],[-99.83255,48.72394],[-99.83246,48.72703],[-99.83254,48.73312],[-99.83252,48.74764]]}},{"type":"Feature","properties":{"segmentId":"osm_9765130"},"geometry":{"type":"LineString","coordinates":[[-100.08731,48.68298],[-100.08512,48.68303],[-100.08485,48.68313],[-100.08359,48.68318],[-100.0821,48.68314],[-100.08142,48.68303],[-100.08088,48.68303]]}},{"type":"Feature","properties":{"segmentId":"osm_9765135"},"geometry":{"type":"LineString","coordinates":[[-100.03351,48.68894],[-100.03575,48.68831],[-100.03656,48.68827],[-100.0369,48.68838],[-100.03755,48.68838],[-100.03844,48.68764],[-100.03878,48.68744]]}},{"type":"Feature","properties":{"segmentId":"osm_9765146"},"geometry":{"type":"LineString","coordinates":[[-99.51899,48.70194],[-99.51889,48.70232],[-99.51893,48.70264],[-99.51834,48.70424]]}},{"type":"Feature","properties":{"segmentId":"osm_9765212"},"geometry":{"type":"LineString","coordinates":[[-99.61882,48.83658],[-99.61988,48.83768],[-99.61988,48.83786],[-99.61966,48.83805],[-99.61945,48.83842],[-99.61863,48.83841],[-99.61773,48.83788],[-99.61753,48.8377],[-99.61758,48.83746],[-99.61784,48.83721],[-99.61875,48.83682],[-99.61898,48.835],[-99.61897,48.83425]]}},{"type":"Feature","properties":{"segmentId":"osm_9765219"},"geometry":{"type":"LineString","coordinates":[[-99.89938,48.6912],[-99.89863,48.69009]]}},{"type":"Feature","properties":{"segmentId":"osm_9765223"},"geometry":{"type":"LineString","coordinates":[[-99.89664,48.68937],[-99.89696,48.68941],[-99.89711,48.68949],[-99.89709,48.69009]]}},{"type":"Feature","properties":{"segmentId":"osm_9765233"},"geometry":{"type":"LineString","coordinates":[[-99.85281,48.6906],[-99.85278,48.68988]]}},{"type":"Feature","properties":{"segmentId":"osm_9765235"},"geometry":{"type":"LineString","coordinates":[[-99.85278,48.68988],[-99.85235,48.68978],[-99.85225,48.6897],[-99.85222,48.68893],[-99.85204,48.68861],[-99.85054,48.68733]]}},{"type":"Feature","properties":{"segmentId":"osm_9765253"},"geometry":{"type":"LineString","coordinates":[[-99.74665,48.83223],[-99.74675,48.83262],[-99.74604,48.83353],[-99.74487,48.83411]]}},{"type":"Feature","properties":{"segmentId":"osm_9765285"},"geometry":{"type":"LineString","coordinates":[[-99.8468,48.83525],[-99.84669,48.83668],[-99.84732,48.83752]]}},{"type":"Feature","properties":{"segmentId":"osm_9765291"},"geometry":{"type":"LineString","coordinates":[[-99.81844,48.67465],[-99.81865,48.67441],[-99.81957,48.67387],[-99.81975,48.67378],[-99.81988,48.67379]]}},{"type":"Feature","properties":{"segmentId":"osm_9765298"},"geometry":{"type":"LineString","coordinates":[[-99.8035,48.68984],[-99.80344,48.68702]]}},{"type":"Feature","properties":{"segmentId":"osm_9765300"},"geometry":{"type":"LineString","coordinates":[[-99.79804,48.68691],[-99.79812,48.68983]]}},{"type":"Feature","properties":{"segmentId":"osm_9765309"},"geometry":{"type":"LineString","coordinates":[[-99.77314,48.6753],[-99.77324,48.67493],[-99.77306,48.67461],[-99.77167,48.67358],[-99.77126,48.67338],[-99.77021,48.67308],[-99.76932,48.67273],[-99.76872,48.67243],[-99.76713,48.67137],[-99.76654,48.67118],[-99.76522,48.67116],[-99.76422,48.67101],[-99.76324,48.67107]]}},{"type":"Feature","properties":{"segmentId":"osm_9765313"},"geometry":{"type":"LineString","coordinates":[[-99.75913,48.68252],[-99.758,48.68245],[-99.75421,48.68243]]}},{"type":"Feature","properties":{"segmentId":"osm_9765314"},"geometry":{"type":"LineString","coordinates":[[-99.73262,48.68736],[-99.73263,48.68984]]}},{"type":"Feature","properties":{"segmentId":"osm_9765321"},"geometry":{"type":"LineString","coordinates":[[-99.72052,48.84805],[-99.72061,48.8476],[-99.72055,48.84736],[-99.72021,48.84681],[-99.71971,48.8463],[-99.71958,48.84596],[-99.71965,48.84532],[-99.71987,48.84481],[-99.71972,48.84426],[-99.71939,48.84378],[-99.71928,48.84342],[-99.71965,48.84269]]}},{"type":"Feature","properties":{"segmentId":"osm_9765352"},"geometry":{"type":"LineString","coordinates":[[-99.79921,48.81867],[-99.79932,48.81878],[-99.79941,48.8199]]}},{"type":"Feature","properties":{"segmentId":"osm_9765374"},"geometry":{"type":"LineString","coordinates":[[-99.94457,48.95009],[-99.94462,48.9495],[-99.94495,48.94909],[-99.94494,48.94872],[-99.9448,48.94823],[-99.94454,48.94808],[-99.9444,48.94783],[-99.94453,48.9478],[-99.94467,48.94787],[-99.9448,48.94823]]}},{"type":"Feature","properties":{"segmentId":"osm_9765381"},"geometry":{"type":"LineString","coordinates":[[-99.96047,48.66195],[-99.96267,48.66219],[-99.96906,48.66312],[-99.97187,48.66342],[-99.97663,48.66421],[-99.97678,48.66433],[-99.97676,48.66448],[-99.97703,48.66459]]}},{"type":"Feature","properties":{"segmentId":"osm_9765387"},"geometry":{"type":"LineString","coordinates":[[-99.94994,48.66108],[-99.94636,48.66114],[-99.93927,48.66107],[-99.93884,48.6613],[-99.93616,48.66123],[-99.93601,48.66125],[-99.93597,48.66132],[-99.93598,48.66184]]}},{"type":"Feature","properties":{"segmentId":"osm_9765389"},"geometry":{"type":"LineString","coordinates":[[-99.55287,48.69094],[-99.55286,48.68979]]}},{"type":"Feature","properties":{"segmentId":"osm_9765414"},"geometry":{"type":"LineString","coordinates":[[-99.79925,48.95304],[-99.79875,48.95345],[-99.79834,48.95354],[-99.79827,48.95374],[-99.79752,48.95378],[-99.7973,48.95392],[-99.79702,48.9545],[-99.79674,48.95466]]}},{"type":"Feature","properties":{"segmentId":"osm_9765436"},"geometry":{"type":"LineString","coordinates":[[-100.07297,48.84548],[-100.08219,48.84545]]}},{"type":"Feature","properties":{"segmentId":"osm_9765438"},"geometry":{"type":"LineString","coordinates":[[-99.72292,48.84153],[-99.72406,48.84153],[-99.72416,48.84146],[-99.72416,48.84123],[-99.72428,48.84114],[-99.72661,48.84115]]}},{"type":"Feature","properties":{"segmentId":"osm_9765442"},"geometry":{"type":"LineString","coordinates":[[-99.8627,48.65699],[-99.86364,48.65699]]}},{"type":"Feature","properties":{"segmentId":"osm_9765446"},"geometry":{"type":"LineString","coordinates":[[-99.8682,48.65486],[-99.86781,48.6544],[-99.86738,48.65418],[-99.86705,48.65409],[-99.86652,48.65407],[-99.86622,48.6539],[-99.86565,48.65373],[-99.86405,48.65373],[-99.86364,48.65367]]}},{"type":"Feature","properties":{"segmentId":"osm_9765520","name":"91st Street Northeast"},"geometry":{"type":"LineString","coordinates":[[-99.93112,48.7332],[-100.0516,48.73331]]}},{"type":"Feature","properties":{"segmentId":"osm_9765535"},"geometry":{"type":"LineString","coordinates":[[-100.0515,48.838],[-100.05336,48.83785],[-100.05412,48.83789],[-100.05531,48.83804],[-100.05598,48.83834]]}},{"type":"Feature","properties":{"segmentId":"osm_9765548"},"geometry":{"type":"LineString","coordinates":[[-99.61359,48.86761],[-99.61249,48.8676],[-99.61179,48.8675]]}},{"type":"Feature","properties":{"segmentId":"osm_9765590"},"geometry":{"type":"LineString","coordinates":[[-99.83249,48.6101],[-99.83998,48.61013],[-99.84169,48.61026]]}},{"type":"Feature","properties":{"segmentId":"osm_9765620"},"geometry":{"type":"LineString","coordinates":[[-99.87634,48.82975],[-99.87622,48.83108],[-99.8762,48.83483],[-99.87627,48.83521],[-99.87612,48.83614],[-99.87582,48.83677],[-99.8758,48.83699],[-99.87634,48.8387],[-99.87613,48.84226],[-99.87641,48.84272],[-99.87646,48.84296],[-99.87601,48.84409],[-99.8757,48.84448],[-99.87564,48.84486],[-99.87612,48.84535],[-99.87603,48.84638],[-99.87627,48.84732],[-99.87699,48.84762],[-99.87793,48.84772],[-99.87971,48.84809]]}},{"type":"Feature","properties":{"segmentId":"osm_9765626"},"geometry":{"type":"LineString","coordinates":[[-99.8712,48.83505],[-99.87122,48.83455]]}},{"type":"Feature","properties":{"segmentId":"osm_9765653"},"geometry":{"type":"LineString","coordinates":[[-99.964,48.71869],[-99.96389,48.72165],[-99.96398,48.72259],[-99.96396,48.72947]]}},{"type":"Feature","properties":{"segmentId":"osm_9765664"},"geometry":{"type":"LineString","coordinates":[[-99.6245,48.86767],[-99.62448,48.8658],[-99.6244,48.86551],[-99.62448,48.86536],[-99.62491,48.86514]]}},{"type":"Feature","properties":{"segmentId":"osm_9765666"},"geometry":{"type":"LineString","coordinates":[[-99.81228,48.66809],[-99.8129,48.66799],[-99.81401,48.66796],[-99.81769,48.66806],[-99.81869,48.66801],[-99.81917,48.66815],[-99.81987,48.66814]]}},{"type":"Feature","properties":{"segmentId":"osm_9765672"},"geometry":{"type":"LineString","coordinates":[[-99.82721,48.66633],[-99.82717,48.66795],[-99.82691,48.66811],[-99.82648,48.66815],[-99.8263,48.66831],[-99.82631,48.6701],[-99.82618,48.67151],[-99.82629,48.67224],[-99.8263,48.67538]]}},{"type":"Feature","properties":{"segmentId":"osm_9765687"},"geometry":{"type":"LineString","coordinates":[[-99.88078,48.89676],[-99.88066,48.89706],[-99.88075,48.89744],[-99.88043,48.89778],[-99.87987,48.898],[-99.87914,48.89804],[-99.87861,48.89834],[-99.87838,48.89837],[-99.87763,48.89828],[-99.87702,48.89831],[-99.87644,48.89852],[-99.87597,48.89877],[-99.8759,48.89913],[-99.87551,48.89934],[-99.87547,48.89943],[-99.87567,48.89988],[-99.87567,48.90007],[-99.87556,48.90045],[-99.87516,48.90088],[-99.87524,48.90096],[-99.8755,48.90097],[-99.87598,48.90123],[-99.87597,48.90608]]}},{"type":"Feature","properties":{"segmentId":"osm_9765697"},"geometry":{"type":"LineString","coordinates":[[-99.76185,48.91373],[-99.76194,48.9135],[-99.76207,48.91349],[-99.76211,48.91283],[-99.76225,48.91245],[-99.76268,48.91222],[-99.76302,48.91193],[-99.76365,48.91111],[-99.76425,48.91052],[-99.76533,48.90978],[-99.76556,48.90913],[-99.76537,48.90781],[-99.76593,48.90699],[-99.76617,48.90646],[-99.76637,48.90567],[-99.76636,48.90553],[-99.7661,48.90514],[-99.76575,48.9048],[-99.76565,48.90455],[-99.76589,48.90362],[-99.7656,48.90315],[-99.76553,48.9022],[-99.76652,48.90065],[-99.7662,48.90008],[-99.76626,48.89985],[-99.76666,48.89946],[-99.76656,48.89688]]}},{"type":"Feature","properties":{"segmentId":"osm_9765701"},"geometry":{"type":"LineString","coordinates":[[-99.76563,48.84948],[-99.76565,48.84927],[-99.76582,48.849],[-99.76581,48.84883]]}},{"type":"Feature","properties":{"segmentId":"osm_9765718"},"geometry":{"type":"LineString","coordinates":[[-99.95014,48.8218],[-99.95015,48.82159],[-99.95086,48.82139],[-99.95084,48.82024]]}},{"type":"Feature","properties":{"segmentId":"osm_9765739"},"geometry":{"type":"LineString","coordinates":[[-99.61429,48.62822],[-99.61407,48.6248],[-99.61332,48.62459],[-99.61319,48.62447],[-99.61312,48.62415],[-99.61307,48.62241],[-99.61346,48.62203],[-99.61345,48.62183],[-99.61313,48.62162],[-99.61315,48.61836],[-99.61323,48.61736]]}},{"type":"Feature","properties":{"segmentId":"osm_9765746"},"geometry":{"type":"LineString","coordinates":[[-99.78856,48.77648],[-99.78847,48.80549]]}},{"type":"Feature","properties":{"segmentId":"osm_9765752"},"geometry":{"type":"LineString","coordinates":[[-99.52587,48.62371],[-99.52581,48.62286],[-99.52562,48.62262],[-99.52564,48.62237],[-99.52576,48.62216],[-99.52573,48.61961],[-99.52585,48.61727]]}},{"type":"Feature","properties":{"segmentId":"osm_9765772"},"geometry":{"type":"LineString","coordinates":[[-100.06594,48.84187],[-100.06676,48.84151],[-100.06725,48.8414],[-100.0675,48.84148],[-100.06778,48.8418]]}},{"type":"Feature","properties":{"segmentId":"osm_9765779"},"geometry":{"type":"LineString","coordinates":[[-99.72157,48.67165],[-99.72161,48.66397],[-99.72146,48.66362],[-99.72091,48.66327],[-99.72085,48.66316],[-99.72097,48.66291],[-99.72142,48.66261],[-99.72159,48.66241],[-99.72159,48.66145],[-99.72178,48.66113],[-99.72173,48.66086]]}},{"type":"Feature","properties":{"segmentId":"osm_9765782"},"geometry":{"type":"LineString","coordinates":[[-100.06759,48.84207],[-100.06784,48.84174],[-100.06839,48.84141],[-100.0686,48.84119],[-100.0688,48.83971],[-100.06904,48.83959],[-100.06952,48.83949],[-100.07018,48.83893]]}},{"type":"Feature","properties":{"segmentId":"osm_9765790"},"geometry":{"type":"LineString","coordinates":[[-99.71109,48.65204],[-99.71106,48.6525],[-99.71092,48.6529],[-99.71084,48.6558],[-99.71073,48.65594]]}},{"type":"Feature","properties":{"segmentId":"osm_9765796"},"geometry":{"type":"LineString","coordinates":[[-99.65642,48.61741],[-99.65654,48.61768],[-99.65674,48.6221],[-99.6568,48.62232],[-99.65693,48.62243]]}},{"type":"Feature","properties":{"segmentId":"osm_9765809"},"geometry":{"type":"LineString","coordinates":[[-99.74864,48.70434],[-99.74835,48.70583],[-99.74783,48.70646],[-99.74784,48.70701],[-99.74797,48.70709],[-99.74919,48.70694],[-99.74902,48.70655],[-99.74854,48.70618],[-99.74835,48.70583]]}},{"type":"Feature","properties":{"segmentId":"osm_9765828"},"geometry":{"type":"LineString","coordinates":[[-99.8211,48.81284],[-99.82128,48.81274],[-99.82133,48.81252],[-99.82131,48.81087],[-99.81786,48.81092],[-99.8179,48.80864],[-99.81797,48.80857],[-99.8213,48.8086],[-99.82131,48.81087]]}},{"type":"Feature","properties":{"segmentId":"osm_9765845"},"geometry":{"type":"LineString","coordinates":[[-100.07186,48.84407],[-100.07074,48.84321],[-100.06954,48.84261],[-100.06785,48.84211],[-100.06594,48.84187]]}},{"type":"Feature","properties":{"segmentId":"osm_9765864","name":"34th Avenue Northeast"},"geometry":{"type":"LineString","coordinates":[[-99.9285,48.64112],[-99.92896,48.64161],[-99.92888,48.6418],[-99.92862,48.64204],[-99.92851,48.64231],[-99.92852,48.64277],[-99.9287,48.64346],[-99.92842,48.64392],[-99.92831,48.64668],[-99.92832,48.66067],[-99.92838,48.66084],[-99.92863,48.661],[-99.92956,48.66121],[-99.92967,48.66131],[-99.92957,48.66174]]}},{"type":"Feature","properties":{"segmentId":"osm_9765870"},"geometry":{"type":"LineString","coordinates":[[-99.88459,48.63195],[-99.89468,48.63197]]}},{"type":"Feature","properties":{"segmentId":"osm_9765882"},"geometry":{"type":"LineString","coordinates":[[-99.8706,48.64025],[-99.86951,48.63999],[-99.86738,48.63924],[-99.86463,48.63923],[-99.86361,48.63913]]}},{"type":"Feature","properties":{"segmentId":"osm_9765891"},"geometry":{"type":"LineString","coordinates":[[-99.86924,48.85759],[-99.87193,48.85963],[-99.87208,48.85987],[-99.8721,48.86001],[-99.87105,48.86211]]}},{"type":"Feature","properties":{"segmentId":"osm_9765917"},"geometry":{"type":"LineString","coordinates":[[-100.06587,48.84622],[-100.06484,48.8462],[-100.06432,48.84628],[-100.06344,48.84612],[-100.06308,48.84614],[-100.06273,48.84655],[-100.06227,48.84686],[-100.06232,48.84792],[-100.06226,48.84896]]}},{"type":"Feature","properties":{"segmentId":"osm_9765923"},"geometry":{"type":"LineString","coordinates":[[-99.79933,48.83827],[-99.80163,48.83821],[-99.80183,48.83815],[-99.80158,48.83733],[-99.80155,48.83659],[-99.80132,48.83542]]}},{"type":"Feature","properties":{"segmentId":"osm_9765934"},"geometry":{"type":"LineString","coordinates":[[-99.8164,48.90991],[-99.81653,48.91011],[-99.81562,48.91045],[-99.81515,48.91056],[-99.8137,48.9105],[-99.81349,48.90975],[-99.81266,48.90883],[-99.81258,48.90845],[-99.81361,48.90842],[-99.81435,48.9087],[-99.81477,48.90893],[-99.81553,48.90905],[-99.81626,48.90965],[-99.8164,48.90991]]}},{"type":"Feature","properties":{"segmentId":"osm_9765938"},"geometry":{"type":"LineString","coordinates":[[-99.95779,48.93914],[-99.95635,48.93905],[-99.95154,48.9391],[-99.95097,48.93923],[-99.94941,48.93935],[-99.949,48.93949],[-99.94864,48.9395],[-99.94743,48.9398],[-99.94612,48.94068],[-99.94594,48.94073]]}},{"type":"Feature","properties":{"segmentId":"osm_9765946"},"geometry":{"type":"LineString","coordinates":[[-99.75783,48.93216],[-99.75855,48.93162],[-99.75944,48.93108]]}},{"type":"Feature","properties":{"segmentId":"osm_9765955"},"geometry":{"type":"LineString","coordinates":[[-99.783,48.9703],[-99.78374,48.97049],[-99.78435,48.97084],[-99.78503,48.97112],[-99.78546,48.97122],[-99.78562,48.9712],[-99.78612,48.97088],[-99.78673,48.96914],[-99.78667,48.96886],[-99.78624,48.96786],[-99.78604,48.96766],[-99.78579,48.96762],[-99.78407,48.96769],[-99.78356,48.96763],[-99.78332,48.96752],[-99.78303,48.96714],[-99.78278,48.96633],[-99.78175,48.96578],[-99.78136,48.96536],[-99.78118,48.96528]]}},{"type":"Feature","properties":{"segmentId":"osm_9765966"},"geometry":{"type":"LineString","coordinates":[[-99.73992,48.96457],[-99.73988,48.96434],[-99.739,48.96278],[-99.73894,48.96222],[-99.73878,48.96189],[-99.73845,48.96152],[-99.73831,48.96149],[-99.73786,48.96155],[-99.7374,48.96113],[-99.73695,48.96096],[-99.73667,48.9606],[-99.73644,48.95982],[-99.73606,48.95963],[-99.73553,48.95952],[-99.73518,48.95938],[-99.73526,48.95921],[-99.73537,48.95918]]}},{"type":"Feature","properties":{"segmentId":"osm_9765984"},"geometry":{"type":"LineString","coordinates":[[-99.82181,48.98978],[-99.82183,48.98855],[-99.82227,48.98849],[-99.82306,48.98852],[-99.82452,48.98834],[-99.82635,48.98727],[-99.82729,48.98682],[-99.82789,48.98662],[-99.82822,48.98626],[-99.82927,48.98557],[-99.82933,48.98535],[-99.82925,48.9845],[-99.83049,48.98273],[-99.83042,48.98152],[-99.83027,48.98093],[-99.83002,48.98038]]}},{"type":"Feature","properties":{"segmentId":"osm_9765997"},"geometry":{"type":"LineString","coordinates":[[-99.80322,48.63849],[-99.79799,48.63853]]}},{"type":"Feature","properties":{"segmentId":"osm_9766003"},"geometry":{"type":"LineString","coordinates":[[-100.03832,48.80621],[-100.04069,48.80622]]}},{"type":"Feature","properties":{"segmentId":"osm_9766011","name":"80th Street Northeast"},"geometry":{"type":"LineString","coordinates":[[-99.66718,48.57391],[-99.6901,48.57391]]}},{"type":"Feature","properties":{"segmentId":"osm_9766032"},"geometry":{"type":"LineString","coordinates":[[-99.97221,48.66115],[-99.97202,48.66126],[-99.972,48.6632],[-99.97198,48.66337],[-99.97187,48.66342]]}},{"type":"Feature","properties":{"segmentId":"osm_9766041"},"geometry":{"type":"LineString","coordinates":[[-99.71878,48.88929],[-99.71888,48.88936],[-99.71983,48.8888],[-99.71975,48.88858],[-99.71875,48.88771],[-99.71824,48.88764],[-99.7179,48.88769],[-99.71806,48.88805],[-99.71794,48.88835],[-99.71803,48.8886],[-99.71878,48.88929]]}},{"type":"Feature","properties":{"segmentId":"osm_9766062"},"geometry":{"type":"LineString","coordinates":[[-100.00192,48.82843],[-100.00206,48.8287],[-100.00224,48.82886],[-100.00221,48.82913],[-100.00179,48.82993],[-100.00077,48.83115],[-100.00057,48.83184],[-99.99919,48.83282],[-99.99877,48.83297],[-99.99806,48.83337],[-99.99742,48.83403],[-99.99688,48.83437],[-99.99532,48.8339],[-99.99493,48.83352],[-99.99448,48.83286],[-99.99426,48.83231],[-99.99393,48.83214],[-99.99349,48.83206],[-99.99352,48.83184],[-99.99381,48.83132],[-99.99393,48.83076],[-99.99371,48.83056],[-99.99325,48.82948]]}},{"type":"Feature","properties":{"segmentId":"osm_9766066"},"geometry":{"type":"LineString","coordinates":[[-99.76674,48.87598],[-99.76659,48.87569],[-99.7666,48.87518],[-99.76642,48.87503],[-99.76639,48.87484],[-99.76673,48.87455],[-99.7669,48.87458],[-99.76689,48.87464],[-99.7666,48.87518]]}},{"type":"Feature","properties":{"segmentId":"osm_9766109"},"geometry":{"type":"LineString","coordinates":[[-99.60238,48.65215],[-99.60185,48.65162],[-99.59971,48.65041],[-99.59843,48.64978],[-99.59731,48.64911]]}},{"type":"Feature","properties":{"segmentId":"osm_9766124"},"geometry":{"type":"LineString","coordinates":[[-99.58624,48.63912],[-99.59109,48.63907],[-99.59131,48.63896],[-99.59139,48.63872],[-99.59133,48.63775],[-99.59141,48.63644],[-99.59135,48.63286]]}},{"type":"Feature","properties":{"segmentId":"osm_9766137"},"geometry":{"type":"LineString","coordinates":[[-99.79103,48.9072],[-99.79051,48.9071],[-99.78846,48.9069],[-99.78764,48.9066],[-99.78705,48.90622],[-99.78661,48.90614],[-99.78602,48.90652],[-99.78527,48.9066],[-99.78313,48.90724],[-99.78294,48.90883],[-99.78269,48.90918],[-99.78289,48.90963],[-99.78293,48.91013],[-99.78358,48.91101],[-99.78361,48.91134],[-99.78378,48.91166],[-99.78367,48.91201],[-99.7833,48.91229],[-99.7832,48.91249],[-99.78316,48.91271],[-99.78334,48.9136]]}},{"type":"Feature","properties":{"segmentId":"osm_9766151"},"geometry":{"type":"LineString","coordinates":[[-99.76812,48.8481],[-99.76669,48.84811]]}},{"type":"Feature","properties":{"segmentId":"osm_9766163"},"geometry":{"type":"LineString","coordinates":[[-99.62142,48.856],[-99.62179,48.85636]]}},{"type":"Feature","properties":{"segmentId":"osm_9766164"},"geometry":{"type":"LineString","coordinates":[[-99.76776,48.84662],[-99.7667,48.84663]]}},{"type":"Feature","properties":{"segmentId":"osm_9766171"},"geometry":{"type":"LineString","coordinates":[[-100.05598,48.83834],[-100.05562,48.83869],[-100.05488,48.83903],[-100.05514,48.8394],[-100.05514,48.83976],[-100.05491,48.84016],[-100.05459,48.84047],[-100.05445,48.84055],[-100.05389,48.84051],[-100.05359,48.84061],[-100.05349,48.84071],[-100.05344,48.84098],[-100.05355,48.84135],[-100.05346,48.84187]]}},{"type":"Feature","properties":{"segmentId":"osm_9766182"},"geometry":{"type":"LineString","coordinates":[[-99.96276,48.83328],[-99.96475,48.83295],[-99.968,48.83259],[-99.96856,48.83259],[-99.9695,48.83287],[-99.97053,48.83288],[-99.97092,48.83276],[-99.9713,48.83275],[-99.97521,48.83302],[-99.97657,48.83332],[-99.97734,48.83356],[-99.97798,48.83352],[-99.97835,48.83356],[-99.97877,48.83375],[-99.97902,48.83404],[-99.97952,48.83411]]}},{"type":"Feature","properties":{"segmentId":"osm_9766193"},"geometry":{"type":"LineString","coordinates":[[-99.95817,48.84842],[-99.95792,48.84924]]}},{"type":"Feature","properties":{"segmentId":"osm_9766199"},"geometry":{"type":"LineString","coordinates":[[-99.95923,48.84812],[-99.9597,48.84814],[-99.96021,48.84793],[-99.96112,48.84782],[-99.96124,48.84793],[-99.96133,48.84822],[-99.96125,48.84848]]}},{"type":"Feature","properties":{"segmentId":"osm_9766203"},"geometry":{"type":"LineString","coordinates":[[-99.96112,48.84782],[-99.96107,48.84751],[-99.96113,48.84742],[-99.96164,48.84714],[-99.96197,48.84708]]}},{"type":"Feature","properties":{"segmentId":"osm_9766210"},"geometry":{"type":"LineString","coordinates":[[-99.75399,48.91435],[-99.75406,48.91354]]}},{"type":"Feature","properties":{"segmentId":"osm_9766220"},"geometry":{"type":"LineString","coordinates":[[-99.72193,48.57388],[-99.7219,48.56667],[-99.72176,48.56659],[-99.71846,48.56661],[-99.71735,48.5661]]}},{"type":"Feature","properties":{"segmentId":"osm_9766223","name":"82nd Street Northeast"},"geometry":{"type":"LineString","coordinates":[[-99.84167,48.60292],[-99.85074,48.60292],[-99.85094,48.60277],[-99.85097,48.60159],[-99.85125,48.60144],[-99.85186,48.60146],[-99.85196,48.60157],[-99.85185,48.60161],[-99.85163,48.60145]]}},{"type":"Feature","properties":{"segmentId":"osm_9766236"},"geometry":{"type":"LineString","coordinates":[[-99.73453,48.91382],[-99.73454,48.91404],[-99.73467,48.91419],[-99.73503,48.91431],[-99.73656,48.91513],[-99.73661,48.91555],[-99.73654,48.91609],[-99.73672,48.91674],[-99.73722,48.9175],[-99.73789,48.91829],[-99.73848,48.91939],[-99.73995,48.92099],[-99.74054,48.92117],[-99.74086,48.92136],[-99.74108,48.92175],[-99.74108,48.92189],[-99.7409,48.9222],[-99.74053,48.9224],[-99.74045,48.92269],[-99.74074,48.92338],[-99.74181,48.92344],[-99.74205,48.92352],[-99.74238,48.92386],[-99.74266,48.92459],[-99.74279,48.92467],[-99.74302,48.92469],[-99.74363,48.92442],[-99.74392,48.92444],[-99.74414,48.92468],[-99.74477,48.92504],[-99.74593,48.92543],[-99.74621,48.92575],[-99.74626,48.92609]]}},{"type":"Feature","properties":{"segmentId":"osm_9766238"},"geometry":{"type":"LineString","coordinates":[[-99.60599,48.63182],[-99.60575,48.63237]]}},{"type":"Feature","properties":{"segmentId":"osm_9766247"},"geometry":{"type":"LineString","coordinates":[[-99.74229,48.91363],[-99.7422,48.91327],[-99.74201,48.91297],[-99.74207,48.9128],[-99.74283,48.91264],[-99.74335,48.91243],[-99.74399,48.91184],[-99.74486,48.9117]]}},{"type":"Feature","properties":{"segmentId":"osm_9766251"},"geometry":{"type":"LineString","coordinates":[[-99.71084,48.65632],[-99.71079,48.65603],[-99.71061,48.65586],[-99.70574,48.6546],[-99.7055,48.65447],[-99.70542,48.6542],[-99.7055,48.64895],[-99.7052,48.64804],[-99.7045,48.64648]]}},{"type":"Feature","properties":{"segmentId":"osm_9766255"},"geometry":{"type":"LineString","coordinates":[[-99.93407,48.85201],[-99.93408,48.85095],[-99.93394,48.85052],[-99.93411,48.85031],[-99.93447,48.85006],[-99.93458,48.84976]]}},{"type":"Feature","properties":{"segmentId":"osm_9766265"},"geometry":{"type":"LineString","coordinates":[[-99.76792,48.88515],[-99.7681,48.88527],[-99.76821,48.88547],[-99.76852,48.8856]]}},{"type":"Feature","properties":{"segmentId":"osm_9766274"},"geometry":{"type":"LineString","coordinates":[[-100.07929,48.76273],[-100.08094,48.76285],[-100.08182,48.7631],[-100.08465,48.76484],[-100.08607,48.76727],[-100.08641,48.76802],[-100.08701,48.76964],[-100.08708,48.77047]]}},{"type":"Feature","properties":{"segmentId":"osm_9766277"},"geometry":{"type":"LineString","coordinates":[[-100.02428,48.74763],[-100.02427,48.75103],[-100.02419,48.75123],[-100.02411,48.75247],[-100.02416,48.7549],[-100.02449,48.75506],[-100.02882,48.75502],[-100.0297,48.75531]]}},{"type":"Feature","properties":{"segmentId":"osm_9766284"},"geometry":{"type":"LineString","coordinates":[[-99.68313,48.76974],[-99.68319,48.76953],[-99.68314,48.76908],[-99.68326,48.76903],[-99.68593,48.76906],[-99.68592,48.76833],[-99.68569,48.76736],[-99.68604,48.76645],[-99.68597,48.76525],[-99.68605,48.76364],[-99.68629,48.76323],[-99.68699,48.76285]]}},{"type":"Feature","properties":{"segmentId":"osm_9766295"},"geometry":{"type":"LineString","coordinates":[[-99.73761,48.83523],[-99.73743,48.8354],[-99.73732,48.83565],[-99.73733,48.83582],[-99.73746,48.83585],[-99.73753,48.83573],[-99.73732,48.83565]]}},{"type":"Feature","properties":{"segmentId":"osm_9766299"},"geometry":{"type":"LineString","coordinates":[[-99.72404,48.91147],[-99.72376,48.91155],[-99.72359,48.91168],[-99.72349,48.91194],[-99.72356,48.91245],[-99.72387,48.91286],[-99.72381,48.91311],[-99.72398,48.91348],[-99.72414,48.91364]]}},{"type":"Feature","properties":{"segmentId":"osm_9766308"},"geometry":{"type":"LineString","coordinates":[[-99.70106,48.92755],[-99.70092,48.92713],[-99.7011,48.92703],[-99.70156,48.92695],[-99.70207,48.92702],[-99.70374,48.9275],[-99.7045,48.92738],[-99.70601,48.92738],[-99.70882,48.92852],[-99.70926,48.92887],[-99.70945,48.92926],[-99.70941,48.92935]]}},{"type":"Feature","properties":{"segmentId":"osm_9766311"},"geometry":{"type":"LineString","coordinates":[[-99.68988,48.92212],[-99.68959,48.92226],[-99.68941,48.92217],[-99.68869,48.92137],[-99.68739,48.92137]]}},{"type":"Feature","properties":{"segmentId":"osm_9766318"},"geometry":{"type":"LineString","coordinates":[[-99.679,48.92121],[-99.67913,48.92266],[-99.6791,48.92784],[-99.67925,48.92858],[-99.67908,48.93325],[-99.67914,48.9353],[-99.67924,48.93571]]}},{"type":"Feature","properties":{"segmentId":"osm_9766323"},"geometry":{"type":"LineString","coordinates":[[-100.06303,48.85272],[-100.06294,48.8515],[-100.063,48.85121],[-100.06334,48.85052],[-100.06442,48.85],[-100.06575,48.84955],[-100.06735,48.84927]]}},{"type":"Feature","properties":{"segmentId":"osm_9766327"},"geometry":{"type":"LineString","coordinates":[[-100.06103,48.8504],[-100.06096,48.85031],[-100.06026,48.85022],[-100.06014,48.85015],[-100.0601,48.84985],[-100.06033,48.84944],[-100.06024,48.84911]]}},{"type":"Feature","properties":{"segmentId":"osm_9766347"},"geometry":{"type":"LineString","coordinates":[[-99.7009,48.89208],[-99.69911,48.89214],[-99.69553,48.8921],[-99.69427,48.89216],[-99.69415,48.89223]]}},{"type":"Feature","properties":{"segmentId":"osm_9766355"},"geometry":{"type":"LineString","coordinates":[[-99.70674,48.89171],[-99.70662,48.89219]]}},{"type":"Feature","properties":{"segmentId":"osm_9766361"},"geometry":{"type":"LineString","coordinates":[[-99.70557,48.89172],[-99.70552,48.89139],[-99.70532,48.89123],[-99.70413,48.89119]]}},{"type":"Feature","properties":{"segmentId":"osm_9766380"},"geometry":{"type":"LineString","coordinates":[[-100.07793,48.84512],[-100.07814,48.84508],[-100.07839,48.84484],[-100.07921,48.84447],[-100.07963,48.84415],[-100.08069,48.84378],[-100.08123,48.84367]]}},{"type":"Feature","properties":{"segmentId":"osm_9766392"},"geometry":{"type":"LineString","coordinates":[[-100.04914,48.84347],[-100.04859,48.84407],[-100.04827,48.84427],[-100.04756,48.84438],[-100.04656,48.84466],[-100.04623,48.84492],[-100.04591,48.84532],[-100.04439,48.84624],[-100.043,48.84767],[-100.04237,48.8479],[-100.04222,48.84813],[-100.04251,48.84848],[-100.04259,48.84876],[-100.04237,48.84916]]}},{"type":"Feature","properties":{"segmentId":"osm_9766421"},"geometry":{"type":"LineString","coordinates":[[-100.02548,48.84395],[-100.02521,48.84394],[-100.02371,48.84415],[-100.02269,48.84457],[-100.02262,48.84479],[-100.02249,48.8449],[-100.02158,48.84499],[-100.02118,48.84514],[-100.02048,48.84567],[-100.02013,48.84605],[-100.01993,48.84715],[-100.01957,48.84764],[-100.01955,48.84778]]}},{"type":"Feature","properties":{"segmentId":"osm_9766432"},"geometry":{"type":"LineString","coordinates":[[-100.02772,48.84237],[-100.02755,48.84237],[-100.02731,48.84225],[-100.02698,48.84226],[-100.02641,48.84238],[-100.02592,48.84259],[-100.02516,48.84259],[-100.0246,48.8428],[-100.02453,48.84297],[-100.02457,48.84318],[-100.02522,48.84379],[-100.02583,48.84416]]}},{"type":"Feature","properties":{"segmentId":"osm_9766438"},"geometry":{"type":"LineString","coordinates":[[-99.59093,48.91548],[-99.59167,48.91548]]}},{"type":"Feature","properties":{"segmentId":"osm_9766446"},"geometry":{"type":"LineString","coordinates":[[-99.76726,48.83651],[-99.76763,48.8368],[-99.76845,48.83698],[-99.76891,48.83691],[-99.7695,48.83729],[-99.77011,48.83795],[-99.7703,48.83804],[-99.77163,48.83844],[-99.77209,48.83848]]}},{"type":"Feature","properties":{"segmentId":"osm_9766460"},"geometry":{"type":"LineString","coordinates":[[-99.77244,48.83875],[-99.77209,48.83848],[-99.77327,48.83866],[-99.77434,48.83868],[-99.77713,48.8382],[-99.77735,48.83817],[-99.77741,48.83821],[-99.77738,48.83829],[-99.77646,48.83891],[-99.77625,48.83916],[-99.77643,48.84052],[-99.77611,48.84051],[-99.77543,48.83987],[-99.77463,48.83931],[-99.77334,48.8391],[-99.77244,48.83875]]}},{"type":"Feature","properties":{"segmentId":"osm_9766479"},"geometry":{"type":"LineString","coordinates":[[-100.05359,48.83949],[-100.05304,48.83861],[-100.05301,48.83811],[-100.05286,48.83789]]}},{"type":"Feature","properties":{"segmentId":"osm_9766498"},"geometry":{"type":"LineString","coordinates":[[-100.02971,48.85269],[-100.03017,48.85267],[-100.03048,48.8528],[-100.03134,48.85279],[-100.03254,48.85215],[-100.03342,48.85183],[-100.03413,48.85112],[-100.03433,48.85066],[-100.03468,48.85022],[-100.03503,48.84999],[-100.03542,48.84998]]}},{"type":"Feature","properties":{"segmentId":"osm_9766530"},"geometry":{"type":"LineString","coordinates":[[-99.65762,48.89292],[-99.66099,48.89547],[-99.66247,48.89681],[-99.69862,48.93326],[-99.70119,48.93577]]}},{"type":"Feature","properties":{"segmentId":"osm_9766534"},"geometry":{"type":"LineString","coordinates":[[-99.89588,48.83878],[-99.89594,48.83856],[-99.89623,48.83829],[-99.8963,48.83808],[-99.89664,48.83799],[-99.89692,48.83807],[-99.89707,48.83789]]}},{"type":"Feature","properties":{"segmentId":"osm_9766553"},"geometry":{"type":"LineString","coordinates":[[-99.68286,48.6319],[-99.68332,48.6292],[-99.68362,48.62811]]}},{"type":"Feature","properties":{"segmentId":"osm_9766563"},"geometry":{"type":"LineString","coordinates":[[-99.72252,48.84701],[-99.72205,48.8471],[-99.72132,48.84659],[-99.72125,48.84639],[-99.7215,48.84583],[-99.72169,48.84568],[-99.72188,48.84559],[-99.72251,48.84549]]}},{"type":"Feature","properties":{"segmentId":"osm_9766566"},"geometry":{"type":"LineString","coordinates":[[-99.69437,48.84501],[-99.69286,48.84501],[-99.69288,48.84807],[-99.69332,48.84869],[-99.69337,48.84904]]}},{"type":"Feature","properties":{"segmentId":"osm_9766568"},"geometry":{"type":"LineString","coordinates":[[-99.87793,48.83543],[-99.8783,48.83534],[-99.87844,48.83523],[-99.8786,48.83491],[-99.8786,48.83458]]}},{"type":"Feature","properties":{"segmentId":"osm_9766570"},"geometry":{"type":"LineString","coordinates":[[-99.72637,48.84114],[-99.72637,48.83679],[-99.72775,48.83678],[-99.72773,48.84011]]}},{"type":"Feature","properties":{"segmentId":"osm_9766574"},"geometry":{"type":"LineString","coordinates":[[-99.69395,48.83295],[-99.69411,48.83273],[-99.69395,48.83235],[-99.694,48.83193],[-99.69313,48.83114],[-99.69323,48.82995],[-99.69263,48.82943],[-99.69192,48.82926],[-99.6916,48.8291],[-99.69138,48.8289],[-99.69108,48.82837],[-99.69095,48.82785],[-99.69025,48.82707]]}},{"type":"Feature","properties":{"segmentId":"osm_9766594"},"geometry":{"type":"LineString","coordinates":[[-99.62028,48.84781],[-99.62004,48.84724],[-99.61991,48.84666],[-99.61938,48.84628],[-99.61945,48.84502],[-99.61972,48.84475],[-99.61957,48.84455],[-99.61923,48.84437],[-99.61881,48.84429],[-99.61841,48.84398],[-99.61836,48.84379],[-99.6185,48.84319],[-99.61842,48.84251],[-99.61853,48.84227],[-99.61947,48.84183],[-99.61956,48.84157],[-99.61941,48.84149],[-99.61791,48.8415],[-99.61761,48.84108],[-99.61706,48.84092],[-99.61658,48.84022],[-99.61623,48.84019],[-99.61502,48.84052],[-99.61418,48.84057],[-99.61411,48.84043],[-99.61396,48.84037],[-99.6136,48.84037]]}},{"type":"Feature","properties":{"segmentId":"osm_9766597","name":"35th Avenue Northeast"},"geometry":{"type":"LineString","coordinates":[[-99.90632,48.59216],[-99.90641,48.60295]]}},{"type":"Feature","properties":{"segmentId":"osm_9766614"},"geometry":{"type":"LineString","coordinates":[[-100.04726,48.94433],[-100.04724,48.94403],[-100.04736,48.94377],[-100.04858,48.94231],[-100.04866,48.94208],[-100.04852,48.94184],[-100.04812,48.94152],[-100.04801,48.94127],[-100.04789,48.94081],[-100.04809,48.94009],[-100.04797,48.93979],[-100.04745,48.93902],[-100.04729,48.93823],[-100.04737,48.93794],[-100.04757,48.93781],[-100.04816,48.93769],[-100.04825,48.93762],[-100.048,48.93622],[-100.04806,48.93594],[-100.04818,48.93584],[-100.04857,48.93578],[-100.05081,48.93581]]}},{"type":"Feature","properties":{"segmentId":"osm_9766625"},"geometry":{"type":"LineString","coordinates":[[-100.03561,48.95375],[-100.03563,48.95162],[-100.03553,48.95032],[-100.03592,48.95017],[-100.03611,48.95016],[-100.04106,48.95016],[-100.04123,48.94999],[-100.04113,48.94757]]}},{"type":"Feature","properties":{"segmentId":"osm_9766632"},"geometry":{"type":"LineString","coordinates":[[-100.0428,48.93347],[-100.04493,48.93343],[-100.04589,48.93349],[-100.04606,48.93343],[-100.04651,48.93311],[-100.04664,48.93259],[-100.04677,48.93239],[-100.04739,48.93171],[-100.04763,48.9316],[-100.04806,48.93165],[-100.04875,48.93221],[-100.04967,48.93217]]}},{"type":"Feature","properties":{"segmentId":"osm_9766640"},"geometry":{"type":"LineString","coordinates":[[-100.02985,48.84819],[-100.03026,48.84807],[-100.03078,48.84749],[-100.03126,48.84724],[-100.03241,48.84704],[-100.03335,48.84671],[-100.03593,48.84599],[-100.03891,48.84593],[-100.04022,48.84582],[-100.04128,48.84599],[-100.04346,48.84618],[-100.04422,48.84641]]}},{"type":"Feature","properties":{"segmentId":"osm_9766643"},"geometry":{"type":"LineString","coordinates":[[-100.0176,48.9499],[-100.01751,48.94945],[-100.01729,48.94912],[-100.01744,48.9485]]}},{"type":"Feature","properties":{"segmentId":"osm_9766651"},"geometry":{"type":"LineString","coordinates":[[-100.02059,48.84559],[-100.02107,48.84588],[-100.02129,48.8459],[-100.02421,48.84594],[-100.02564,48.84604],[-100.0259,48.84593],[-100.02602,48.84568],[-100.02578,48.84539],[-100.02516,48.8449],[-100.02504,48.84464],[-100.02559,48.84438],[-100.02624,48.8438],[-100.02667,48.84375],[-100.02836,48.8432],[-100.02922,48.84345],[-100.02988,48.84355]]}},{"type":"Feature","properties":{"segmentId":"osm_9766658"},"geometry":{"type":"LineString","coordinates":[[-100.03353,48.84348],[-100.03342,48.84331],[-100.03325,48.84323],[-100.0325,48.8432],[-100.03132,48.84281],[-100.02984,48.84258]]}},{"type":"Feature","properties":{"segmentId":"osm_9766664"},"geometry":{"type":"LineString","coordinates":[[-100.05149,48.84368],[-100.04964,48.84364],[-100.04931,48.84355],[-100.04875,48.84323],[-100.04802,48.84248],[-100.04741,48.84223],[-100.04623,48.84219],[-100.04507,48.84205],[-100.04483,48.84217],[-100.04471,48.84246],[-100.04482,48.8426],[-100.04515,48.84275],[-100.04576,48.84273],[-100.04701,48.84222]]}},{"type":"Feature","properties":{"segmentId":"osm_9766668"},"geometry":{"type":"LineString","coordinates":[[-100.03821,48.8396],[-100.03769,48.83946],[-100.03743,48.83931],[-100.03731,48.83874],[-100.03735,48.83858],[-100.0376,48.8383],[-100.03826,48.83723]]}},{"type":"Feature","properties":{"segmentId":"osm_9766673"},"geometry":{"type":"LineString","coordinates":[[-100.03512,48.83868],[-100.03392,48.83874],[-100.03327,48.83856],[-100.03212,48.83846],[-100.03092,48.83872],[-100.03029,48.83895],[-100.02972,48.83897]]}},{"type":"Feature","properties":{"segmentId":"osm_9766680"},"geometry":{"type":"LineString","coordinates":[[-100.07165,48.9193],[-100.0708,48.91935],[-100.06913,48.9193],[-100.06703,48.91905],[-100.06651,48.9189],[-100.06564,48.91853],[-100.06478,48.91832],[-100.06186,48.91704]]}},{"type":"Feature","properties":{"segmentId":"osm_9766686"},"geometry":{"type":"LineString","coordinates":[[-100.08887,48.91746],[-100.08846,48.91696],[-100.08824,48.91644],[-100.08792,48.91638],[-100.07754,48.91636],[-100.07713,48.91642],[-100.07648,48.91636],[-100.07362,48.91719]]}},{"type":"Feature","properties":{"segmentId":"osm_9766688"},"geometry":{"type":"LineString","coordinates":[[-100.07671,48.91253],[-100.07671,48.91274],[-100.07688,48.91298],[-100.07685,48.91311],[-100.0761,48.91332],[-100.076,48.91348]]}},{"type":"Feature","properties":{"segmentId":"osm_9766692"},"geometry":{"type":"LineString","coordinates":[[-100.02993,48.91917],[-100.02908,48.91917],[-100.0288,48.9193],[-100.02889,48.91947],[-100.02908,48.91954],[-100.02994,48.91958]]}},{"type":"Feature","properties":{"segmentId":"osm_9766694"},"geometry":{"type":"LineString","coordinates":[[-100.0241,48.91408],[-100.02424,48.91389],[-100.02441,48.91381],[-100.02538,48.91356],[-100.02594,48.91348],[-100.02888,48.91374],[-100.02988,48.91376]]}},{"type":"Feature","properties":{"segmentId":"osm_9766700"},"geometry":{"type":"LineString","coordinates":[[-100.02986,48.91323],[-100.03049,48.91331],[-100.03099,48.91346],[-100.03153,48.91389],[-100.03311,48.91472],[-100.03386,48.91461],[-100.03416,48.91448],[-100.03469,48.9141],[-100.03502,48.91398],[-100.03835,48.91396],[-100.03919,48.9136],[-100.0395,48.91357],[-100.04001,48.91357],[-100.04101,48.91405]]}},{"type":"Feature","properties":{"segmentId":"osm_9766705"},"geometry":{"type":"LineString","coordinates":[[-100.01543,48.92106],[-100.0155,48.92091],[-100.01547,48.92048],[-100.01555,48.92034],[-100.01667,48.92027],[-100.01802,48.91993],[-100.01882,48.91989],[-100.02003,48.92015],[-100.02057,48.92033],[-100.02079,48.92046],[-100.02139,48.92131]]}},{"type":"Feature","properties":{"segmentId":"osm_9766706"},"geometry":{"type":"LineString","coordinates":[[-100.06794,48.85269],[-100.06758,48.85285],[-100.06738,48.85303],[-100.06724,48.85385],[-100.06725,48.85449],[-100.06703,48.85511],[-100.0673,48.85542],[-100.06732,48.85564],[-100.06701,48.85589],[-100.06698,48.85602],[-100.06749,48.85626],[-100.06766,48.85653],[-100.06766,48.85701],[-100.06731,48.85792],[-100.06679,48.85842],[-100.06669,48.85865],[-100.06669,48.85975],[-100.06662,48.8599]]}},{"type":"Feature","properties":{"segmentId":"osm_9766708"},"geometry":{"type":"LineString","coordinates":[[-100.03553,48.83726],[-100.0371,48.83716],[-100.03826,48.83723]]}},{"type":"Feature","properties":{"segmentId":"osm_9766711","name":"102nd Street Northeast"},"geometry":{"type":"LineString","coordinates":[[-99.65716,48.8933],[-99.65667,48.89313],[-99.65625,48.89262],[-99.65603,48.89247],[-99.65573,48.89236],[-99.65504,48.89226]]}},{"type":"Feature","properties":{"segmentId":"osm_9766719"},"geometry":{"type":"LineString","coordinates":[[-100.04131,48.82747],[-100.04234,48.82783],[-100.04255,48.82795],[-100.04265,48.8281],[-100.0418,48.83085],[-100.04223,48.83134],[-100.0424,48.83193],[-100.04148,48.83269],[-100.04134,48.83304],[-100.04138,48.83343],[-100.04118,48.83354]]}},{"type":"Feature","properties":{"segmentId":"osm_9766741"},"geometry":{"type":"LineString","coordinates":[[-99.89095,48.93439],[-99.89096,48.93384],[-99.89079,48.93348],[-99.89067,48.93169],[-99.89148,48.9314],[-99.89219,48.93165],[-99.89361,48.93187],[-99.89379,48.93171],[-99.89434,48.93145],[-99.89452,48.93111],[-99.89446,48.93082],[-99.89475,48.93024],[-99.89515,48.92977],[-99.89514,48.92944],[-99.89552,48.92881],[-99.89613,48.92823],[-99.8964,48.92817]]}},{"type":"Feature","properties":{"segmentId":"osm_9766747"},"geometry":{"type":"LineString","coordinates":[[-99.90711,48.91804],[-99.90777,48.91844],[-99.90823,48.91885],[-99.90845,48.91896],[-99.90853,48.9195],[-99.90809,48.92126]]}},{"type":"Feature","properties":{"segmentId":"osm_9766756"},"geometry":{"type":"LineString","coordinates":[[-99.7649,48.81995],[-99.76601,48.81984],[-99.76686,48.81985]]}},{"type":"Feature","properties":{"segmentId":"osm_9766761"},"geometry":{"type":"LineString","coordinates":[[-99.8948,48.91754],[-99.89439,48.91841],[-99.89458,48.91907],[-99.89479,48.91932],[-99.89559,48.91998],[-99.8969,48.92068],[-99.89746,48.92084],[-99.89824,48.92137]]}},{"type":"Feature","properties":{"segmentId":"osm_9766768"},"geometry":{"type":"LineString","coordinates":[[-99.85636,48.92605],[-99.85636,48.92624],[-99.85671,48.92638],[-99.85697,48.92664],[-99.8569,48.92683],[-99.8563,48.92748],[-99.85615,48.92778],[-99.85617,48.92867],[-99.8561,48.92896],[-99.85623,48.92987],[-99.8561,48.93008],[-99.85586,48.93019]]}},{"type":"Feature","properties":{"segmentId":"osm_9766793"},"geometry":{"type":"LineString","coordinates":[[-100.01976,48.84824],[-100.02032,48.84837],[-100.02178,48.84818],[-100.02193,48.84811],[-100.02214,48.84778],[-100.0221,48.84766],[-100.02175,48.84745],[-100.02049,48.84725],[-100.02002,48.84663]]}},{"type":"Feature","properties":{"segmentId":"osm_9766802"},"geometry":{"type":"LineString","coordinates":[[-100.01414,48.84924],[-100.01406,48.84862],[-100.01407,48.84713],[-100.01381,48.84624],[-100.01416,48.84569],[-100.01425,48.84521],[-100.01622,48.84432],[-100.01682,48.8438],[-100.01719,48.84373],[-100.01755,48.84374]]}},{"type":"Feature","properties":{"segmentId":"osm_9766808"},"geometry":{"type":"LineString","coordinates":[[-100.01095,48.84531],[-100.0108,48.84544],[-100.00988,48.84578],[-100.00881,48.84584],[-100.00853,48.84625],[-100.00836,48.84632],[-100.00772,48.84631],[-100.00673,48.8465],[-100.00545,48.84649]]}},{"type":"Feature","properties":{"segmentId":"osm_9766813"},"geometry":{"type":"LineString","coordinates":[[-100.01,48.84574],[-100.01045,48.84617],[-100.0105,48.84662],[-100.01071,48.84707],[-100.01131,48.84772],[-100.01136,48.84817],[-100.01149,48.84846]]}},{"type":"Feature","properties":{"segmentId":"osm_9766827"},"geometry":{"type":"LineString","coordinates":[[-99.83944,48.92855],[-99.83925,48.9281],[-99.83863,48.9271],[-99.83825,48.92664],[-99.83837,48.9262],[-99.8396,48.92517],[-99.84188,48.92356],[-99.84295,48.92226],[-99.84303,48.92146],[-99.84301,48.92088],[-99.84275,48.9193],[-99.84293,48.9166],[-99.84283,48.91607],[-99.84254,48.91559],[-99.84219,48.91522],[-99.84128,48.9149],[-99.84002,48.91459],[-99.83979,48.91428],[-99.83972,48.91399]]}},{"type":"Feature","properties":{"segmentId":"osm_9766848"},"geometry":{"type":"LineString","coordinates":[[-99.81653,48.91011],[-99.81655,48.91027],[-99.8168,48.91054],[-99.818,48.9113],[-99.81861,48.91157],[-99.81901,48.91206],[-99.81929,48.91322],[-99.81897,48.91412]]}},{"type":"Feature","properties":{"segmentId":"osm_9766904"},"geometry":{"type":"LineString","coordinates":[[-99.75233,48.89149],[-99.75252,48.8915],[-99.75322,48.89177],[-99.75355,48.89177],[-99.75361,48.89209]]}},{"type":"Feature","properties":{"segmentId":"osm_9766909"},"geometry":{"type":"LineString","coordinates":[[-99.53683,48.65357],[-99.55869,48.65365]]}},{"type":"Feature","properties":{"segmentId":"osm_9766913"},"geometry":{"type":"LineString","coordinates":[[-99.94586,48.9139],[-99.94614,48.91423],[-99.94617,48.91441],[-99.94612,48.91669]]}},{"type":"Feature","properties":{"segmentId":"osm_9766918"},"geometry":{"type":"LineString","coordinates":[[-99.86501,48.92039],[-99.86609,48.92087],[-99.8667,48.92143],[-99.86669,48.9219],[-99.86682,48.9226],[-99.86799,48.92487],[-99.86787,48.9253]]}},{"type":"Feature","properties":{"segmentId":"osm_9766920"},"geometry":{"type":"LineString","coordinates":[[-99.74486,48.83711],[-99.74294,48.83712]]}},{"type":"Feature","properties":{"segmentId":"osm_9766938"},"geometry":{"type":"LineString","coordinates":[[-99.63562,48.82686],[-99.63578,48.82665],[-99.63613,48.8266],[-99.63632,48.82667],[-99.6363,48.82679],[-99.63616,48.82686],[-99.63545,48.82687]]}},{"type":"Feature","properties":{"segmentId":"osm_9766945"},"geometry":{"type":"LineString","coordinates":[[-99.63545,48.81972],[-99.63333,48.81969],[-99.62914,48.81977],[-99.62445,48.81977]]}},{"type":"Feature","properties":{"segmentId":"osm_9766950","name":"Fire Zone 2"},"geometry":{"type":"LineString","coordinates":[[-99.8471,48.9493],[-99.84691,48.95047],[-99.84667,48.95081],[-99.84655,48.95124],[-99.84654,48.95142],[-99.84668,48.95162]]}},{"type":"Feature","properties":{"segmentId":"osm_9766955"},"geometry":{"type":"LineString","coordinates":[[-99.73406,48.90998],[-99.73442,48.90978],[-99.73482,48.90973],[-99.73525,48.90971],[-99.7356,48.90979],[-99.73633,48.90967],[-99.73787,48.90979],[-99.7378,48.91001],[-99.73737,48.91054],[-99.73724,48.91131],[-99.73686,48.9119],[-99.7366,48.91249],[-99.73663,48.91259],[-99.73684,48.91271],[-99.738,48.91327],[-99.73812,48.91338],[-99.73807,48.91379]]}},{"type":"Feature","properties":{"segmentId":"osm_9766970"},"geometry":{"type":"LineString","coordinates":[[-99.79941,48.8199],[-99.85423,48.82008]]}},{"type":"Feature","properties":{"segmentId":"osm_9766981"},"geometry":{"type":"LineString","coordinates":[[-99.74425,48.90121],[-99.74409,48.90158],[-99.74315,48.90197],[-99.74317,48.90204],[-99.74352,48.90212]]}},{"type":"Feature","properties":{"segmentId":"osm_9766986"},"geometry":{"type":"LineString","coordinates":[[-99.77114,48.92623],[-99.77115,48.92604],[-99.77085,48.92528],[-99.77078,48.9248],[-99.77085,48.92466],[-99.77151,48.92429],[-99.77208,48.92381],[-99.77219,48.92363],[-99.77211,48.92333],[-99.77163,48.92253],[-99.77134,48.9225],[-99.77107,48.92256],[-99.76995,48.92302],[-99.76974,48.92305]]}},{"type":"Feature","properties":{"segmentId":"osm_9766991"},"geometry":{"type":"LineString","coordinates":[[-99.83113,48.81632],[-99.83181,48.81642],[-99.83231,48.81643]]}},{"type":"Feature","properties":{"segmentId":"osm_9766995"},"geometry":{"type":"LineString","coordinates":[[-99.78581,48.91713],[-99.7863,48.91692],[-99.78673,48.91632],[-99.78834,48.91581],[-99.78848,48.91692],[-99.78858,48.91712],[-99.78802,48.91775],[-99.78774,48.91848]]}},{"type":"Feature","properties":{"segmentId":"osm_9766997"},"geometry":{"type":"LineString","coordinates":[[-99.61175,48.87002],[-99.61025,48.87003]]}},{"type":"Feature","properties":{"segmentId":"osm_9767008"},"geometry":{"type":"LineString","coordinates":[[-99.78899,48.91728],[-99.78858,48.91712]]}},{"type":"Feature","properties":{"segmentId":"osm_9767024"},"geometry":{"type":"LineString","coordinates":[[-100.07378,48.90926],[-100.07503,48.91007],[-100.07609,48.91064],[-100.07803,48.91125],[-100.07828,48.91149],[-100.07832,48.91162],[-100.07816,48.91227],[-100.07825,48.91289],[-100.07843,48.91306]]}},{"type":"Feature","properties":{"segmentId":"osm_9767028"},"geometry":{"type":"LineString","coordinates":[[-99.57447,48.81157],[-99.56966,48.81146]]}},{"type":"Feature","properties":{"segmentId":"osm_9767032","name":"52nd Avenue Northeast"},"geometry":{"type":"LineString","coordinates":[[-99.56963,48.8195],[-99.5696,48.81679],[-99.56974,48.81659],[-99.56965,48.8108],[-99.56964,48.79753]]}},{"type":"Feature","properties":{"segmentId":"osm_9767093"},"geometry":{"type":"LineString","coordinates":[[-99.74187,48.89157],[-99.74191,48.89209]]}},{"type":"Feature","properties":{"segmentId":"osm_9767096"},"geometry":{"type":"LineString","coordinates":[[-99.74775,48.89153],[-99.74775,48.89138],[-99.74734,48.89138],[-99.74707,48.89173],[-99.74705,48.89207]]}},{"type":"Feature","properties":{"segmentId":"osm_9767099","name":"40th Avenue Northeast"},"geometry":{"type":"LineString","coordinates":[[-99.798,48.54489],[-99.79804,48.60285]]}},{"type":"Feature","properties":{"segmentId":"osm_9767131"},"geometry":{"type":"LineString","coordinates":[[-99.66885,48.92406],[-99.66861,48.92368],[-99.66799,48.9233],[-99.66716,48.92259],[-99.66496,48.92233],[-99.66284,48.92179],[-99.66208,48.92175],[-99.66113,48.92187],[-99.66043,48.92198],[-99.65962,48.92222],[-99.65828,48.92222]]}},{"type":"Feature","properties":{"segmentId":"osm_9767143"},"geometry":{"type":"LineString","coordinates":[[-100.04184,48.89396],[-100.04216,48.89237]]}},{"type":"Feature","properties":{"segmentId":"osm_9767153"},"geometry":{"type":"LineString","coordinates":[[-100.06243,48.84524],[-100.06227,48.84602],[-100.06225,48.84695]]}},{"type":"Feature","properties":{"segmentId":"osm_9767157"},"geometry":{"type":"LineString","coordinates":[[-100.02365,48.89617],[-100.02372,48.89649],[-100.02355,48.89708],[-100.02337,48.89735],[-100.02359,48.89796],[-100.02359,48.89853]]}},{"type":"Feature","properties":{"segmentId":"osm_9767164"},"geometry":{"type":"LineString","coordinates":[[-100.01656,48.8925],[-100.01449,48.89245],[-100.01366,48.89262],[-100.01307,48.89294],[-100.01243,48.89317],[-100.01111,48.89326],[-100.00924,48.89364],[-100.00785,48.89366],[-100.00714,48.89352],[-100.00572,48.89312],[-100.00478,48.89273],[-100.00427,48.89245],[-100.00379,48.8919],[-100.00363,48.89181],[-100.00319,48.89178],[-100.00201,48.89192],[-100.00065,48.8918],[-99.99774,48.8911],[-99.99584,48.89132],[-99.99399,48.89213],[-99.99318,48.8923],[-99.99101,48.89236],[-99.99064,48.89234],[-99.99005,48.89219],[-99.98881,48.89214],[-99.98798,48.89204],[-99.987,48.89203]]}},{"type":"Feature","properties":{"segmentId":"osm_9767185"},"geometry":{"type":"LineString","coordinates":[[-100.09548,48.83467],[-100.09539,48.83536],[-100.09487,48.83569],[-100.09411,48.83645],[-100.09346,48.83682],[-100.09315,48.83698],[-100.09229,48.83703],[-100.09212,48.83751],[-100.09188,48.83789],[-100.09143,48.83837],[-100.09085,48.83871],[-100.09058,48.83911],[-100.09043,48.83918],[-100.0902,48.83918],[-100.09007,48.83899],[-100.09006,48.83889],[-100.09026,48.83865],[-100.09025,48.83853],[-100.08967,48.83708],[-100.0891,48.83677],[-100.08769,48.83654],[-100.08692,48.83648],[-100.0859,48.83652],[-100.08521,48.83648],[-100.08419,48.83657],[-100.08336,48.83698],[-100.0824,48.83731],[-100.08112,48.83769],[-100.08014,48.83789],[-100.07992,48.83783],[-100.0795,48.83755],[-100.0786,48.83755],[-100.07759,48.83746],[-100.07689,48.83762],[-100.07618,48.83761],[-100.07571,48.83789],[-100.07471,48.83832],[-100.07391,48.83885],[-100.07329,48.83917],[-100.07324,48.8406],[-100.07299,48.84096],[-100.07325,48.84161],[-100.07317,48.84219],[-100.07293,48.84257],[-100.07251,48.84298],[-100.0718,48.84358],[-100.07149,48.84375]]}},{"type":"Feature","properties":{"segmentId":"osm_9767202"},"geometry":{"type":"LineString","coordinates":[[-99.9795,48.89976],[-99.97945,48.90002],[-99.98012,48.90054],[-99.98019,48.90068],[-99.98039,48.90078],[-99.98065,48.90129],[-99.9809,48.90142],[-99.98172,48.90146],[-99.98254,48.90136],[-99.98309,48.90088],[-99.98384,48.90087],[-99.98456,48.90065],[-99.98472,48.90054],[-99.98616,48.90086],[-99.98754,48.90052],[-99.98774,48.9006],[-99.98786,48.90075],[-99.9883,48.9009],[-99.98868,48.90076],[-99.98935,48.90092],[-99.98951,48.9007],[-99.98965,48.90066],[-99.98972,48.90046],[-99.99036,48.90007],[-99.9916,48.89993],[-99.99265,48.89954],[-99.99428,48.89959],[-99.99543,48.89953],[-99.99756,48.8996],[-99.99915,48.89953],[-99.99928,48.89981],[-100.00009,48.90029],[-100.00083,48.90096],[-100.00131,48.90217],[-100.00123,48.90245],[-100.00135,48.90297],[-100.00164,48.90313],[-100.00196,48.90317],[-100.00213,48.90327],[-100.00214,48.90359],[-100.00199,48.90374],[-100.00164,48.90392],[-100.00146,48.90417],[-100.0015,48.9047],[-100.00176,48.90487],[-100.00262,48.90521],[-100.00353,48.90572],[-100.00415,48.90591]]}},{"type":"Feature","properties":{"segmentId":"osm_9767205"},"geometry":{"type":"LineString","coordinates":[[-100.07708,48.84188],[-100.07671,48.84183],[-100.07594,48.84184],[-100.07512,48.84163],[-100.074,48.84163],[-100.07326,48.84169]]}},{"type":"Feature","properties":{"segmentId":"osm_9767222"},"geometry":{"type":"LineString","coordinates":[[-99.72248,48.88955],[-99.72157,48.88958],[-99.72132,48.88965],[-99.72091,48.8899],[-99.72081,48.89025],[-99.7208,48.89042],[-99.72101,48.89077],[-99.72174,48.89131],[-99.7219,48.89214]]}},{"type":"Feature","properties":{"segmentId":"osm_9767238","name":"Park Loop Road"},"geometry":{"type":"LineString","coordinates":[[-100.06914,48.99864],[-100.06953,48.99844],[-100.07113,48.99804],[-100.0717,48.99775],[-100.07216,48.99742],[-100.07259,48.99697],[-100.07285,48.99655],[-100.07333,48.99507],[-100.07334,48.99442],[-100.07313,48.99374],[-100.0729,48.99336],[-100.07189,48.99222],[-100.07154,48.99157],[-100.07142,48.99077],[-100.07166,48.98949],[-100.07162,48.98884],[-100.07121,48.98797],[-100.0706,48.9873]]}},{"type":"Feature","properties":{"segmentId":"osm_9767249"},"geometry":{"type":"LineString","coordinates":[[-100.07288,48.89034],[-100.07304,48.88987],[-100.07298,48.88971],[-100.07252,48.88921],[-100.07185,48.88869],[-100.07159,48.88824],[-100.07056,48.88809],[-100.06967,48.88788],[-100.0692,48.88788]]}},{"type":"Feature","properties":{"segmentId":"osm_9767253"},"geometry":{"type":"LineString","coordinates":[[-100.04878,48.87182],[-100.04901,48.87186],[-100.04967,48.87171],[-100.04976,48.87161],[-100.04974,48.87112]]}},{"type":"Feature","properties":{"segmentId":"osm_9767270"},"geometry":{"type":"LineString","coordinates":[[-99.70094,48.90062],[-99.701,48.89944],[-99.70042,48.89737],[-99.70034,48.89681],[-99.70039,48.89628],[-99.7,48.89614],[-99.69912,48.89599],[-99.69903,48.89568],[-99.6991,48.89541],[-99.69895,48.89485],[-99.69895,48.89379],[-99.69876,48.8935],[-99.69848,48.89335],[-99.69842,48.89321],[-99.69834,48.89221]]}},{"type":"Feature","properties":{"segmentId":"osm_9767280"},"geometry":{"type":"LineString","coordinates":[[-99.8445,48.9395],[-99.84459,48.93965],[-99.8449,48.93978],[-99.84578,48.93999],[-99.84662,48.93957],[-99.84701,48.93947],[-99.84772,48.93931],[-99.84848,48.93934],[-99.8488,48.93929],[-99.84953,48.93913],[-99.85008,48.93891],[-99.8505,48.93887],[-99.85138,48.93907],[-99.85208,48.93913],[-99.85218,48.93919],[-99.85225,48.93949],[-99.85219,48.93981],[-99.85233,48.94011]]}},{"type":"Feature","properties":{"segmentId":"osm_9767283"},"geometry":{"type":"LineString","coordinates":[[-99.86166,48.93444],[-99.86201,48.93457],[-99.86244,48.93496],[-99.86287,48.93515],[-99.86373,48.93516],[-99.8639,48.93532],[-99.86017,48.93534]]}},{"type":"Feature","properties":{"segmentId":"osm_9767305"},"geometry":{"type":"LineString","coordinates":[[-99.96376,48.89442],[-99.96382,48.89454],[-99.96437,48.8948],[-99.96493,48.89521],[-99.96515,48.89526],[-99.96571,48.89525],[-99.96588,48.89514],[-99.96602,48.8948],[-99.96599,48.89455],[-99.96572,48.89413],[-99.96599,48.89352],[-99.96625,48.89346],[-99.96658,48.89351],[-99.96821,48.89315],[-99.96873,48.89317],[-99.97044,48.8934],[-99.97118,48.89411],[-99.97176,48.89416],[-99.97322,48.89364],[-99.9744,48.89295],[-99.97737,48.8928],[-99.97886,48.89235],[-99.9796,48.89205],[-99.98168,48.89217],[-99.98511,48.89211],[-99.98559,48.89213],[-99.98608,48.89227],[-99.98674,48.89229],[-99.98691,48.89224]]}},{"type":"Feature","properties":{"segmentId":"osm_9767317"},"geometry":{"type":"LineString","coordinates":[[-99.9638,48.89234],[-99.9636,48.89234],[-99.96299,48.8914],[-99.96245,48.89078],[-99.96126,48.8888],[-99.95894,48.88808],[-99.95786,48.88842],[-99.95615,48.8886],[-99.95487,48.88885],[-99.95343,48.88894],[-99.9532,48.88907],[-99.95316,48.88922],[-99.95324,48.88944],[-99.95314,48.88963],[-99.95262,48.88984],[-99.9523,48.88988],[-99.95123,48.88968],[-99.95068,48.88938],[-99.95022,48.88935],[-99.94892,48.88911],[-99.94672,48.88922],[-99.94637,48.88895],[-99.94628,48.88853],[-99.94602,48.88842],[-99.94521,48.88774],[-99.94472,48.88744],[-99.94434,48.88741],[-99.9439,48.88729],[-99.94339,48.88737],[-99.94319,48.88753],[-99.94318,48.88779],[-99.94331,48.88816],[-99.94302,48.88879],[-99.94256,48.88885],[-99.94186,48.88856]]}},{"type":"Feature","properties":{"segmentId":"osm_9767319"},"geometry":{"type":"LineString","coordinates":[[-99.65728,48.7748],[-99.65746,48.77512],[-99.65777,48.77539],[-99.65767,48.77559],[-99.65733,48.7759]]}},{"type":"Feature","properties":{"segmentId":"osm_9767334"},"geometry":{"type":"LineString","coordinates":[[-99.96775,48.8783],[-99.96784,48.87837],[-99.96784,48.87851],[-99.96675,48.87994],[-99.96653,48.88047],[-99.96599,48.88064],[-99.96629,48.881],[-99.96714,48.88172],[-99.96741,48.88208],[-99.9676,48.88251],[-99.96768,48.88299],[-99.96761,48.88325],[-99.96724,48.88413],[-99.96568,48.88545],[-99.96511,48.8861],[-99.96491,48.88686],[-99.96497,48.88809],[-99.96491,48.88883],[-99.96397,48.88934],[-99.96357,48.88965],[-99.9638,48.89234],[-99.96397,48.89258],[-99.96394,48.89413],[-99.96386,48.89436],[-99.96344,48.89463],[-99.96294,48.89476],[-99.96289,48.8949],[-99.96326,48.89527],[-99.96352,48.89573],[-99.96362,48.89636],[-99.96475,48.89773],[-99.96515,48.89829],[-99.9654,48.89881]]}},{"type":"Feature","properties":{"segmentId":"osm_9767344"},"geometry":{"type":"LineString","coordinates":[[-99.76711,48.92091],[-99.76305,48.92083],[-99.76027,48.92092],[-99.75657,48.92091],[-99.75095,48.921],[-99.75074,48.92096],[-99.7506,48.92086],[-99.75034,48.92039],[-99.75015,48.92025],[-99.74974,48.91999],[-99.74869,48.91953],[-99.74865,48.91907],[-99.74875,48.91789],[-99.74727,48.9175],[-99.74662,48.91741]]}},{"type":"Feature","properties":{"segmentId":"osm_9767352"},"geometry":{"type":"LineString","coordinates":[[-99.67069,48.73835],[-99.67082,48.73763],[-99.67059,48.73681],[-99.67103,48.7365],[-99.67269,48.73638],[-99.67571,48.73643],[-99.67927,48.7363]]}},{"type":"Feature","properties":{"segmentId":"osm_9767361"},"geometry":{"type":"LineString","coordinates":[[-99.91629,48.91034],[-99.91643,48.91011],[-99.91637,48.9099],[-99.91568,48.90926],[-99.91535,48.9087],[-99.91531,48.90839],[-99.91469,48.90739],[-99.91441,48.90709],[-99.91432,48.9068]]}},{"type":"Feature","properties":{"segmentId":"osm_9767365"},"geometry":{"type":"LineString","coordinates":[[-99.9132,48.89243],[-99.91347,48.89183],[-99.9139,48.89176]]}},{"type":"Feature","properties":{"segmentId":"osm_9767372"},"geometry":{"type":"LineString","coordinates":[[-99.83823,48.89227],[-99.83822,48.89191],[-99.83839,48.89164],[-99.83805,48.89088],[-99.83848,48.89026],[-99.83857,48.89],[-99.83877,48.88988],[-99.83886,48.88965],[-99.83935,48.88932],[-99.84004,48.88911],[-99.84015,48.889],[-99.84023,48.88873],[-99.84002,48.88771],[-99.84046,48.88724],[-99.84053,48.88677],[-99.84049,48.8866],[-99.84022,48.88632],[-99.84006,48.88582],[-99.84021,48.8842],[-99.8404,48.88356],[-99.84027,48.88315],[-99.83999,48.88297],[-99.83891,48.8826],[-99.83885,48.88232],[-99.83891,48.88172],[-99.83915,48.88127],[-99.83961,48.88072],[-99.83898,48.87967],[-99.83889,48.87917],[-99.83875,48.87889],[-99.83885,48.87854]]}},{"type":"Feature","properties":{"segmentId":"osm_9767373"},"geometry":{"type":"LineString","coordinates":[[-99.84015,48.889],[-99.84031,48.88945],[-99.84033,48.88986],[-99.84082,48.89046],[-99.84089,48.89066],[-99.84098,48.8916]]}},{"type":"Feature","properties":{"segmentId":"osm_9767376"},"geometry":{"type":"LineString","coordinates":[[-100.04993,48.93298],[-100.05043,48.93295],[-100.05086,48.93307],[-100.05132,48.93336],[-100.05172,48.93382],[-100.05187,48.93451],[-100.05185,48.93704]]}},{"type":"Feature","properties":{"segmentId":"osm_9767381"},"geometry":{"type":"LineString","coordinates":[[-99.80494,48.8199],[-99.80545,48.82179],[-99.8054,48.82207],[-99.8047,48.8223],[-99.80379,48.8225]]}},{"type":"Feature","properties":{"segmentId":"osm_9767386"},"geometry":{"type":"LineString","coordinates":[[-99.76683,48.9487],[-99.76646,48.94851],[-99.76611,48.94868],[-99.76575,48.94904],[-99.76568,48.94931]]}},{"type":"Feature","properties":{"segmentId":"osm_9767391"},"geometry":{"type":"LineString","coordinates":[[-99.73264,48.93831],[-99.7318,48.93841],[-99.73036,48.93825],[-99.73003,48.93827],[-99.72934,48.9385],[-99.7291,48.93875],[-99.72857,48.93874],[-99.72787,48.93854],[-99.72735,48.93806],[-99.72652,48.93796],[-99.72618,48.93786],[-99.72597,48.93765],[-99.7261,48.93735]]}},{"type":"Feature","properties":{"segmentId":"osm_9767392"},"geometry":{"type":"LineString","coordinates":[[-99.74799,48.93324],[-99.74742,48.93319],[-99.74699,48.93326],[-99.74672,48.93357],[-99.74617,48.93373],[-99.7459,48.93388],[-99.74595,48.93413]]}},{"type":"Feature","properties":{"segmentId":"osm_9767393"},"geometry":{"type":"LineString","coordinates":[[-99.72726,48.93543],[-99.72586,48.93535],[-99.72463,48.93548],[-99.72434,48.93555],[-99.7243,48.93564]]}},{"type":"Feature","properties":{"segmentId":"osm_9767399"},"geometry":{"type":"LineString","coordinates":[[-99.9139,48.89826],[-99.91354,48.89845],[-99.91086,48.89907],[-99.91066,48.89919],[-99.91016,48.89977],[-99.90901,48.90033],[-99.90891,48.90087],[-99.90897,48.90097],[-99.90897,48.9028],[-99.90905,48.90304],[-99.90897,48.90387],[-99.90886,48.90417],[-99.90909,48.90581]]}},{"type":"Feature","properties":{"segmentId":"osm_9767402"},"geometry":{"type":"LineString","coordinates":[[-99.72498,48.93542],[-99.72552,48.9351],[-99.72564,48.93495],[-99.72576,48.93444],[-99.72588,48.93432],[-99.72613,48.93419],[-99.72692,48.934]]}},{"type":"Feature","properties":{"segmentId":"osm_9767422"},"geometry":{"type":"LineString","coordinates":[[-99.8816,48.90679],[-99.88166,48.90698],[-99.88144,48.90755],[-99.88146,48.90769],[-99.88171,48.90797],[-99.88179,48.90901],[-99.88189,48.90923],[-99.88229,48.90942],[-99.88318,48.90933],[-99.88359,48.90939],[-99.88376,48.90982],[-99.88363,48.91],[-99.88366,48.91034],[-99.88376,48.9105],[-99.88368,48.91085],[-99.88354,48.91103],[-99.88294,48.91133],[-99.88229,48.9121],[-99.87982,48.91412],[-99.87969,48.91486],[-99.87946,48.91537],[-99.87906,48.91589],[-99.87898,48.9162],[-99.87904,48.91656],[-99.87881,48.91711],[-99.87859,48.91728],[-99.87786,48.91749],[-99.87686,48.91756],[-99.87655,48.91781],[-99.87651,48.91795],[-99.87741,48.91877],[-99.87736,48.91924],[-99.87667,48.92004],[-99.87575,48.92046],[-99.87526,48.9208],[-99.87511,48.92108],[-99.87442,48.92136],[-99.87384,48.92168],[-99.87354,48.92177],[-99.87259,48.92177],[-99.87227,48.92182],[-99.87118,48.92224],[-99.87034,48.92265],[-99.86979,48.92306],[-99.8697,48.92346],[-99.86941,48.92373],[-99.86928,48.92405],[-99.86852,48.92442],[-99.86799,48.92487]]}},{"type":"Feature","properties":{"segmentId":"osm_9767436"},"geometry":{"type":"LineString","coordinates":[[-99.88642,48.90114],[-99.88573,48.90147],[-99.88468,48.90175],[-99.88321,48.90177],[-99.88298,48.90189],[-99.88283,48.90211],[-99.88246,48.9029],[-99.8816,48.90336],[-99.88113,48.90378],[-99.88093,48.90434],[-99.88096,48.90471],[-99.88134,48.90503],[-99.88211,48.90548],[-99.88273,48.90568],[-99.88298,48.90594],[-99.88308,48.9063],[-99.88268,48.9068]]}},{"type":"Feature","properties":{"segmentId":"osm_9767456","name":"Gabriel Dumont Drive"},"geometry":{"type":"LineString","coordinates":[[-99.74218,48.84156],[-99.74223,48.84322],[-99.7424,48.84342],[-99.74257,48.8435],[-99.74488,48.84381]]}},{"type":"Feature","properties":{"segmentId":"osm_9767460","name":"James Brady Drive"},"geometry":{"type":"LineString","coordinates":[[-99.74957,48.84158],[-99.75037,48.84483]]}},{"type":"Feature","properties":{"segmentId":"osm_9767472"},"geometry":{"type":"LineString","coordinates":[[-99.74718,48.84237],[-99.74489,48.84236]]}},{"type":"Feature","properties":{"segmentId":"osm_9767478","name":"James Ibister Way"},"geometry":{"type":"LineString","coordinates":[[-99.75199,48.8439],[-99.75186,48.84415],[-99.75181,48.84477],[-99.75172,48.84488],[-99.74854,48.84475],[-99.74821,48.84464],[-99.74775,48.84433],[-99.74768,48.84356]]}},{"type":"Feature","properties":{"segmentId":"osm_9767502"},"geometry":{"type":"LineString","coordinates":[[-99.84607,48.90131],[-99.84659,48.90131],[-99.84703,48.90143],[-99.84822,48.90197],[-99.84888,48.90244],[-99.84958,48.90282],[-99.85196,48.90398],[-99.85222,48.90418],[-99.85298,48.90507],[-99.85377,48.90642],[-99.85412,48.90673],[-99.8555,48.90675]]}},{"type":"Feature","properties":{"segmentId":"osm_9767515"},"geometry":{"type":"LineString","coordinates":[[-99.90965,48.90701],[-99.90901,48.9074],[-99.90896,48.90763],[-99.90905,48.91004],[-99.90923,48.91132],[-99.90919,48.9128],[-99.90912,48.91301],[-99.90921,48.91417],[-99.90919,48.91666]]}},{"type":"Feature","properties":{"segmentId":"osm_9767518"},"geometry":{"type":"LineString","coordinates":[[-99.9458,48.8181],[-99.9462,48.81799],[-99.94661,48.81801],[-99.9469,48.81822],[-99.94687,48.8187],[-99.94703,48.82026]]}},{"type":"Feature","properties":{"segmentId":"osm_9767526"},"geometry":{"type":"LineString","coordinates":[[-99.90319,48.90673],[-99.9033,48.90593],[-99.90351,48.9054],[-99.90382,48.90527],[-99.90432,48.9054],[-99.90521,48.90549],[-99.90566,48.9053],[-99.90582,48.90476],[-99.90578,48.90455],[-99.90606,48.90406],[-99.90704,48.90347],[-99.90687,48.90315],[-99.90683,48.90264],[-99.90764,48.90191],[-99.90818,48.90156],[-99.90891,48.90087]]}},{"type":"Feature","properties":{"segmentId":"osm_9767529"},"geometry":{"type":"LineString","coordinates":[[-99.92504,48.82318],[-99.92533,48.82295],[-99.92542,48.8226],[-99.92498,48.82197],[-99.925,48.82173]]}},{"type":"Feature","properties":{"segmentId":"osm_9767543"},"geometry":{"type":"LineString","coordinates":[[-99.70204,48.8922],[-99.70202,48.89207],[-99.70163,48.89167],[-99.70165,48.89149],[-99.70185,48.89104],[-99.70241,48.8906],[-99.70243,48.89001],[-99.7024,48.88975],[-99.70223,48.88946],[-99.70226,48.88912],[-99.70285,48.88829],[-99.70298,48.88798],[-99.70281,48.88704],[-99.70248,48.88645],[-99.70264,48.88589],[-99.70262,48.88558],[-99.70226,48.88483]]}},{"type":"Feature","properties":{"segmentId":"osm_9767548"},"geometry":{"type":"LineString","coordinates":[[-99.70731,48.88848],[-99.70791,48.88845],[-99.70801,48.88838],[-99.70808,48.88814],[-99.70792,48.88644],[-99.70772,48.88564],[-99.70757,48.88542],[-99.70708,48.88502],[-99.70659,48.88491],[-99.7059,48.88498],[-99.70539,48.8849],[-99.7049,48.88495],[-99.70226,48.88483],[-99.70094,48.88488]]}},{"type":"Feature","properties":{"segmentId":"osm_9767559"},"geometry":{"type":"LineString","coordinates":[[-100.02952,48.86613],[-100.02891,48.86599],[-100.02842,48.86602],[-100.02813,48.8659],[-100.02812,48.8655],[-100.02839,48.86473],[-100.02788,48.86353],[-100.02782,48.86307],[-100.02766,48.86279],[-100.02794,48.86249],[-100.02778,48.86204],[-100.02825,48.86138],[-100.02724,48.86071],[-100.02715,48.86027]]}},{"type":"Feature","properties":{"segmentId":"osm_9767562"},"geometry":{"type":"LineString","coordinates":[[-100.02784,48.86],[-100.0271,48.85969],[-100.02688,48.85936]]}},{"type":"Feature","properties":{"segmentId":"osm_9767576"},"geometry":{"type":"LineString","coordinates":[[-99.9859,48.71876],[-99.98593,48.80393]]}},{"type":"Feature","properties":{"segmentId":"osm_9767580"},"geometry":{"type":"LineString","coordinates":[[-100.0271,48.8534],[-100.02694,48.85356],[-100.02711,48.85392]]}},{"type":"Feature","properties":{"segmentId":"osm_9767584"},"geometry":{"type":"LineString","coordinates":[[-99.99536,48.86935],[-99.99587,48.86825],[-99.99604,48.86806],[-99.99651,48.86809],[-99.99707,48.86825]]}},{"type":"Feature","properties":{"segmentId":"osm_9767587"},"geometry":{"type":"LineString","coordinates":[[-99.99773,48.86824],[-99.99723,48.8682],[-99.99572,48.86859]]}},{"type":"Feature","properties":{"segmentId":"osm_9767594"},"geometry":{"type":"LineString","coordinates":[[-99.88481,48.8253],[-99.88589,48.82518],[-99.88741,48.8252],[-99.88791,48.82532],[-99.88824,48.82548],[-99.88852,48.82573],[-99.88897,48.8267],[-99.88915,48.82689],[-99.88944,48.82708],[-99.89001,48.82726],[-99.89807,48.82731]]}},{"type":"Feature","properties":{"segmentId":"osm_9767611"},"geometry":{"type":"LineString","coordinates":[[-99.76282,48.9121],[-99.76195,48.91165],[-99.76039,48.91111],[-99.7601,48.91082],[-99.75971,48.91058],[-99.75958,48.90972],[-99.75904,48.90975],[-99.75881,48.90996],[-99.75858,48.91006],[-99.75813,48.91],[-99.75784,48.90926],[-99.75774,48.90868],[-99.75796,48.90676],[-99.75747,48.90636],[-99.75744,48.90623],[-99.75759,48.90597],[-99.75734,48.90587],[-99.75696,48.90591],[-99.75687,48.9056],[-99.75707,48.90519],[-99.75705,48.90464],[-99.75735,48.90394],[-99.75734,48.90362],[-99.75755,48.90351],[-99.75775,48.9035],[-99.75893,48.90293],[-99.75914,48.90232],[-99.75961,48.90184],[-99.76019,48.90189],[-99.76098,48.90182],[-99.76152,48.90193],[-99.76234,48.90196],[-99.76416,48.90231],[-99.76492,48.90263],[-99.76542,48.90258],[-99.76556,48.90248]]}},{"type":"Feature","properties":{"segmentId":"osm_9767615"},"geometry":{"type":"LineString","coordinates":[[-99.74501,48.97783],[-99.74496,48.97911]]}},{"type":"Feature","properties":{"segmentId":"osm_9767621"},"geometry":{"type":"LineString","coordinates":[[-99.74723,48.9791],[-99.74639,48.97895],[-99.74573,48.97871],[-99.74527,48.97838],[-99.74501,48.97783]]}},{"type":"Feature","properties":{"segmentId":"osm_9767625"},"geometry":{"type":"LineString","coordinates":[[-99.90699,48.81595],[-99.90682,48.81628],[-99.90656,48.81655],[-99.90629,48.81658],[-99.90584,48.81637],[-99.90549,48.81639],[-99.9045,48.81682],[-99.90368,48.81752]]}},{"type":"Feature","properties":{"segmentId":"osm_9767639"},"geometry":{"type":"LineString","coordinates":[[-99.74922,48.90545],[-99.74907,48.90537],[-99.7486,48.9053],[-99.74806,48.90489],[-99.74758,48.90493],[-99.74717,48.90485],[-99.7464,48.90484],[-99.74605,48.90459],[-99.74607,48.9042],[-99.74595,48.90391],[-99.74598,48.90344],[-99.74583,48.90304],[-99.74595,48.90281],[-99.74627,48.90237],[-99.74669,48.90199],[-99.74775,48.90175],[-99.74805,48.90154]]}},{"type":"Feature","properties":{"segmentId":"osm_9767642"},"geometry":{"type":"LineString","coordinates":[[-99.67323,48.88625],[-99.67288,48.88695],[-99.67276,48.88762]]}},{"type":"Feature","properties":{"segmentId":"osm_9767646"},"geometry":{"type":"LineString","coordinates":[[-99.68565,48.87835],[-99.68581,48.87833],[-99.68593,48.87819],[-99.68577,48.87801],[-99.68574,48.87779]]}},{"type":"Feature","properties":{"segmentId":"osm_9767680"},"geometry":{"type":"LineString","coordinates":[[-99.81041,48.8485],[-99.81133,48.84874],[-99.81205,48.84903],[-99.81278,48.84943],[-99.82024,48.85393],[-99.82172,48.85471],[-99.82375,48.85547],[-99.82485,48.85574],[-99.82648,48.85601]]}},{"type":"Feature","properties":{"segmentId":"osm_9767696"},"geometry":{"type":"LineString","coordinates":[[-99.85739,48.82971],[-99.85668,48.82999],[-99.85632,48.83006],[-99.8542,48.82991]]}},{"type":"Feature","properties":{"segmentId":"osm_9767705"},"geometry":{"type":"LineString","coordinates":[[-99.95659,48.8715],[-99.9561,48.87201],[-99.9558,48.87211],[-99.95516,48.87212],[-99.95506,48.87217],[-99.95492,48.87285],[-99.95457,48.87386],[-99.95422,48.87438],[-99.95373,48.87487],[-99.95302,48.87519],[-99.95222,48.87635],[-99.9519,48.87668],[-99.95181,48.87689],[-99.95189,48.8773],[-99.95185,48.87771],[-99.95174,48.87795]]}},{"type":"Feature","properties":{"segmentId":"osm_9767716"},"geometry":{"type":"LineString","coordinates":[[-99.85357,48.82408],[-99.85367,48.82444],[-99.8538,48.8245],[-99.85421,48.82451]]}},{"type":"Feature","properties":{"segmentId":"osm_9767720"},"geometry":{"type":"LineString","coordinates":[[-99.78074,48.57796],[-99.77618,48.57794]]}},{"type":"Feature","properties":{"segmentId":"osm_9767733","name":"92nd Street Northeast"},"geometry":{"type":"LineString","coordinates":[[-99.82246,48.7476],[-99.80017,48.74755],[-99.79961,48.74759],[-99.79949,48.74782]]}},{"type":"Feature","properties":{"segmentId":"osm_9767747","name":"39th Avenue Northeast"},"geometry":{"type":"LineString","coordinates":[[-99.81988,48.53044],[-99.81972,48.53458],[-99.81979,48.53821],[-99.81978,48.55942]]}},{"type":"Feature","properties":{"segmentId":"osm_9767749","name":"2nd Avenue Southwest"},"geometry":{"type":"LineString","coordinates":[[-99.62671,48.8515],[-99.62568,48.85199]]}},{"type":"Feature","properties":{"segmentId":"osm_9767758"},"geometry":{"type":"LineString","coordinates":[[-99.89915,48.88419],[-99.89829,48.88436],[-99.89776,48.88434]]}},{"type":"Feature","properties":{"segmentId":"osm_9767764"},"geometry":{"type":"LineString","coordinates":[[-99.83277,48.82521],[-99.83256,48.82554],[-99.83227,48.82562]]}},{"type":"Feature","properties":{"segmentId":"osm_9767770"},"geometry":{"type":"LineString","coordinates":[[-99.83229,48.83447],[-99.83232,48.81027]]}},{"type":"Feature","properties":{"segmentId":"osm_9767771"},"geometry":{"type":"LineString","coordinates":[[-99.89552,48.87349],[-99.89524,48.8732],[-99.89488,48.87296]]}},{"type":"Feature","properties":{"segmentId":"osm_9767773"},"geometry":{"type":"LineString","coordinates":[[-99.83183,48.82148],[-99.83199,48.82104],[-99.83228,48.82088]]}},{"type":"Feature","properties":{"segmentId":"osm_9767795"},"geometry":{"type":"LineString","coordinates":[[-99.79251,48.8332],[-99.79316,48.83278]]}},{"type":"Feature","properties":{"segmentId":"osm_9767802"},"geometry":{"type":"LineString","coordinates":[[-99.83,48.89224],[-99.83001,48.89322],[-99.83011,48.89366],[-99.83048,48.89389],[-99.83123,48.89415],[-99.83159,48.89438],[-99.83178,48.89451],[-99.83181,48.89481],[-99.83166,48.89708],[-99.8314,48.89733],[-99.83068,48.89762],[-99.83018,48.89794],[-99.8296,48.89852],[-99.82954,48.8987],[-99.82959,48.89901],[-99.82998,48.89931],[-99.83017,48.8996],[-99.83017,48.89982],[-99.82977,48.90104],[-99.83003,48.90152],[-99.83026,48.9026],[-99.83016,48.90287],[-99.82977,48.90309],[-99.82927,48.90417],[-99.82945,48.90446],[-99.83083,48.90554]]}},{"type":"Feature","properties":{"segmentId":"osm_9767818"},"geometry":{"type":"LineString","coordinates":[[-99.79381,48.83347],[-99.79348,48.83296],[-99.79319,48.83279],[-99.79291,48.83269],[-99.79213,48.83283],[-99.79147,48.83264],[-99.78972,48.83158],[-99.78875,48.83112],[-99.78841,48.83082],[-99.78746,48.83079],[-99.78621,48.83044],[-99.78531,48.83046],[-99.784,48.83032],[-99.78341,48.83038],[-99.78329,48.83047],[-99.78307,48.83093]]}},{"type":"Feature","properties":{"segmentId":"osm_9767834"},"geometry":{"type":"LineString","coordinates":[[-100.09272,48.90989],[-100.09275,48.90997],[-100.09332,48.91028],[-100.09479,48.91057],[-100.09552,48.91061]]}},{"type":"Feature","properties":{"segmentId":"osm_9767838"},"geometry":{"type":"LineString","coordinates":[[-100.09814,48.9076],[-100.09836,48.90763],[-100.09834,48.90786],[-100.09846,48.90794],[-100.10203,48.90795],[-100.10362,48.9082]]}},{"type":"Feature","properties":{"segmentId":"osm_9767840"},"geometry":{"type":"LineString","coordinates":[[-100.09489,48.90581],[-100.09498,48.90568],[-100.09533,48.90548],[-100.09559,48.90485]]}},{"type":"Feature","properties":{"segmentId":"osm_9767844"},"geometry":{"type":"LineString","coordinates":[[-99.67018,48.85034],[-99.66925,48.85051]]}},{"type":"Feature","properties":{"segmentId":"osm_9767887","name":"Park Loop Road"},"geometry":{"type":"LineString","coordinates":[[-100.05721,48.99653],[-100.05724,48.99611],[-100.05771,48.99484],[-100.05761,48.99428],[-100.05716,48.99385],[-100.05546,48.99292],[-100.05504,48.99245],[-100.05483,48.99192],[-100.05482,48.99157],[-100.05496,48.99113],[-100.05594,48.98994],[-100.05621,48.98933],[-100.05619,48.98865],[-100.05566,48.98756],[-100.05551,48.98708],[-100.05554,48.98568],[-100.05563,48.9853],[-100.05603,48.98466],[-100.05676,48.98396],[-100.05724,48.98364],[-100.05809,48.98324],[-100.05914,48.98291],[-100.05952,48.98286],[-100.06009,48.98288],[-100.06058,48.98297],[-100.06117,48.98318],[-100.06269,48.98424],[-100.06337,48.98465],[-100.0641,48.98499],[-100.06519,48.98536],[-100.06643,48.98562]]}},{"type":"Feature","properties":{"segmentId":"osm_9767900"},"geometry":{"type":"LineString","coordinates":[[-99.60957,48.86179],[-99.60938,48.86159],[-99.60838,48.86201],[-99.60658,48.86255],[-99.60474,48.86291],[-99.60295,48.86314],[-99.60283,48.86318],[-99.60281,48.86334]]}},{"type":"Feature","properties":{"segmentId":"osm_9767903"},"geometry":{"type":"LineString","coordinates":[[-99.83426,48.877],[-99.834,48.87783]]}},{"type":"Feature","properties":{"segmentId":"osm_9767908"},"geometry":{"type":"LineString","coordinates":[[-99.81779,48.89004],[-99.81796,48.89041],[-99.81856,48.89092],[-99.81871,48.8916],[-99.81902,48.89223]]}},{"type":"Feature","properties":{"segmentId":"osm_9767923"},"geometry":{"type":"LineString","coordinates":[[-99.98604,48.86959],[-99.98586,48.87005],[-99.98522,48.87076],[-99.98416,48.87148],[-99.98336,48.87216],[-99.98324,48.87242],[-99.98307,48.87334],[-99.98236,48.87428],[-99.98224,48.87468],[-99.98225,48.87535]]}},{"type":"Feature","properties":{"segmentId":"osm_9767948"},"geometry":{"type":"LineString","coordinates":[[-100.09542,48.88108],[-100.09523,48.8811],[-100.09507,48.88105],[-100.09399,48.88056],[-100.0937,48.88049],[-100.09328,48.88046],[-100.09309,48.88052],[-100.0928,48.88074],[-100.0927,48.88092],[-100.09256,48.88151],[-100.09232,48.88174],[-100.09197,48.88187],[-100.09188,48.882],[-100.09184,48.88246],[-100.09098,48.88272],[-100.09079,48.88283],[-100.09027,48.8835],[-100.08954,48.88413],[-100.08877,48.88422],[-100.08798,48.88418],[-100.08744,48.88407],[-100.0866,48.88373],[-100.08514,48.88336],[-100.08461,48.88303],[-100.08349,48.88303],[-100.08191,48.88269],[-100.08103,48.88276],[-100.07975,48.8826],[-100.07908,48.88232],[-100.07866,48.88202],[-100.07754,48.88155],[-100.07681,48.88154],[-100.0761,48.88139],[-100.07587,48.88123],[-100.07547,48.88115],[-100.07475,48.88114],[-100.07447,48.88124],[-100.07396,48.8816],[-100.07257,48.88208],[-100.07161,48.88292],[-100.07075,48.88393],[-100.06949,48.8842],[-100.06831,48.88472],[-100.0681,48.88475],[-100.06739,48.88461],[-100.06678,48.8843],[-100.06637,48.8842],[-100.06614,48.88401],[-100.06594,48.88361],[-100.06555,48.88319],[-100.06458,48.88256],[-100.0639,48.88229],[-100.06258,48.88205],[-100.06156,48.88234],[-100.06061,48.8824],[-100.05995,48.8823],[-100.05909,48.88205],[-100.05883,48.88195],[-100.05841,48.88166],[-100.05753,48.88145],[-100.05733,48.88135],[-100.05641,48.88027],[-100.05631,48.87997],[-100.05647,48.87933],[-100.05705,48.87894],[-100.05723,48.87871]]}},{"type":"Feature","properties":{"segmentId":"osm_9767953"},"geometry":{"type":"LineString","coordinates":[[-100.09949,48.88139],[-100.10034,48.88152],[-100.10076,48.88152],[-100.10129,48.88137],[-100.10172,48.88071],[-100.10213,48.88029],[-100.10342,48.87954],[-100.10354,48.87938],[-100.10375,48.87935],[-100.10508,48.87947],[-100.10525,48.87944],[-100.10553,48.87922],[-100.10558,48.8791],[-100.10551,48.87824],[-100.10558,48.8781],[-100.10574,48.87805]]}},{"type":"Feature","properties":{"segmentId":"osm_9767968"},"geometry":{"type":"LineString","coordinates":[[-100.06827,48.88473],[-100.06847,48.88519],[-100.06832,48.88553],[-100.06839,48.8857],[-100.0686,48.88587],[-100.06924,48.88609],[-100.06941,48.88623],[-100.06948,48.88661],[-100.06948,48.8869],[-100.0692,48.88778],[-100.0691,48.8886],[-100.06865,48.88945],[-100.06869,48.89157],[-100.06864,48.89169],[-100.068,48.89204],[-100.06652,48.89234],[-100.06591,48.89232],[-100.06547,48.89223],[-100.06512,48.89211],[-100.06475,48.89188],[-100.06458,48.89152],[-100.06417,48.89118],[-100.06342,48.89013],[-100.06201,48.88728],[-100.0619,48.88714],[-100.06128,48.88673],[-100.06114,48.8867],[-100.06091,48.88675],[-100.06047,48.88705],[-100.06007,48.88715],[-100.05946,48.8871],[-100.05898,48.88689],[-100.0587,48.88684],[-100.05736,48.88704],[-100.05691,48.88702],[-100.05649,48.88688],[-100.05618,48.8867],[-100.05608,48.88662],[-100.05601,48.88622],[-100.05553,48.88593],[-100.05518,48.88588],[-100.05442,48.88599],[-100.05424,48.88595],[-100.05391,48.88555],[-100.05363,48.88554],[-100.05305,48.88566],[-100.05286,48.88574],[-100.05271,48.88599],[-100.05227,48.88604]]}},{"type":"Feature","properties":{"segmentId":"osm_9767973","name":"Aaniin Drive Northeast"},"geometry":{"type":"LineString","coordinates":[[-99.76007,48.83358],[-99.75988,48.83341],[-99.7598,48.83319],[-99.75977,48.83126]]}},{"type":"Feature","properties":{"segmentId":"osm_9767984"},"geometry":{"type":"LineString","coordinates":[[-99.78871,48.87564],[-99.7884,48.87615],[-99.78832,48.87688],[-99.78815,48.89046],[-99.78822,48.89098],[-99.78834,48.89122],[-99.78902,48.89212]]}},{"type":"Feature","properties":{"segmentId":"osm_9768002"},"geometry":{"type":"LineString","coordinates":[[-100.04489,48.87802],[-100.04515,48.87808],[-100.04548,48.8786],[-100.04525,48.87899],[-100.04463,48.87917],[-100.04397,48.8795],[-100.0427,48.87993]]}},{"type":"Feature","properties":{"segmentId":"osm_9768014"},"geometry":{"type":"LineString","coordinates":[[-99.76775,48.82568],[-99.76892,48.82551],[-99.76962,48.8252],[-99.7709,48.82499],[-99.77127,48.82451],[-99.77137,48.82414],[-99.77156,48.82384],[-99.77193,48.82366]]}},{"type":"Feature","properties":{"segmentId":"osm_9768026"},"geometry":{"type":"LineString","coordinates":[[-99.61378,48.81974],[-99.60886,48.81968],[-99.60621,48.81975],[-99.60265,48.81975],[-99.6026,48.82446],[-99.60243,48.82458],[-99.60225,48.82454],[-99.602,48.82416],[-99.60068,48.82299],[-99.59863,48.82233],[-99.59764,48.82175]]}},{"type":"Feature","properties":{"segmentId":"osm_9768028"},"geometry":{"type":"LineString","coordinates":[[-99.61083,48.81972],[-99.61067,48.81952],[-99.61084,48.8188]]}},{"type":"Feature","properties":{"segmentId":"osm_9768029"},"geometry":{"type":"LineString","coordinates":[[-99.76684,48.81564],[-99.76569,48.81554],[-99.76526,48.81558]]}},{"type":"Feature","properties":{"segmentId":"osm_9768030"},"geometry":{"type":"LineString","coordinates":[[-99.56984,48.81945],[-99.56986,48.81736],[-99.5696,48.81736]]}},{"type":"Feature","properties":{"segmentId":"osm_9768038"},"geometry":{"type":"LineString","coordinates":[[-99.61333,48.84777],[-99.61284,48.84742],[-99.6123,48.84736],[-99.61219,48.84745],[-99.61253,48.84774]]}},{"type":"Feature","properties":{"segmentId":"osm_9768045"},"geometry":{"type":"LineString","coordinates":[[-100.02947,48.88349],[-100.0295,48.88146],[-100.02925,48.88139],[-100.02919,48.88131],[-100.02914,48.88029],[-100.02903,48.87977],[-100.02917,48.87853],[-100.02947,48.87835]]}},{"type":"Feature","properties":{"segmentId":"osm_9768052"},"geometry":{"type":"LineString","coordinates":[[-100.01871,48.87834],[-100.01867,48.87876],[-100.01898,48.87923],[-100.01913,48.88015],[-100.01908,48.88059],[-100.01885,48.88105],[-100.01902,48.88168],[-100.01893,48.88201]]}},{"type":"Feature","properties":{"segmentId":"osm_9768071"},"geometry":{"type":"LineString","coordinates":[[-100.00793,48.85703],[-100.00782,48.85676],[-100.00782,48.85639],[-100.00811,48.85524],[-100.00784,48.85402],[-100.00795,48.85291],[-100.00782,48.84924]]}},{"type":"Feature","properties":{"segmentId":"osm_9768077"},"geometry":{"type":"LineString","coordinates":[[-100.01832,48.87683],[-100.01859,48.87696],[-100.01924,48.87711],[-100.01941,48.87723]]}},{"type":"Feature","properties":{"segmentId":"osm_9768095"},"geometry":{"type":"LineString","coordinates":[[-100.04251,48.84848],[-100.04283,48.84823],[-100.043,48.84767]]}},{"type":"Feature","properties":{"segmentId":"osm_9768104"},"geometry":{"type":"LineString","coordinates":[[-99.9308,48.71867],[-99.93103,48.71879],[-99.93107,48.71902],[-99.93117,48.7341],[-99.93127,48.73454],[-99.93154,48.73492],[-99.93322,48.73595],[-99.93348,48.73625],[-99.93355,48.73651],[-99.93354,48.73701],[-99.93341,48.73732],[-99.93115,48.739],[-99.93098,48.73929],[-99.93101,48.74773]]}},{"type":"Feature","properties":{"segmentId":"osm_9768112"},"geometry":{"type":"LineString","coordinates":[[-99.61972,48.86523],[-99.61971,48.86436]]}},{"type":"Feature","properties":{"segmentId":"osm_9768129"},"geometry":{"type":"LineString","coordinates":[[-100.00547,48.88098],[-100.00576,48.88176],[-100.0064,48.88204],[-100.00744,48.88264],[-100.00669,48.88339],[-100.00657,48.88458],[-100.00653,48.88473],[-100.00629,48.88491],[-100.00493,48.88512],[-100.00413,48.88517],[-100.00071,48.88528],[-99.9981,48.88546],[-99.99697,48.88545]]}},{"type":"Feature","properties":{"segmentId":"osm_9768135","name":"State Street"},"geometry":{"type":"LineString","coordinates":[[-99.84176,48.66],[-99.84177,48.66812]]}},{"type":"Feature","properties":{"segmentId":"osm_9768139","name":"47th Avenue Northeast"},"geometry":{"type":"LineString","coordinates":[[-99.67924,48.71848],[-99.67922,48.73354],[-99.6793,48.73702],[-99.67918,48.74236],[-99.67925,48.74349],[-99.67923,48.74753]]}},{"type":"Feature","properties":{"segmentId":"osm_9768146"},"geometry":{"type":"LineString","coordinates":[[-100.03847,48.83484],[-100.03775,48.83484],[-100.03718,48.83463],[-100.03687,48.83458],[-100.03507,48.8349],[-100.035,48.83527],[-100.03451,48.83564],[-100.03444,48.83579],[-100.03442,48.83617],[-100.03456,48.83645]]}},{"type":"Feature","properties":{"segmentId":"osm_9768155"},"geometry":{"type":"LineString","coordinates":[[-100.04809,48.579],[-100.04808,48.58022],[-100.04826,48.58087],[-100.04808,48.5814],[-100.04805,48.58214],[-100.04805,48.58864]]}},{"type":"Feature","properties":{"segmentId":"osm_9768166"},"geometry":{"type":"LineString","coordinates":[[-100.02213,48.84773],[-100.02261,48.8475],[-100.02326,48.84736],[-100.02367,48.84739],[-100.0244,48.84757],[-100.02468,48.84752],[-100.02492,48.84758],[-100.02513,48.84793],[-100.02548,48.84808],[-100.02596,48.84812],[-100.02678,48.84783],[-100.0276,48.84737],[-100.02788,48.84702],[-100.02817,48.84687],[-100.02816,48.84667],[-100.02789,48.84638],[-100.02725,48.84636],[-100.02672,48.84618],[-100.0258,48.84598]]}},{"type":"Feature","properties":{"segmentId":"osm_9768189"},"geometry":{"type":"LineString","coordinates":[[-99.62032,48.8569],[-99.62132,48.8578],[-99.62169,48.8578],[-99.62187,48.8577],[-99.62188,48.85753],[-99.62102,48.85671]]}},{"type":"Feature","properties":{"segmentId":"osm_9768273"},"geometry":{"type":"LineString","coordinates":[[-99.96371,48.87798],[-99.96388,48.85982]]}},{"type":"Feature","properties":{"segmentId":"osm_9768279"},"geometry":{"type":"LineString","coordinates":[[-100.02133,48.8415],[-100.02086,48.84058],[-100.02029,48.84006],[-100.02009,48.83959],[-100.01974,48.83942],[-100.01907,48.83928],[-100.01856,48.83933],[-100.01799,48.83971],[-100.01793,48.83991],[-100.01759,48.84014],[-100.01609,48.84017],[-100.01594,48.84027],[-100.01576,48.84029],[-100.01489,48.8403],[-100.01332,48.83952],[-100.01248,48.83921],[-100.01179,48.83937],[-100.01136,48.83964],[-100.01061,48.83968]]}},{"type":"Feature","properties":{"segmentId":"osm_9768286"},"geometry":{"type":"LineString","coordinates":[[-100.00654,48.84448],[-100.00586,48.84484],[-100.00552,48.84516],[-100.00504,48.84545],[-100.0046,48.84609],[-100.00382,48.84658],[-100.00378,48.84689],[-100.00413,48.8471],[-100.00467,48.84723],[-100.00506,48.84716],[-100.00521,48.8471],[-100.00539,48.84685],[-100.00546,48.84643],[-100.00538,48.84593],[-100.00495,48.84554],[-100.00441,48.84548],[-100.00372,48.84553],[-100.00204,48.84575],[-100.00022,48.84609]]}},{"type":"Feature","properties":{"segmentId":"osm_9768303"},"geometry":{"type":"LineString","coordinates":[[-99.77967,48.57387],[-99.77969,48.57831]]}},{"type":"Feature","properties":{"segmentId":"osm_9768327"},"geometry":{"type":"LineString","coordinates":[[-99.73171,48.83436],[-99.73165,48.83833]]}},{"type":"Feature","properties":{"segmentId":"osm_9768329"},"geometry":{"type":"LineString","coordinates":[[-99.62358,48.85498],[-99.624,48.85532]]}},{"type":"Feature","properties":{"segmentId":"osm_9768333"},"geometry":{"type":"LineString","coordinates":[[-99.58946,48.8342],[-99.58987,48.83437],[-99.5998,48.84287],[-99.60607,48.8487]]}},{"type":"Feature","properties":{"segmentId":"osm_9768336"},"geometry":{"type":"LineString","coordinates":[[-99.74811,48.82991],[-99.74608,48.83124],[-99.74575,48.83139],[-99.74488,48.8315]]}},{"type":"Feature","properties":{"segmentId":"osm_9768343"},"geometry":{"type":"LineString","coordinates":[[-99.81047,48.80045],[-99.8109,48.79962],[-99.81154,48.79886],[-99.8124,48.79821],[-99.81294,48.79791],[-99.81337,48.79754],[-99.8137,48.79751],[-99.81473,48.79765],[-99.81561,48.79744],[-99.81643,48.79742],[-99.81682,48.79735],[-99.81853,48.79679],[-99.81973,48.79626],[-99.82071,48.79566],[-99.82127,48.79572],[-99.82127,48.79114]]}},{"type":"Feature","properties":{"segmentId":"osm_9768349"},"geometry":{"type":"LineString","coordinates":[[-99.81037,48.79134],[-99.81127,48.79102],[-99.8153,48.79112],[-99.83449,48.7912]]}},{"type":"Feature","properties":{"segmentId":"osm_9768352"},"geometry":{"type":"LineString","coordinates":[[-99.80242,48.80674],[-99.80194,48.80683],[-99.80165,48.80712]]}},{"type":"Feature","properties":{"segmentId":"osm_9768355"},"geometry":{"type":"LineString","coordinates":[[-100.09159,48.89862],[-100.09154,48.89832],[-100.09125,48.89784],[-100.091,48.89769],[-100.09012,48.89744],[-100.08907,48.89702],[-100.08823,48.89693],[-100.08728,48.8972],[-100.08683,48.89726],[-100.08648,48.89742]]}},{"type":"Feature","properties":{"segmentId":"osm_9768360"},"geometry":{"type":"LineString","coordinates":[[-99.7752,48.80538],[-99.77594,48.80547],[-99.77754,48.80541],[-99.77872,48.80551],[-99.78324,48.80542],[-99.78484,48.80552],[-99.78604,48.80544],[-99.78847,48.80549]]}},{"type":"Feature","properties":{"segmentId":"osm_9768378"},"geometry":{"type":"LineString","coordinates":[[-100.09394,48.59466],[-100.09383,48.59474],[-100.09386,48.60322]]}},{"type":"Feature","properties":{"segmentId":"osm_9768382"},"geometry":{"type":"LineString","coordinates":[[-100.07322,48.60397],[-100.07344,48.60378],[-100.07349,48.60318]]}},{"type":"Feature","properties":{"segmentId":"osm_9768390"},"geometry":{"type":"LineString","coordinates":[[-99.62439,48.85339],[-99.62367,48.85373]]}},{"type":"Feature","properties":{"segmentId":"osm_9768395"},"geometry":{"type":"LineString","coordinates":[[-99.72774,48.83905],[-99.72294,48.83905]]}},{"type":"Feature","properties":{"segmentId":"osm_9768397"},"geometry":{"type":"LineString","coordinates":[[-99.99816,48.59475],[-99.99379,48.59475]]}},{"type":"Feature","properties":{"segmentId":"osm_9768401"},"geometry":{"type":"LineString","coordinates":[[-99.62764,48.85308],[-99.62784,48.85326]]}},{"type":"Feature","properties":{"segmentId":"osm_9768405","name":"Well House Road"},"geometry":{"type":"LineString","coordinates":[[-99.62032,48.84882],[-99.62016,48.84939],[-99.62021,48.84982],[-99.62056,48.85194],[-99.62081,48.85242],[-99.62109,48.85478],[-99.6212,48.8549]]}},{"type":"Feature","properties":{"segmentId":"osm_9768415"},"geometry":{"type":"LineString","coordinates":[[-100.05798,48.99646],[-100.05731,48.99651],[-100.05624,48.99677],[-100.05547,48.99707],[-100.05499,48.99736],[-100.05453,48.99792],[-100.05438,48.99832],[-100.05438,48.99927]]}},{"type":"Feature","properties":{"segmentId":"osm_9768422"},"geometry":{"type":"LineString","coordinates":[[-100.04216,48.83124],[-100.04238,48.83099],[-100.04362,48.83043],[-100.04385,48.83012],[-100.04427,48.82984],[-100.04516,48.82955],[-100.04532,48.82933],[-100.04552,48.82846],[-100.04541,48.82802],[-100.04523,48.82788],[-100.04427,48.82782],[-100.04234,48.82783]]}},{"type":"Feature","properties":{"segmentId":"osm_9768436"},"geometry":{"type":"LineString","coordinates":[[-99.74393,48.8633],[-99.74331,48.86182],[-99.74276,48.86118],[-99.74257,48.86104],[-99.74101,48.86035],[-99.74017,48.85984],[-99.73965,48.85926],[-99.73942,48.85915],[-99.73916,48.85912],[-99.73776,48.8593],[-99.73682,48.85952],[-99.73627,48.85974],[-99.73547,48.85977]]}},{"type":"Feature","properties":{"segmentId":"osm_9768449"},"geometry":{"type":"LineString","coordinates":[[-99.81485,48.59378],[-99.8145,48.59401],[-99.81389,48.59421],[-99.81281,48.59472],[-99.81171,48.5955],[-99.81146,48.59561],[-99.80896,48.59561],[-99.80812,48.59574],[-99.79837,48.59568],[-99.79803,48.59563]]}},{"type":"Feature","properties":{"segmentId":"osm_9768453"},"geometry":{"type":"LineString","coordinates":[[-99.76116,48.60177],[-99.76078,48.60184],[-99.76064,48.60195],[-99.76056,48.60238],[-99.76065,48.60287]]}},{"type":"Feature","properties":{"segmentId":"osm_9768455"},"geometry":{"type":"LineString","coordinates":[[-99.73866,48.60221],[-99.73828,48.60247],[-99.7379,48.60287]]}},{"type":"Feature","properties":{"segmentId":"osm_9768456"},"geometry":{"type":"LineString","coordinates":[[-99.60591,48.8627],[-99.606,48.8629]]}},{"type":"Feature","properties":{"segmentId":"osm_9768461"},"geometry":{"type":"LineString","coordinates":[[-99.60817,48.86231],[-99.60804,48.86212]]}},{"type":"Feature","properties":{"segmentId":"osm_9768466"},"geometry":{"type":"LineString","coordinates":[[-99.99981,48.82873],[-100.00044,48.82873],[-100.00218,48.82839]]}},{"type":"Feature","properties":{"segmentId":"osm_9768480"},"geometry":{"type":"LineString","coordinates":[[-100.05798,48.99646],[-100.06017,48.99647],[-100.06088,48.99668],[-100.06129,48.99697],[-100.06195,48.99796],[-100.06223,48.99816],[-100.06278,48.99835],[-100.06318,48.99839],[-100.06836,48.99839],[-100.06914,48.99864],[-100.06949,48.99906],[-100.06953,48.99934]]}},{"type":"Feature","properties":{"segmentId":"osm_9768483"},"geometry":{"type":"LineString","coordinates":[[-99.73862,48.8613],[-99.73839,48.86089],[-99.73819,48.86077],[-99.73687,48.86069],[-99.73617,48.86058],[-99.73567,48.86062],[-99.7353,48.86057],[-99.73462,48.86026],[-99.73423,48.86026],[-99.73353,48.8604],[-99.73221,48.86043],[-99.73137,48.86029],[-99.73099,48.86016],[-99.73072,48.86018],[-99.72986,48.86005],[-99.72951,48.85992],[-99.72905,48.85959],[-99.72848,48.85944],[-99.72818,48.85905],[-99.72673,48.8584],[-99.72631,48.85788]]}},{"type":"Feature","properties":{"segmentId":"osm_9768503"},"geometry":{"type":"LineString","coordinates":[[-99.74333,48.85396],[-99.744,48.85426],[-99.74426,48.8545],[-99.74441,48.85453],[-99.74484,48.85445]]}},{"type":"Feature","properties":{"segmentId":"osm_9768507","name":"33rd Avenue Northeast"},"geometry":{"type":"LineString","coordinates":[[-99.95011,48.60297],[-99.95009,48.56828],[-99.94992,48.56735],[-99.94992,48.56657],[-99.94886,48.56599],[-99.94849,48.56554],[-99.94851,48.56527],[-99.94867,48.56517],[-99.94915,48.56503],[-99.94953,48.56497],[-99.94994,48.565],[-99.95006,48.56493],[-99.95002,48.56139],[-99.95011,48.55961],[-99.95025,48.55878],[-99.95019,48.55858],[-99.95016,48.55225],[-99.95003,48.55107],[-99.94999,48.54517],[-99.95012,48.54503],[-99.95027,48.54499]]}},{"type":"Feature","properties":{"segmentId":"osm_9768522"},"geometry":{"type":"LineString","coordinates":[[-99.92835,48.63198],[-99.92828,48.61744]]}},{"type":"Feature","properties":{"segmentId":"osm_9768524"},"geometry":{"type":"LineString","coordinates":[[-99.61176,48.86957],[-99.61361,48.86958]]}},{"type":"Feature","properties":{"segmentId":"osm_9768535"},"geometry":{"type":"LineString","coordinates":[[-99.79158,48.81078],[-99.7913,48.8106],[-99.79112,48.81056],[-99.78843,48.81059]]}},{"type":"Feature","properties":{"segmentId":"osm_9768544","name":"95th Street Northeast"},"geometry":{"type":"LineString","coordinates":[[-99.8763,48.79107],[-99.86498,48.79112],[-99.85452,48.79106],[-99.85364,48.7911],[-99.85272,48.79106],[-99.84487,48.7911],[-99.843,48.79117],[-99.83927,48.7912],[-99.83884,48.7913],[-99.83773,48.79141]]}},{"type":"Feature","properties":{"segmentId":"osm_9768571"},"geometry":{"type":"LineString","coordinates":[[-99.72403,48.85059],[-99.72289,48.85063]]}},{"type":"Feature","properties":{"segmentId":"osm_9768575"},"geometry":{"type":"LineString","coordinates":[[-99.92008,48.74055],[-99.9154,48.74044],[-99.91455,48.74048],[-99.9094,48.74041],[-99.9072,48.74047],[-99.90255,48.74036],[-99.8983,48.74037]]}},{"type":"Feature","properties":{"segmentId":"osm_9768584"},"geometry":{"type":"LineString","coordinates":[[-99.90512,48.74729],[-99.90559,48.74705],[-99.90558,48.74624]]}},{"type":"Feature","properties":{"segmentId":"osm_9768593"},"geometry":{"type":"LineString","coordinates":[[-99.89439,48.74404],[-99.89458,48.74444],[-99.89495,48.74479],[-99.89643,48.74479],[-99.89679,48.74435],[-99.89686,48.74408],[-99.89687,48.74368],[-99.8966,48.74312],[-99.89631,48.74294],[-99.89514,48.74308],[-99.89399,48.74306],[-99.89395,48.74339],[-99.89439,48.74404]]}},{"type":"Feature","properties":{"segmentId":"osm_9768601"},"geometry":{"type":"LineString","coordinates":[[-99.91992,48.86767],[-99.9193,48.86744],[-99.91635,48.86746],[-99.91559,48.86759],[-99.91527,48.86777],[-99.91509,48.86806],[-99.915,48.86894],[-99.91514,48.86927],[-99.91545,48.86943],[-99.91534,48.86984],[-99.91539,48.8699],[-99.91657,48.87021]]}},{"type":"Feature","properties":{"segmentId":"osm_9768603"},"geometry":{"type":"LineString","coordinates":[[-99.91466,48.86578],[-99.91464,48.86617],[-99.9145,48.86637],[-99.9148,48.86682],[-99.91476,48.86706],[-99.91519,48.86786]]}},{"type":"Feature","properties":{"segmentId":"osm_9768606"},"geometry":{"type":"LineString","coordinates":[[-99.91289,48.86504],[-99.91884,48.86465],[-99.91992,48.86467]]}},{"type":"Feature","properties":{"segmentId":"osm_9768609"},"geometry":{"type":"LineString","coordinates":[[-100.01795,48.54637],[-100.01766,48.54654],[-100.0173,48.54662],[-100.0158,48.5466],[-100.01553,48.54665],[-100.01536,48.54675]]}},{"type":"Feature","properties":{"segmentId":"osm_9768613"},"geometry":{"type":"LineString","coordinates":[[-99.9717,48.54627],[-99.97164,48.54617],[-99.97143,48.54614]]}},{"type":"Feature","properties":{"segmentId":"osm_9768615"},"geometry":{"type":"LineString","coordinates":[[-99.97191,48.54599],[-99.9717,48.54627]]}},{"type":"Feature","properties":{"segmentId":"osm_9768618"},"geometry":{"type":"LineString","coordinates":[[-99.79018,48.54863],[-99.79058,48.54847],[-99.79798,48.54857]]}},{"type":"Feature","properties":{"segmentId":"osm_9768629"},"geometry":{"type":"LineString","coordinates":[[-99.82057,48.89223],[-99.8207,48.89284],[-99.8207,48.89445],[-99.82087,48.89521],[-99.82084,48.89538],[-99.82071,48.89554],[-99.81965,48.89612],[-99.81923,48.89647],[-99.81838,48.89668],[-99.81762,48.89703],[-99.81727,48.89743],[-99.81687,48.8984],[-99.81612,48.8995],[-99.81575,48.89981],[-99.81554,48.89993],[-99.81458,48.90014],[-99.81383,48.90042],[-99.81274,48.90058],[-99.81262,48.90069],[-99.8124,48.90095],[-99.81233,48.90171],[-99.81221,48.902],[-99.8118,48.90224],[-99.81155,48.90353],[-99.81157,48.90451],[-99.81179,48.9048],[-99.8122,48.90514],[-99.81234,48.90548],[-99.81223,48.90569],[-99.81154,48.90614],[-99.81062,48.90661],[-99.81009,48.90725]]}},{"type":"Feature","properties":{"segmentId":"osm_9768632"},"geometry":{"type":"LineString","coordinates":[[-99.80293,48.54657],[-99.80288,48.5462],[-99.80262,48.54605],[-99.80236,48.54599],[-99.79798,48.54602]]}},{"type":"Feature","properties":{"segmentId":"osm_9768635"},"geometry":{"type":"LineString","coordinates":[[-99.68757,48.86232],[-99.68603,48.86283],[-99.68581,48.86318],[-99.68581,48.86331]]}},{"type":"Feature","properties":{"segmentId":"osm_9768647"},"geometry":{"type":"LineString","coordinates":[[-100.0153,48.66962],[-100.01776,48.66954],[-100.01859,48.66962],[-100.01944,48.66985],[-100.01976,48.66971],[-100.01984,48.66959],[-100.02011,48.66842]]}},{"type":"Feature","properties":{"segmentId":"osm_9768655"},"geometry":{"type":"LineString","coordinates":[[-99.67982,48.85926],[-99.67905,48.85935]]}},{"type":"Feature","properties":{"segmentId":"osm_9768694"},"geometry":{"type":"LineString","coordinates":[[-99.88774,48.85623],[-99.88771,48.85718],[-99.88738,48.85778],[-99.88735,48.85828],[-99.88787,48.85865],[-99.88847,48.85969],[-99.88849,48.85987],[-99.88836,48.86021],[-99.88857,48.86091],[-99.88858,48.86163],[-99.88873,48.86261],[-99.88836,48.86295],[-99.88814,48.86328],[-99.88805,48.86408],[-99.88787,48.86455],[-99.88652,48.8665],[-99.8861,48.86681],[-99.88552,48.86712],[-99.88501,48.86774],[-99.88431,48.8682],[-99.88436,48.86846],[-99.88427,48.86893],[-99.88428,48.86959],[-99.88407,48.87047],[-99.88417,48.87134],[-99.88493,48.87256],[-99.88556,48.87331],[-99.88557,48.87376],[-99.88568,48.87397],[-99.88583,48.87414],[-99.88606,48.87423],[-99.88729,48.87456],[-99.8875,48.87467],[-99.88884,48.87581],[-99.88899,48.87617],[-99.88927,48.87647]]}},{"type":"Feature","properties":{"segmentId":"osm_9768699"},"geometry":{"type":"LineString","coordinates":[[-100.00451,48.55604],[-100.01497,48.55608],[-100.01531,48.55612]]}},{"type":"Feature","properties":{"segmentId":"osm_9768716"},"geometry":{"type":"LineString","coordinates":[[-99.63018,48.85245],[-99.62979,48.85208]]}},{"type":"Feature","properties":{"segmentId":"osm_9768722"},"geometry":{"type":"LineString","coordinates":[[-99.9063,48.55213],[-99.90621,48.55226],[-99.90596,48.55235],[-99.90558,48.55238],[-99.90411,48.55197],[-99.9036,48.55195],[-99.90279,48.55214],[-99.90145,48.55268],[-99.90053,48.55333],[-99.89993,48.5539],[-99.89944,48.5542],[-99.89929,48.55545],[-99.89951,48.55587],[-99.90017,48.55652],[-99.90138,48.55719],[-99.90193,48.5577],[-99.90283,48.55787],[-99.90391,48.55786],[-99.90409,48.55795],[-99.90415,48.55898],[-99.90422,48.55902],[-99.90533,48.55907],[-99.90564,48.559],[-99.90591,48.5588],[-99.90612,48.55846],[-99.90629,48.55835],[-99.90624,48.55906],[-99.90631,48.55949]]}},{"type":"Feature","properties":{"segmentId":"osm_9768725"},"geometry":{"type":"LineString","coordinates":[[-99.87901,48.55743],[-99.8787,48.55742],[-99.87831,48.55752],[-99.87832,48.55948]]}},{"type":"Feature","properties":{"segmentId":"osm_9768742"},"geometry":{"type":"LineString","coordinates":[[-99.63549,48.85016],[-99.63454,48.85044],[-99.63322,48.851],[-99.62064,48.85688],[-99.62044,48.85693],[-99.62018,48.85684],[-99.62005,48.85671],[-99.62031,48.85653],[-99.63152,48.85125],[-99.63162,48.85126],[-99.63198,48.85158]]}},{"type":"Feature","properties":{"segmentId":"osm_9768747"},"geometry":{"type":"LineString","coordinates":[[-100.0571,48.95849],[-100.05698,48.95872],[-100.05664,48.95892],[-100.05618,48.95932],[-100.05566,48.95997],[-100.05538,48.96003]]}},{"type":"Feature","properties":{"segmentId":"osm_9768751"},"geometry":{"type":"LineString","coordinates":[[-99.63389,48.85071],[-99.6337,48.85055]]}},{"type":"Feature","properties":{"segmentId":"osm_9768762"},"geometry":{"type":"LineString","coordinates":[[-100.05148,48.81107],[-100.05185,48.81165],[-100.05316,48.81267],[-100.05388,48.81288],[-100.05747,48.81539],[-100.05761,48.81536]]}},{"type":"Feature","properties":{"segmentId":"osm_9768765"},"geometry":{"type":"LineString","coordinates":[[-99.73891,48.95363],[-99.73877,48.9534],[-99.73829,48.95312],[-99.73788,48.9527],[-99.73734,48.95252],[-99.73703,48.9523],[-99.73683,48.95225],[-99.73646,48.9523],[-99.73591,48.95267],[-99.73545,48.9528],[-99.7337,48.95251],[-99.7329,48.95251]]}},{"type":"Feature","properties":{"segmentId":"osm_9768779"},"geometry":{"type":"LineString","coordinates":[[-100.06065,48.85027],[-100.06131,48.85021],[-100.06189,48.85074],[-100.06206,48.85096],[-100.06208,48.85159],[-100.06198,48.85182],[-100.06222,48.85216],[-100.06343,48.85301],[-100.06426,48.85332],[-100.06561,48.85365],[-100.06724,48.85385]]}},{"type":"Feature","properties":{"segmentId":"osm_9768798"},"geometry":{"type":"LineString","coordinates":[[-99.72469,48.95011],[-99.7247,48.94998],[-99.7249,48.94982],[-99.72503,48.94957],[-99.72557,48.94937],[-99.72572,48.94915],[-99.72563,48.94893],[-99.72572,48.94869],[-99.72579,48.94783],[-99.72578,48.94703],[-99.72561,48.94677],[-99.72539,48.94673],[-99.72516,48.94683]]}},{"type":"Feature","properties":{"segmentId":"osm_9768810"},"geometry":{"type":"LineString","coordinates":[[-99.96391,48.83596],[-99.96397,48.8363],[-99.96422,48.83668],[-99.96447,48.83676],[-99.96495,48.83676],[-99.96552,48.8373],[-99.96568,48.83734],[-99.96638,48.83738],[-99.96669,48.83734],[-99.96706,48.8372],[-99.96831,48.8372],[-99.96916,48.8373],[-99.96975,48.83751],[-99.97027,48.8375],[-99.97085,48.83757]]}},{"type":"Feature","properties":{"segmentId":"osm_9768833"},"geometry":{"type":"LineString","coordinates":[[-99.85918,48.8056],[-99.85928,48.8044],[-99.8595,48.80414],[-99.86,48.80384],[-99.86015,48.80352],[-99.86032,48.79763],[-99.86058,48.79711],[-99.86113,48.79671],[-99.86166,48.79653],[-99.86248,48.79644],[-99.87199,48.79647],[-99.87293,48.7966],[-99.87363,48.79686],[-99.8741,48.79716],[-99.87455,48.79761]]}},{"type":"Feature","properties":{"segmentId":"osm_9768851"},"geometry":{"type":"LineString","coordinates":[[-99.9192,48.98179],[-99.91837,48.98172],[-99.91752,48.98177],[-99.91718,48.98158],[-99.91508,48.98117],[-99.91379,48.98076],[-99.91359,48.98078],[-99.9131,48.98128],[-99.91249,48.98253],[-99.91206,48.98308],[-99.91186,48.98328],[-99.91046,48.98418],[-99.90959,48.98491],[-99.9093,48.98532],[-99.90897,48.98558],[-99.90874,48.98557],[-99.90799,48.98535],[-99.9066,48.98486],[-99.90445,48.98443],[-99.90396,48.98396],[-99.90357,48.98371],[-99.90228,48.98331],[-99.90202,48.98329],[-99.90151,48.98376],[-99.90129,48.98442]]}},{"type":"Feature","properties":{"segmentId":"osm_9768858"},"geometry":{"type":"LineString","coordinates":[[-99.82482,48.98426],[-99.82506,48.98398],[-99.82673,48.98386],[-99.82759,48.9837],[-99.82834,48.98325],[-99.82848,48.98285],[-99.82881,48.98267],[-99.82913,48.98262],[-99.83027,48.98264],[-99.83051,48.98259]]}},{"type":"Feature","properties":{"segmentId":"osm_9768867"},"geometry":{"type":"LineString","coordinates":[[-99.84653,48.98242],[-99.8459,48.98233],[-99.84407,48.98239],[-99.8438,48.98225],[-99.84372,48.98179],[-99.84369,48.97955],[-99.84361,48.97935],[-99.84332,48.9792]]}},{"type":"Feature","properties":{"segmentId":"osm_9768873"},"geometry":{"type":"LineString","coordinates":[[-99.84846,48.98035],[-99.84811,48.98126],[-99.84786,48.98162],[-99.84653,48.98242]]}},{"type":"Feature","properties":{"segmentId":"osm_9768882"},"geometry":{"type":"LineString","coordinates":[[-99.76997,48.86894],[-99.76923,48.8694]]}},{"type":"Feature","properties":{"segmentId":"osm_9768888"},"geometry":{"type":"LineString","coordinates":[[-99.76727,48.86822],[-99.76673,48.86845],[-99.76666,48.86854],[-99.76662,48.86911],[-99.76682,48.8692],[-99.76703,48.86917],[-99.76723,48.86897],[-99.76727,48.86865],[-99.76756,48.86847]]}},{"type":"Feature","properties":{"segmentId":"osm_9768900"},"geometry":{"type":"LineString","coordinates":[[-99.72736,48.97136],[-99.72687,48.97263],[-99.72591,48.97409]]}},{"type":"Feature","properties":{"segmentId":"osm_9768905"},"geometry":{"type":"LineString","coordinates":[[-100.04142,48.85963],[-100.04061,48.85994],[-100.03972,48.86075],[-100.03955,48.861]]}},{"type":"Feature","properties":{"segmentId":"osm_9768907"},"geometry":{"type":"LineString","coordinates":[[-100.02249,48.85247],[-100.0232,48.8523]]}},{"type":"Feature","properties":{"segmentId":"osm_9768912"},"geometry":{"type":"LineString","coordinates":[[-99.86386,48.79644],[-99.86381,48.79804]]}},{"type":"Feature","properties":{"segmentId":"osm_9768916"},"geometry":{"type":"LineString","coordinates":[[-99.86445,48.79806],[-99.86532,48.79814],[-99.86574,48.79811]]}},{"type":"Feature","properties":{"segmentId":"osm_9768935"},"geometry":{"type":"LineString","coordinates":[[-99.85947,48.70572],[-99.85985,48.7057],[-99.85997,48.70564],[-99.85997,48.70525],[-99.85963,48.7048],[-99.85908,48.7048]]}},{"type":"Feature","properties":{"segmentId":"osm_9768938"},"geometry":{"type":"LineString","coordinates":[[-99.8691,48.69719],[-99.86757,48.69717],[-99.86708,48.69703],[-99.86664,48.69716],[-99.86555,48.69716]]}},{"type":"Feature","properties":{"segmentId":"osm_9768943"},"geometry":{"type":"LineString","coordinates":[[-99.61405,48.85474],[-99.61369,48.85487],[-99.61362,48.855],[-99.61354,48.8557]]}},{"type":"Feature","properties":{"segmentId":"osm_9768950"},"geometry":{"type":"LineString","coordinates":[[-99.83137,48.69655],[-99.83431,48.69648],[-99.83447,48.69643],[-99.83629,48.69642]]}},{"type":"Feature","properties":{"segmentId":"osm_9768952"},"geometry":{"type":"LineString","coordinates":[[-99.87313,48.79667],[-99.87271,48.79735],[-99.87277,48.79764],[-99.87307,48.79796]]}},{"type":"Feature","properties":{"segmentId":"osm_9768963"},"geometry":{"type":"LineString","coordinates":[[-99.72482,48.93732],[-99.72579,48.93728],[-99.72654,48.93742],[-99.72683,48.93734]]}},{"type":"Feature","properties":{"segmentId":"osm_9768985"},"geometry":{"type":"LineString","coordinates":[[-99.71643,48.93274],[-99.71639,48.93301],[-99.7165,48.93351],[-99.71687,48.93421],[-99.71711,48.93531],[-99.71718,48.93545],[-99.71752,48.93572]]}},{"type":"Feature","properties":{"segmentId":"osm_9769030"},"geometry":{"type":"LineString","coordinates":[[-100.01858,48.72934],[-100.01094,48.72918],[-100.0102,48.7291],[-100.00992,48.729],[-100.00979,48.72877],[-100.00985,48.7276]]}},{"type":"Feature","properties":{"segmentId":"osm_9769035"},"geometry":{"type":"LineString","coordinates":[[-99.8538,48.99504],[-99.85286,48.99536],[-99.85242,48.9956],[-99.85201,48.99601],[-99.85159,48.99617],[-99.85097,48.99627],[-99.85078,48.99636],[-99.85076,48.99661],[-99.85046,48.99699],[-99.8501,48.99707],[-99.84976,48.99705],[-99.84937,48.99759],[-99.84932,48.9978],[-99.84937,48.99802],[-99.84983,48.99857],[-99.84988,48.99884]]}},{"type":"Feature","properties":{"segmentId":"osm_9769043"},"geometry":{"type":"LineString","coordinates":[[-99.81511,48.99445],[-99.81528,48.99454],[-99.81651,48.99458],[-99.81706,48.99487],[-99.81757,48.99503],[-99.81881,48.99504],[-99.82029,48.99533],[-99.82118,48.99525],[-99.82125,48.99519],[-99.82151,48.99265]]}},{"type":"Feature","properties":{"segmentId":"osm_9769050"},"geometry":{"type":"LineString","coordinates":[[-99.77743,48.92842],[-99.7782,48.92798],[-99.77851,48.928],[-99.77865,48.92795]]}},{"type":"Feature","properties":{"segmentId":"osm_9769064"},"geometry":{"type":"LineString","coordinates":[[-99.70975,48.92827],[-99.71012,48.92798],[-99.71038,48.92823],[-99.7108,48.92836],[-99.71073,48.9292],[-99.71068,48.92928],[-99.7104,48.92934],[-99.71008,48.92916],[-99.70968,48.92913],[-99.70941,48.92935],[-99.70916,48.92986],[-99.70921,48.93017],[-99.70913,48.93037],[-99.70925,48.93082],[-99.7091,48.93181],[-99.7092,48.93214],[-99.70878,48.93257],[-99.70798,48.93285],[-99.70788,48.93295],[-99.70778,48.93321],[-99.70791,48.93368],[-99.7077,48.93393],[-99.70904,48.93558],[-99.70921,48.93568]]}},{"type":"Feature","properties":{"segmentId":"osm_9769073"},"geometry":{"type":"LineString","coordinates":[[-99.86901,48.82118],[-99.86978,48.82182],[-99.87006,48.82245],[-99.87029,48.82268],[-99.87128,48.82296],[-99.87226,48.82341],[-99.8727,48.82352],[-99.87317,48.82355],[-99.87561,48.82348]]}},{"type":"Feature","properties":{"segmentId":"osm_9769084"},"geometry":{"type":"LineString","coordinates":[[-99.67924,48.93571],[-99.67909,48.93581],[-99.67907,48.93615],[-99.67917,48.9367],[-99.67913,48.93723],[-99.67927,48.93744],[-99.67905,48.93786],[-99.67903,48.93896],[-99.67887,48.93964],[-99.67907,48.94023],[-99.67896,48.94182],[-99.67907,48.94313],[-99.6792,48.94364],[-99.67917,48.9444],[-99.67919,48.94455],[-99.67936,48.9447],[-99.67972,48.9448],[-99.67986,48.94492],[-99.68023,48.94542],[-99.68015,48.94556],[-99.67931,48.94594],[-99.67906,48.9462],[-99.67898,48.94884],[-99.67907,48.94915],[-99.67924,48.94927],[-99.67976,48.94935],[-99.68057,48.94981],[-99.68069,48.94997],[-99.68069,48.95015]]}},{"type":"Feature","properties":{"segmentId":"osm_9769100"},"geometry":{"type":"LineString","coordinates":[[-100.00134,48.83856],[-100.00186,48.83859],[-100.00227,48.83846],[-100.00457,48.83845],[-100.00496,48.83859],[-100.00545,48.83863],[-100.00633,48.83908],[-100.00702,48.84073],[-100.00714,48.8408],[-100.00744,48.8409],[-100.00826,48.84085],[-100.00893,48.84127],[-100.00993,48.84157],[-100.01008,48.84157],[-100.01055,48.84139],[-100.01075,48.84109],[-100.01085,48.84],[-100.01061,48.83968],[-100.01025,48.83942],[-100.00987,48.83932],[-100.00968,48.83919],[-100.00952,48.83836],[-100.00917,48.83807],[-100.00751,48.8378],[-100.00697,48.83781],[-100.00629,48.83802],[-100.00583,48.83854],[-100.00545,48.83863]]}},{"type":"Feature","properties":{"segmentId":"osm_9769113"},"geometry":{"type":"LineString","coordinates":[[-100.01667,48.841],[-100.01656,48.84079],[-100.01612,48.84036],[-100.01598,48.83952],[-100.01551,48.83861],[-100.01418,48.83689],[-100.01401,48.83679],[-100.01273,48.83646],[-100.01128,48.83625],[-100.01091,48.83643],[-100.01064,48.83691],[-100.01034,48.83717],[-100.00989,48.83727],[-100.00878,48.83774],[-100.00859,48.83783],[-100.00851,48.83798]]}},{"type":"Feature","properties":{"segmentId":"osm_9769119"},"geometry":{"type":"LineString","coordinates":[[-100.00586,48.84484],[-100.00575,48.84469],[-100.00455,48.84415],[-100.00424,48.84386],[-100.00325,48.8432],[-100.00197,48.84277],[-100.0018,48.84276],[-100.00104,48.84244],[-99.99978,48.84238]]}},{"type":"Feature","properties":{"segmentId":"osm_9769125"},"geometry":{"type":"LineString","coordinates":[[-100.00268,48.83947],[-100.00285,48.8402],[-100.00277,48.8404],[-100.00309,48.84066],[-100.00311,48.84081],[-100.00291,48.84082],[-100.00236,48.84104],[-100.00193,48.84107],[-100.00133,48.84095],[-99.99985,48.84152]]}},{"type":"Feature","properties":{"segmentId":"osm_9769127"},"geometry":{"type":"LineString","coordinates":[[-100.00702,48.84073],[-100.00678,48.84074],[-100.00633,48.84057],[-100.00605,48.84062],[-100.00514,48.84103],[-100.00472,48.84105],[-100.00425,48.84101],[-100.00342,48.84076],[-100.00312,48.84073]]}},{"type":"Feature","properties":{"segmentId":"osm_9769133","name":"Frontage Road"},"geometry":{"type":"LineString","coordinates":[[-100.06078,48.81705],[-100.06079,48.81506]]}},{"type":"Feature","properties":{"segmentId":"osm_9769138"},"geometry":{"type":"LineString","coordinates":[[-99.73534,48.85531],[-99.73708,48.85505],[-99.73805,48.85509],[-99.73863,48.85503]]}},{"type":"Feature","properties":{"segmentId":"osm_9769149"},"geometry":{"type":"LineString","coordinates":[[-99.60258,48.86395],[-99.60267,48.86406],[-99.60273,48.8668],[-99.6054,48.86943],[-99.60547,48.86994]]}},{"type":"Feature","properties":{"segmentId":"osm_9769182"},"geometry":{"type":"LineString","coordinates":[[-100.11731,48.79481],[-100.11457,48.79477],[-100.09547,48.79494]]}},{"type":"Feature","properties":{"segmentId":"osm_9769212"},"geometry":{"type":"LineString","coordinates":[[-100.04699,48.85317],[-100.04652,48.85385],[-100.04636,48.85427],[-100.04601,48.85447],[-100.04558,48.85507],[-100.04556,48.85525],[-100.0458,48.85557],[-100.04571,48.85576],[-100.04519,48.85592],[-100.04478,48.85594],[-100.04403,48.85634],[-100.04351,48.85693],[-100.04342,48.85737],[-100.04312,48.85748],[-100.0429,48.85767],[-100.04277,48.85809],[-100.04269,48.85816],[-100.04177,48.85841],[-100.04094,48.85915],[-100.04074,48.85945],[-100.04075,48.85972],[-100.04061,48.85994],[-100.03961,48.86024],[-100.03865,48.86045]]}},{"type":"Feature","properties":{"segmentId":"osm_9769230"},"geometry":{"type":"LineString","coordinates":[[-100.04561,48.85503],[-100.04501,48.85482],[-100.04436,48.85469],[-100.04359,48.85427],[-100.04319,48.85414],[-100.04284,48.85415],[-100.04241,48.8543]]}},{"type":"Feature","properties":{"segmentId":"osm_9769236"},"geometry":{"type":"LineString","coordinates":[[-99.97008,48.94275],[-99.9695,48.9433],[-99.96934,48.94355],[-99.96962,48.94429],[-99.9702,48.94456],[-99.97043,48.9448],[-99.97065,48.94748],[-99.97057,48.94774],[-99.97006,48.94832],[-99.96997,48.94866],[-99.96971,48.94902]]}},{"type":"Feature","properties":{"segmentId":"osm_9769250"},"geometry":{"type":"LineString","coordinates":[[-99.59036,48.79611],[-99.59069,48.79611],[-99.59157,48.79627]]}},{"type":"Feature","properties":{"segmentId":"osm_9769253"},"geometry":{"type":"LineString","coordinates":[[-99.58596,48.79087],[-99.59156,48.79086]]}},{"type":"Feature","properties":{"segmentId":"osm_9769256"},"geometry":{"type":"LineString","coordinates":[[-99.95853,48.95412],[-99.95803,48.95282],[-99.95754,48.95219],[-99.9573,48.95201],[-99.9562,48.95165],[-99.95524,48.95116],[-99.95496,48.9508],[-99.95508,48.9504]]}},{"type":"Feature","properties":{"segmentId":"osm_9769264"},"geometry":{"type":"LineString","coordinates":[[-99.57576,48.80822],[-99.57624,48.80832],[-99.57704,48.80884],[-99.58024,48.80887],[-99.58043,48.8088],[-99.58059,48.80859],[-99.58059,48.80523]]}},{"type":"Feature","properties":{"segmentId":"osm_9769278"},"geometry":{"type":"LineString","coordinates":[[-99.56308,48.79852],[-99.56327,48.79821],[-99.56375,48.79804],[-99.56871,48.79794],[-99.56905,48.79799],[-99.56963,48.79823]]}},{"type":"Feature","properties":{"segmentId":"osm_9769297"},"geometry":{"type":"LineString","coordinates":[[-99.68158,48.56664],[-99.68163,48.56338],[-99.68136,48.56322],[-99.67343,48.56309],[-99.673,48.56312],[-99.67274,48.56321],[-99.67235,48.56322],[-99.67215,48.56307],[-99.67164,48.56303]]}},{"type":"Feature","properties":{"segmentId":"osm_9769320"},"geometry":{"type":"LineString","coordinates":[[-99.72365,48.88734],[-99.72281,48.88769],[-99.72244,48.88775],[-99.72227,48.88789],[-99.72229,48.88817],[-99.72192,48.88862],[-99.7215,48.8896]]}},{"type":"Feature","properties":{"segmentId":"osm_9769329","name":"Naked City Road"},"geometry":{"type":"LineString","coordinates":[[-99.74488,48.8461],[-99.73613,48.84741],[-99.73553,48.84765],[-99.73428,48.84851],[-99.73416,48.8488]]}},{"type":"Feature","properties":{"segmentId":"osm_9769334"},"geometry":{"type":"LineString","coordinates":[[-99.91938,48.93306],[-99.92258,48.93249],[-99.92281,48.93227],[-99.9226,48.93158]]}},{"type":"Feature","properties":{"segmentId":"osm_9769337"},"geometry":{"type":"LineString","coordinates":[[-99.68718,48.89454],[-99.68873,48.89436],[-99.68937,48.89416],[-99.68975,48.89416]]}},{"type":"Feature","properties":{"segmentId":"osm_9769339","name":"Braves Boulevard"},"geometry":{"type":"LineString","coordinates":[[-99.73851,48.84705],[-99.7377,48.84611],[-99.73748,48.84555],[-99.73736,48.84481],[-99.73715,48.84447],[-99.73629,48.84373],[-99.73585,48.84294],[-99.73551,48.84259]]}},{"type":"Feature","properties":{"segmentId":"osm_9769351"},"geometry":{"type":"LineString","coordinates":[[-99.89963,48.93424],[-99.89921,48.93377],[-99.89915,48.93333],[-99.89835,48.93294],[-99.89808,48.93272]]}},{"type":"Feature","properties":{"segmentId":"osm_9769359"},"geometry":{"type":"LineString","coordinates":[[-99.89803,48.93279],[-99.89754,48.93273],[-99.89659,48.93283],[-99.89551,48.93275],[-99.8947,48.93248],[-99.89361,48.93187]]}},{"type":"Feature","properties":{"segmentId":"osm_9769430"},"geometry":{"type":"LineString","coordinates":[[-99.72626,48.63826],[-99.72603,48.63799],[-99.726,48.63777],[-99.72682,48.63665],[-99.72668,48.6363],[-99.72678,48.63615],[-99.72866,48.63626],[-99.73113,48.63622],[-99.7315,48.63613],[-99.73183,48.63585],[-99.73154,48.63459],[-99.7313,48.63189]]}},{"type":"Feature","properties":{"segmentId":"osm_9769435"},"geometry":{"type":"LineString","coordinates":[[-99.73183,48.63585],[-99.73247,48.63704],[-99.7325,48.63994],[-99.73232,48.64039],[-99.73233,48.64112]]}},{"type":"Feature","properties":{"segmentId":"osm_9769446"},"geometry":{"type":"LineString","coordinates":[[-99.7317,48.83613],[-99.73319,48.83612],[-99.73319,48.83854]]}},{"type":"Feature","properties":{"segmentId":"osm_9769462"},"geometry":{"type":"LineString","coordinates":[[-99.85642,48.93361],[-99.85534,48.93369],[-99.85455,48.93391],[-99.85362,48.93383],[-99.85278,48.93364],[-99.85227,48.93363],[-99.85204,48.93368],[-99.8513,48.93362],[-99.85087,48.9331],[-99.85049,48.9329],[-99.85006,48.93245],[-99.84952,48.93231],[-99.84936,48.93217],[-99.84891,48.93147],[-99.84865,48.93133],[-99.84818,48.93131],[-99.84799,48.93136],[-99.84776,48.93156],[-99.84712,48.93225],[-99.84656,48.93255],[-99.84603,48.9333],[-99.84602,48.93355],[-99.84646,48.93393],[-99.84657,48.93438],[-99.84632,48.9353],[-99.84622,48.9355],[-99.84591,48.93578]]}},{"type":"Feature","properties":{"segmentId":"osm_9769470"},"geometry":{"type":"LineString","coordinates":[[-99.7322,48.83854],[-99.73159,48.83862],[-99.73157,48.83915],[-99.7311,48.83974],[-99.72977,48.83995],[-99.72802,48.84068],[-99.72755,48.84099]]}},{"type":"Feature","properties":{"segmentId":"osm_9769481"},"geometry":{"type":"LineString","coordinates":[[-99.73332,48.83983],[-99.73221,48.83983],[-99.7322,48.83854]]}},{"type":"Feature","properties":{"segmentId":"osm_9769508"},"geometry":{"type":"LineString","coordinates":[[-99.84523,48.93605],[-99.84514,48.93621],[-99.84512,48.93702],[-99.8449,48.93771],[-99.84491,48.93812],[-99.84507,48.93847],[-99.84558,48.93897],[-99.8457,48.93953],[-99.8459,48.9399],[-99.84602,48.94121],[-99.84597,48.94138],[-99.84579,48.94148],[-99.8455,48.94157],[-99.84414,48.94144],[-99.84304,48.94094],[-99.84312,48.94054],[-99.8433,48.94029],[-99.84332,48.9395],[-99.84298,48.93915]]}},{"type":"Feature","properties":{"segmentId":"osm_9769511"},"geometry":{"type":"LineString","coordinates":[[-99.84165,48.59695],[-99.85183,48.59681]]}},{"type":"Feature","properties":{"segmentId":"osm_9769527"},"geometry":{"type":"LineString","coordinates":[[-100.00657,48.99658],[-100.00731,48.99659],[-100.00744,48.99654],[-100.00761,48.99361]]}},{"type":"Feature","properties":{"segmentId":"osm_9769538"},"geometry":{"type":"LineString","coordinates":[[-99.96466,48.97966],[-99.96457,48.98895],[-99.96464,48.99124],[-99.96455,48.99247],[-99.9646,48.99353],[-99.96467,48.99359],[-99.96493,48.99363],[-99.97073,48.99364],[-99.97521,48.9936],[-99.97623,48.99367],[-99.97754,48.99362],[-99.97972,48.99367],[-99.98669,48.99357]]}},{"type":"Feature","properties":{"segmentId":"osm_9769542"},"geometry":{"type":"LineString","coordinates":[[-100.06457,48.83617],[-100.06409,48.8357],[-100.06292,48.83519],[-100.06247,48.8352],[-100.06247,48.82757]]}},{"type":"Feature","properties":{"segmentId":"osm_9769572"},"geometry":{"type":"LineString","coordinates":[[-99.84352,48.99368],[-99.84324,48.9939],[-99.84324,48.99428],[-99.8436,48.99487],[-99.84388,48.99502],[-99.84496,48.99519],[-99.84545,48.99534],[-99.84627,48.99523],[-99.8471,48.99489],[-99.84831,48.99506],[-99.84863,48.99515],[-99.84882,48.99555],[-99.84913,48.99583],[-99.85027,48.99616],[-99.85075,48.99647]]}},{"type":"Feature","properties":{"segmentId":"osm_9769588"},"geometry":{"type":"LineString","coordinates":[[-99.61368,48.84669],[-99.61413,48.84672],[-99.61495,48.8469]]}},{"type":"Feature","properties":{"segmentId":"osm_9769611"},"geometry":{"type":"LineString","coordinates":[[-99.7954,48.9235],[-99.79656,48.92367],[-99.79775,48.92418],[-99.79832,48.92466],[-99.79858,48.92475],[-99.79878,48.92475],[-99.79966,48.92453],[-99.80073,48.92458],[-99.80102,48.92454],[-99.80127,48.92459],[-99.80186,48.92502],[-99.80212,48.92511],[-99.8039,48.92545],[-99.80403,48.92553],[-99.80407,48.92566],[-99.80359,48.92636],[-99.80365,48.9266],[-99.80351,48.92726],[-99.80393,48.9289],[-99.80408,48.92916],[-99.80561,48.93076],[-99.8066,48.93138],[-99.80743,48.93179],[-99.80736,48.93243],[-99.80713,48.93303],[-99.80702,48.93387],[-99.80622,48.93453],[-99.80619,48.93474],[-99.8063,48.93517],[-99.80609,48.9357]]}},{"type":"Feature","properties":{"segmentId":"osm_9769633"},"geometry":{"type":"LineString","coordinates":[[-99.77693,48.94067],[-99.77655,48.93991],[-99.7766,48.93925],[-99.77631,48.93896],[-99.77608,48.93858],[-99.77596,48.93848],[-99.7753,48.93822],[-99.77492,48.93811],[-99.77415,48.93802],[-99.77394,48.93796],[-99.77373,48.9378],[-99.77322,48.93663],[-99.77334,48.93578],[-99.77313,48.93546]]}},{"type":"Feature","properties":{"segmentId":"osm_9769639","name":"53rd Avenue Northeast"},"geometry":{"type":"LineString","coordinates":[[-99.54779,48.96439],[-99.54778,48.99334],[-99.5477,48.99454],[-99.54777,48.99928]]}},{"type":"Feature","properties":{"segmentId":"osm_9769660"},"geometry":{"type":"LineString","coordinates":[[-100.02988,48.79485],[-100.02981,48.79124]]}},{"type":"Feature","properties":{"segmentId":"osm_9769665"},"geometry":{"type":"LineString","coordinates":[[-99.95328,48.80566],[-99.96829,48.80576],[-99.98692,48.80574],[-99.98716,48.80581],[-99.99873,48.80584]]}},{"type":"Feature","properties":{"segmentId":"osm_9769671"},"geometry":{"type":"LineString","coordinates":[[-99.99309,48.79849],[-99.9882,48.79848],[-99.98817,48.79855],[-99.98778,48.79857],[-99.98594,48.79857]]}},{"type":"Feature","properties":{"segmentId":"osm_9769681"},"geometry":{"type":"LineString","coordinates":[[-99.71074,48.92888],[-99.7103,48.92874],[-99.70975,48.92827],[-99.70944,48.92829],[-99.7091,48.92843],[-99.70876,48.92849]]}},{"type":"Feature","properties":{"segmentId":"osm_9769707"},"geometry":{"type":"LineString","coordinates":[[-99.95778,48.94895],[-99.95787,48.94888],[-99.95844,48.94885],[-99.95875,48.94894],[-99.95935,48.94897],[-99.95933,48.94989]]}},{"type":"Feature","properties":{"segmentId":"osm_9769713"},"geometry":{"type":"LineString","coordinates":[[-99.73169,48.83799],[-99.73041,48.83798],[-99.73042,48.83536],[-99.73171,48.83535]]}},{"type":"Feature","properties":{"segmentId":"osm_9769742"},"geometry":{"type":"LineString","coordinates":[[-100.04181,48.82304],[-100.04191,48.8232],[-100.04188,48.8234],[-100.04133,48.82471],[-100.04131,48.82747],[-100.0404,48.82839],[-100.04035,48.82873],[-100.03995,48.82982],[-100.03949,48.8304],[-100.03897,48.83138],[-100.03895,48.83159],[-100.03941,48.83209]]}},{"type":"Feature","properties":{"segmentId":"osm_9769745"},"geometry":{"type":"LineString","coordinates":[[-99.62196,48.85376],[-99.62282,48.8539],[-99.623,48.85406]]}},{"type":"Feature","properties":{"segmentId":"osm_9769753"},"geometry":{"type":"LineString","coordinates":[[-99.74265,48.88303],[-99.74186,48.88295],[-99.74119,48.88296],[-99.74054,48.88285],[-99.73999,48.88293],[-99.73913,48.88317],[-99.73755,48.88338],[-99.73597,48.88306],[-99.73548,48.88305],[-99.73467,48.8829],[-99.73436,48.88294],[-99.73389,48.88286],[-99.73344,48.88287],[-99.73318,48.88294],[-99.73309,48.8834],[-99.73255,48.88367],[-99.73209,48.8837],[-99.73148,48.88356],[-99.73093,48.88357],[-99.73041,48.88338],[-99.72931,48.88318],[-99.72884,48.88281],[-99.72851,48.88223],[-99.72849,48.88182],[-99.72854,48.88157],[-99.72892,48.88097],[-99.72897,48.88032],[-99.72828,48.87955],[-99.72742,48.87929],[-99.72695,48.87924],[-99.72522,48.87967]]}},{"type":"Feature","properties":{"segmentId":"osm_9769756"},"geometry":{"type":"LineString","coordinates":[[-99.66699,48.84883],[-99.66701,48.84936]]}},{"type":"Feature","properties":{"segmentId":"osm_9769773","name":"William Hardesty Street"},"geometry":{"type":"LineString","coordinates":[[-99.74093,48.84175],[-99.74133,48.84159],[-99.7416,48.84157],[-99.74489,48.84153]]}},{"type":"Feature","properties":{"segmentId":"osm_9769779"},"geometry":{"type":"LineString","coordinates":[[-99.85625,48.93082],[-99.85688,48.93098],[-99.85764,48.9313],[-99.85868,48.93153],[-99.85941,48.93145],[-99.85974,48.93124],[-99.85992,48.9312]]}},{"type":"Feature","properties":{"segmentId":"osm_9769782"},"geometry":{"type":"LineString","coordinates":[[-99.65714,48.84018],[-99.658,48.84018]]}},{"type":"Feature","properties":{"segmentId":"osm_9769783"},"geometry":{"type":"LineString","coordinates":[[-99.86155,48.79803],[-99.86028,48.79798]]}},{"type":"Feature","properties":{"segmentId":"osm_9769809"},"geometry":{"type":"LineString","coordinates":[[-99.89526,48.96985],[-99.8946,48.97072],[-99.89409,48.9712],[-99.89402,48.97144],[-99.89415,48.972],[-99.89642,48.97174],[-99.8968,48.97165],[-99.89858,48.97091],[-99.90097,48.97022],[-99.90247,48.96963],[-99.90304,48.96934],[-99.90397,48.96866],[-99.90455,48.96799],[-99.90466,48.96772],[-99.90462,48.96754],[-99.90384,48.96699],[-99.9027,48.96585],[-99.90203,48.96468],[-99.90205,48.96411],[-99.90189,48.96376],[-99.90151,48.96351],[-99.90047,48.963],[-99.90024,48.96263],[-99.89998,48.96251],[-99.89869,48.96243],[-99.89862,48.9611],[-99.89868,48.96071],[-99.89859,48.9606]]}},{"type":"Feature","properties":{"segmentId":"osm_9769817"},"geometry":{"type":"LineString","coordinates":[[-99.88646,48.95866],[-99.88661,48.95913],[-99.88678,48.95929],[-99.88679,48.95959],[-99.88735,48.95999],[-99.88816,48.96116],[-99.88942,48.96221],[-99.8896,48.96247],[-99.88963,48.96277],[-99.88984,48.9632],[-99.89106,48.96391],[-99.89131,48.96401],[-99.89154,48.96402]]}},{"type":"Feature","properties":{"segmentId":"osm_9769827"},"geometry":{"type":"LineString","coordinates":[[-99.97469,48.7781],[-99.97522,48.77806],[-99.97568,48.77814],[-99.97638,48.77813],[-99.97798,48.77797],[-99.97881,48.77781],[-99.97985,48.77778],[-99.98025,48.77754],[-99.98068,48.77699],[-99.981,48.77684],[-99.98133,48.77679],[-99.98593,48.7768]]}},{"type":"Feature","properties":{"segmentId":"osm_9769831"},"geometry":{"type":"LineString","coordinates":[[-99.94214,48.77671],[-99.95091,48.77667],[-99.95182,48.77672],[-99.95789,48.77672],[-99.95991,48.77679],[-99.96397,48.77678]]}},{"type":"Feature","properties":{"segmentId":"osm_9769833","name":"Sheldon Souray Avenue"},"geometry":{"type":"LineString","coordinates":[[-99.74623,48.84126],[-99.74622,48.84206],[-99.74693,48.84209]]}},{"type":"Feature","properties":{"segmentId":"osm_9769841"},"geometry":{"type":"LineString","coordinates":[[-99.96403,48.77321],[-99.96336,48.77306],[-99.9531,48.77311],[-99.95302,48.77319],[-99.95295,48.77465],[-99.95296,48.77671]]}},{"type":"Feature","properties":{"segmentId":"osm_9769850"},"geometry":{"type":"LineString","coordinates":[[-99.93389,48.78184],[-99.93445,48.78168],[-99.9351,48.78166],[-99.93534,48.7816],[-99.93575,48.78146],[-99.93604,48.78121],[-99.93604,48.77972],[-99.93593,48.77959],[-99.9355,48.77944],[-99.93537,48.77873],[-99.93553,48.77854],[-99.93634,48.77833],[-99.93651,48.77822],[-99.93663,48.7767]]}},{"type":"Feature","properties":{"segmentId":"osm_9769855"},"geometry":{"type":"LineString","coordinates":[[-99.94211,48.77303],[-99.94146,48.773],[-99.94069,48.77325]]}},{"type":"Feature","properties":{"segmentId":"osm_9769857"},"geometry":{"type":"LineString","coordinates":[[-99.91466,48.79121],[-99.91461,48.79064],[-99.91514,48.78927],[-99.91499,48.78893],[-99.91505,48.78871]]}},{"type":"Feature","properties":{"segmentId":"osm_9769861"},"geometry":{"type":"LineString","coordinates":[[-100.00888,48.84518],[-100.01033,48.84515],[-100.01129,48.84537],[-100.01194,48.84539],[-100.01232,48.84546],[-100.01371,48.84549],[-100.01408,48.84583]]}},{"type":"Feature","properties":{"segmentId":"osm_9769870"},"geometry":{"type":"LineString","coordinates":[[-100.01868,48.83931],[-100.01799,48.83838],[-100.01805,48.83735],[-100.01814,48.83726],[-100.01809,48.83718],[-100.01766,48.83711],[-100.01717,48.83719],[-100.01601,48.83723],[-100.01413,48.83684]]}},{"type":"Feature","properties":{"segmentId":"osm_9769878"},"geometry":{"type":"LineString","coordinates":[[-100.09529,48.85866],[-100.09624,48.85927],[-100.09668,48.85931]]}},{"type":"Feature","properties":{"segmentId":"osm_9769881"},"geometry":{"type":"LineString","coordinates":[[-99.8161,48.80869],[-99.81703,48.80729],[-99.81689,48.8069],[-99.81619,48.80635],[-99.81607,48.80617],[-99.81616,48.80551]]}},{"type":"Feature","properties":{"segmentId":"osm_9769884"},"geometry":{"type":"LineString","coordinates":[[-99.81032,48.79817],[-99.81079,48.79813],[-99.81234,48.79827]]}},{"type":"Feature","properties":{"segmentId":"osm_9769886"},"geometry":{"type":"LineString","coordinates":[[-99.73507,48.81902],[-99.73475,48.81864],[-99.73471,48.81806],[-99.73436,48.81774],[-99.73405,48.81756],[-99.734,48.81647],[-99.73406,48.81534],[-99.73396,48.81522]]}},{"type":"Feature","properties":{"segmentId":"osm_9769888"},"geometry":{"type":"LineString","coordinates":[[-100.0407,48.80756],[-100.03833,48.80757]]}},{"type":"Feature","properties":{"segmentId":"osm_9769894"},"geometry":{"type":"LineString","coordinates":[[-99.64519,48.68897],[-99.64519,48.68994]]}},{"type":"Feature","properties":{"segmentId":"osm_9769904"},"geometry":{"type":"LineString","coordinates":[[-99.83876,48.78323],[-99.838,48.78315],[-99.83781,48.78298],[-99.83776,48.78113],[-99.83783,48.77724],[-99.8377,48.77683],[-99.83771,48.77658]]}},{"type":"Feature","properties":{"segmentId":"osm_9769911"},"geometry":{"type":"LineString","coordinates":[[-99.82141,48.79114],[-99.82142,48.78406],[-99.82135,48.78255],[-99.82143,48.77652]]}},{"type":"Feature","properties":{"segmentId":"osm_9769917"},"geometry":{"type":"LineString","coordinates":[[-99.81661,48.78508],[-99.81578,48.78509],[-99.81452,48.78533],[-99.81409,48.78526],[-99.81376,48.78455],[-99.81376,48.78431],[-99.8134,48.78374],[-99.81272,48.78375],[-99.8106,48.78476],[-99.81044,48.78476]]}},{"type":"Feature","properties":{"segmentId":"osm_9769925"},"geometry":{"type":"LineString","coordinates":[[-99.81905,48.78113],[-99.81849,48.78048],[-99.81764,48.77907],[-99.8176,48.77782],[-99.81716,48.77693],[-99.81687,48.77673],[-99.81609,48.77663],[-99.81603,48.77649]]}},{"type":"Feature","properties":{"segmentId":"osm_9769936"},"geometry":{"type":"LineString","coordinates":[[-99.73095,48.84225],[-99.73104,48.84233],[-99.73192,48.84224],[-99.73285,48.8422],[-99.73304,48.84227],[-99.73391,48.8422]]}},{"type":"Feature","properties":{"segmentId":"osm_9769962"},"geometry":{"type":"LineString","coordinates":[[-99.66869,48.80539],[-99.66843,48.80566],[-99.66846,48.80576],[-99.66824,48.80606],[-99.66817,48.80653],[-99.66813,48.81586]]}},{"type":"Feature","properties":{"segmentId":"osm_9769973"},"geometry":{"type":"LineString","coordinates":[[-99.66567,48.79191],[-99.66591,48.79183],[-99.66605,48.79171],[-99.6663,48.79089]]}},{"type":"Feature","properties":{"segmentId":"osm_9769985"},"geometry":{"type":"LineString","coordinates":[[-99.96312,48.98078],[-99.96251,48.98116],[-99.96241,48.9813],[-99.96236,48.98158],[-99.96268,48.98199],[-99.96243,48.98277],[-99.96154,48.98328]]}},{"type":"Feature","properties":{"segmentId":"osm_9770012"},"geometry":{"type":"LineString","coordinates":[[-99.92694,48.99505],[-99.92709,48.99539],[-99.92743,48.99583],[-99.92759,48.99595],[-99.92781,48.99599],[-99.92822,48.99598],[-99.92909,48.9958],[-99.93002,48.99578],[-99.93078,48.99592],[-99.93144,48.9963],[-99.93169,48.99638],[-99.93359,48.9964],[-99.93401,48.99634],[-99.93499,48.99605],[-99.93614,48.99594],[-99.937,48.99614],[-99.93808,48.9962],[-99.93888,48.99643],[-99.93927,48.9959],[-99.94003,48.99551],[-99.94034,48.99524],[-99.94094,48.99427],[-99.94106,48.99352],[-99.94132,48.99314],[-99.9411,48.99267],[-99.94053,48.99213],[-99.94052,48.99191],[-99.94076,48.99148],[-99.94119,48.99117],[-99.9419,48.99081],[-99.94203,48.99065],[-99.94207,48.99012],[-99.94193,48.98887],[-99.94233,48.98846],[-99.94264,48.98833],[-99.94284,48.98777],[-99.94263,48.9867],[-99.94261,48.98616]]}},{"type":"Feature","properties":{"segmentId":"osm_9770019"},"geometry":{"type":"LineString","coordinates":[[-99.94267,48.98123],[-99.94168,48.98098],[-99.94072,48.98097],[-99.94049,48.98091]]}},{"type":"Feature","properties":{"segmentId":"osm_9770021"},"geometry":{"type":"LineString","coordinates":[[-99.71686,48.84336],[-99.71688,48.8425],[-99.7165,48.84214]]}},{"type":"Feature","properties":{"segmentId":"osm_9770036"},"geometry":{"type":"LineString","coordinates":[[-99.90874,48.98557],[-99.90711,48.98659],[-99.90714,48.98669],[-99.90769,48.98696],[-99.90847,48.98713],[-99.9096,48.98706],[-99.90983,48.987],[-99.9103,48.98662],[-99.91124,48.98612],[-99.91167,48.98609],[-99.91238,48.98591],[-99.91284,48.98602],[-99.91308,48.98602],[-99.91336,48.98557],[-99.9136,48.98538],[-99.9147,48.98533],[-99.91536,48.98538],[-99.91591,48.98526],[-99.91621,48.98507],[-99.91651,48.98456],[-99.91692,48.98418],[-99.91679,48.98369],[-99.91687,48.98344],[-99.91771,48.98309],[-99.91814,48.9824],[-99.91863,48.98217],[-99.91901,48.98183],[-99.9192,48.98179]]}},{"type":"Feature","properties":{"segmentId":"osm_9770041"},"geometry":{"type":"LineString","coordinates":[[-99.85996,48.97058],[-99.86044,48.97058],[-99.86189,48.97086]]}},{"type":"Feature","properties":{"segmentId":"osm_9770044"},"geometry":{"type":"LineString","coordinates":[[-99.65378,48.77957],[-99.656,48.77927],[-99.65726,48.77922]]}},{"type":"Feature","properties":{"segmentId":"osm_9770054"},"geometry":{"type":"LineString","coordinates":[[-99.54775,48.77777],[-99.54772,48.78354]]}},{"type":"Feature","properties":{"segmentId":"osm_9770058"},"geometry":{"type":"LineString","coordinates":[[-99.53612,48.78347],[-99.5365,48.78346],[-99.53668,48.7834],[-99.53684,48.78275],[-99.53686,48.77627]]}},{"type":"Feature","properties":{"segmentId":"osm_9770075"},"geometry":{"type":"LineString","coordinates":[[-100.04453,48.85097],[-100.04438,48.85089],[-100.04273,48.851],[-100.04239,48.85083]]}},{"type":"Feature","properties":{"segmentId":"osm_9770079"},"geometry":{"type":"LineString","coordinates":[[-100.02825,48.86138],[-100.02901,48.86181]]}},{"type":"Feature","properties":{"segmentId":"osm_9770084"},"geometry":{"type":"LineString","coordinates":[[-100.02575,48.85393],[-100.02549,48.8524],[-100.02535,48.85229],[-100.02511,48.85226],[-100.0243,48.85233]]}},{"type":"Feature","properties":{"segmentId":"osm_9770092"},"geometry":{"type":"LineString","coordinates":[[-100.09543,48.80648],[-100.09544,48.80585]]}},{"type":"Feature","properties":{"segmentId":"osm_9770120"},"geometry":{"type":"LineString","coordinates":[[-100.08507,48.80741],[-100.08524,48.80723],[-100.08531,48.80702],[-100.08537,48.80627],[-100.08524,48.80613],[-100.08503,48.80606],[-100.08496,48.80583]]}},{"type":"Feature","properties":{"segmentId":"osm_9770137"},"geometry":{"type":"LineString","coordinates":[[-100.07796,48.88923],[-100.07724,48.88897],[-100.07566,48.88859],[-100.07531,48.88845],[-100.07504,48.88845],[-100.07467,48.88856],[-100.07449,48.88853],[-100.07424,48.88809],[-100.07393,48.88801],[-100.07224,48.88796],[-100.07176,48.88806],[-100.0715,48.88821]]}},{"type":"Feature","properties":{"segmentId":"osm_9770198"},"geometry":{"type":"LineString","coordinates":[[-99.8028,48.97306],[-99.80275,48.97315],[-99.80114,48.97298],[-99.80076,48.97303],[-99.80024,48.9734],[-99.80003,48.97365],[-99.79945,48.974],[-99.79908,48.97463],[-99.79797,48.97552],[-99.79774,48.97588],[-99.79732,48.97625],[-99.79695,48.97671],[-99.79611,48.97696],[-99.79522,48.97711],[-99.79464,48.97738],[-99.79413,48.97751],[-99.7934,48.97785],[-99.79326,48.97793],[-99.79319,48.9782],[-99.79287,48.97871],[-99.79239,48.97906]]}},{"type":"Feature","properties":{"segmentId":"osm_9770202"},"geometry":{"type":"LineString","coordinates":[[-100.08442,48.7962],[-100.08443,48.79137]]}},{"type":"Feature","properties":{"segmentId":"osm_9770215"},"geometry":{"type":"LineString","coordinates":[[-99.6481,48.88151],[-99.64782,48.88231],[-99.64772,48.88381]]}},{"type":"Feature","properties":{"segmentId":"osm_9770218"},"geometry":{"type":"LineString","coordinates":[[-99.96383,48.86333],[-99.96974,48.86327],[-99.97009,48.86331],[-99.9703,48.86344],[-99.97039,48.86377]]}},{"type":"Feature","properties":{"segmentId":"osm_9770233"},"geometry":{"type":"LineString","coordinates":[[-99.97009,48.86331],[-99.97039,48.86315],[-99.97045,48.86285]]}},{"type":"Feature","properties":{"segmentId":"osm_9770235"},"geometry":{"type":"LineString","coordinates":[[-99.78672,48.90493],[-99.78659,48.9053],[-99.78661,48.90614]]}},{"type":"Feature","properties":{"segmentId":"osm_9770237"},"geometry":{"type":"LineString","coordinates":[[-99.76472,48.90258],[-99.76562,48.90322]]}},{"type":"Feature","properties":{"segmentId":"osm_9770240"},"geometry":{"type":"LineString","coordinates":[[-100.00673,48.75146],[-100.00675,48.75127],[-100.00737,48.75088],[-100.00787,48.75093]]}},{"type":"Feature","properties":{"segmentId":"osm_9770246"},"geometry":{"type":"LineString","coordinates":[[-99.94997,48.76139],[-99.95019,48.76176],[-99.95019,48.76221]]}},{"type":"Feature","properties":{"segmentId":"osm_9770258"},"geometry":{"type":"LineString","coordinates":[[-99.94546,48.7622],[-99.94544,48.76235],[-99.94501,48.76283],[-99.94503,48.76313],[-99.94436,48.76369],[-99.94417,48.76377],[-99.94406,48.76392],[-99.9444,48.76425],[-99.94476,48.76488],[-99.94564,48.7668]]}},{"type":"Feature","properties":{"segmentId":"osm_9770265"},"geometry":{"type":"LineString","coordinates":[[-99.94213,48.76221],[-99.93014,48.76225]]}},{"type":"Feature","properties":{"segmentId":"osm_9770267"},"geometry":{"type":"LineString","coordinates":[[-99.94426,48.75201],[-99.94364,48.75212],[-99.94258,48.7519],[-99.94212,48.75189]]}},{"type":"Feature","properties":{"segmentId":"osm_9770273"},"geometry":{"type":"LineString","coordinates":[[-99.54475,48.70615],[-99.54525,48.70592],[-99.54542,48.70594],[-99.54532,48.7061],[-99.54414,48.70621],[-99.54394,48.70635]]}},{"type":"Feature","properties":{"segmentId":"osm_9770274"},"geometry":{"type":"LineString","coordinates":[[-99.90627,48.71438],[-99.90627,48.71303],[-99.90614,48.71178]]}},{"type":"Feature","properties":{"segmentId":"osm_9770286"},"geometry":{"type":"LineString","coordinates":[[-99.74981,48.76774],[-99.74496,48.76788]]}},{"type":"Feature","properties":{"segmentId":"osm_9770297"},"geometry":{"type":"LineString","coordinates":[[-99.67179,48.76901],[-99.65723,48.76917]]}},{"type":"Feature","properties":{"segmentId":"osm_9770303"},"geometry":{"type":"LineString","coordinates":[[-99.67496,48.75466],[-99.67921,48.75466]]}},{"type":"Feature","properties":{"segmentId":"osm_9770308"},"geometry":{"type":"LineString","coordinates":[[-99.6571,48.76192],[-99.65679,48.76209],[-99.65496,48.76262],[-99.65412,48.76255],[-99.65196,48.76193]]}},{"type":"Feature","properties":{"segmentId":"osm_9770323"},"geometry":{"type":"LineString","coordinates":[[-100.00786,48.74284],[-100.00821,48.74281],[-100.01007,48.7433],[-100.01113,48.74348],[-100.01228,48.74383],[-100.01294,48.74392],[-100.01409,48.74393],[-100.01528,48.74386],[-100.01675,48.74392],[-100.01783,48.74382],[-100.01847,48.74396],[-100.01864,48.74406],[-100.01986,48.74408],[-100.02128,48.74365],[-100.02216,48.74365],[-100.0238,48.74403],[-100.02504,48.74388],[-100.02968,48.74395]]}},{"type":"Feature","properties":{"segmentId":"osm_9770341"},"geometry":{"type":"LineString","coordinates":[[-99.98935,48.74528],[-99.98862,48.74531],[-99.98843,48.74568],[-99.98818,48.74595],[-99.98826,48.7461],[-99.98845,48.74623],[-99.98904,48.74629],[-99.98939,48.74649]]}},{"type":"Feature","properties":{"segmentId":"osm_9770344"},"geometry":{"type":"LineString","coordinates":[[-99.98594,48.85751],[-99.98495,48.85757],[-99.98473,48.85774],[-99.98421,48.85792],[-99.98391,48.8581],[-99.98289,48.85908],[-99.98273,48.85948],[-99.98265,48.86015]]}},{"type":"Feature","properties":{"segmentId":"osm_9770348"},"geometry":{"type":"LineString","coordinates":[[-99.96372,48.74258],[-99.96374,48.74297],[-99.96004,48.74296]]}},{"type":"Feature","properties":{"segmentId":"osm_9770375"},"geometry":{"type":"LineString","coordinates":[[-99.56451,48.75466],[-99.56807,48.75465],[-99.56898,48.75457],[-99.56964,48.75458]]}},{"type":"Feature","properties":{"segmentId":"osm_9770393"},"geometry":{"type":"LineString","coordinates":[[-99.52707,48.7561],[-99.5266,48.75619],[-99.52581,48.75619]]}},{"type":"Feature","properties":{"segmentId":"osm_9770415"},"geometry":{"type":"LineString","coordinates":[[-99.8184,48.79684],[-99.81831,48.79656],[-99.81841,48.79611],[-99.81865,48.79581],[-99.81972,48.79557],[-99.82071,48.79566]]}},{"type":"Feature","properties":{"segmentId":"osm_9770427"},"geometry":{"type":"LineString","coordinates":[[-99.95161,48.75123],[-99.95129,48.75128],[-99.92888,48.7379]]}},{"type":"Feature","properties":{"segmentId":"osm_9770431"},"geometry":{"type":"LineString","coordinates":[[-99.93003,48.73747],[-99.92978,48.73749],[-99.92955,48.73778]]}},{"type":"Feature","properties":{"segmentId":"osm_9770433"},"geometry":{"type":"LineString","coordinates":[[-99.93037,48.73672],[-99.93109,48.73712],[-99.93124,48.73729],[-99.93016,48.73812]]}},{"type":"Feature","properties":{"segmentId":"osm_9770437"},"geometry":{"type":"LineString","coordinates":[[-99.92104,48.73318],[-99.93112,48.7332]]}},{"type":"Feature","properties":{"segmentId":"osm_9770460"},"geometry":{"type":"LineString","coordinates":[[-100.04046,48.78387],[-100.05607,48.78399],[-100.05965,48.78407],[-100.06898,48.78403],[-100.06929,48.78399],[-100.07342,48.78403]]}},{"type":"Feature","properties":{"segmentId":"osm_9770465"},"geometry":{"type":"LineString","coordinates":[[-100.04613,48.78392],[-100.04613,48.77872],[-100.04605,48.77771],[-100.04611,48.77686]]}},{"type":"Feature","properties":{"segmentId":"osm_9770468"},"geometry":{"type":"LineString","coordinates":[[-100.00789,48.77671],[-100.01013,48.77665],[-100.01762,48.77665],[-100.01805,48.77661],[-100.01879,48.77666],[-100.01907,48.77676]]}},{"type":"Feature","properties":{"segmentId":"osm_9770472"},"geometry":{"type":"LineString","coordinates":[[-99.99348,48.7779],[-99.99348,48.77705],[-99.99361,48.77673]]}},{"type":"Feature","properties":{"segmentId":"osm_9770475","name":"1st Avenue"},"geometry":{"type":"LineString","coordinates":[[-99.61412,48.63537],[-99.6203,48.63538],[-99.62341,48.63575]]}},{"type":"Feature","properties":{"segmentId":"osm_9770479"},"geometry":{"type":"LineString","coordinates":[[-100.03505,48.83908],[-100.03356,48.83937]]}},{"type":"Feature","properties":{"segmentId":"osm_9770489"},"geometry":{"type":"LineString","coordinates":[[-99.56658,48.81602],[-99.55869,48.81601],[-99.55865,48.81913],[-99.55872,48.82079],[-99.55858,48.82596],[-99.55864,48.8266],[-99.55871,48.82671],[-99.55896,48.82683],[-99.56519,48.82688],[-99.5657,48.82696],[-99.56585,48.82718],[-99.56597,48.83011],[-99.56572,48.83077],[-99.56598,48.8314],[-99.56608,48.83191]]}},{"type":"Feature","properties":{"segmentId":"osm_9770499"},"geometry":{"type":"LineString","coordinates":[[-99.58026,48.58737],[-99.58073,48.5884],[-99.58081,48.5884]]}},{"type":"Feature","properties":{"segmentId":"osm_9770502"},"geometry":{"type":"LineString","coordinates":[[-99.5928,48.5739],[-99.59223,48.57318],[-99.59215,48.57246],[-99.59179,48.57244]]}},{"type":"Feature","properties":{"segmentId":"osm_9770509"},"geometry":{"type":"LineString","coordinates":[[-99.90923,48.74043],[-99.90923,48.74666],[-99.90908,48.74769]]}},{"type":"Feature","properties":{"segmentId":"osm_9770515"},"geometry":{"type":"LineString","coordinates":[[-100.09385,48.97919],[-100.08526,48.97913]]}},{"type":"Feature","properties":{"segmentId":"osm_9770522"},"geometry":{"type":"LineString","coordinates":[[-99.958,48.94313],[-99.95723,48.94375],[-99.95715,48.94392],[-99.95717,48.94521]]}},{"type":"Feature","properties":{"segmentId":"osm_9770529"},"geometry":{"type":"LineString","coordinates":[[-99.86566,48.74655],[-99.8651,48.74727],[-99.86512,48.74759]]}},{"type":"Feature","properties":{"segmentId":"osm_9770532"},"geometry":{"type":"LineString","coordinates":[[-99.84998,48.74027],[-99.85446,48.74033]]}},{"type":"Feature","properties":{"segmentId":"osm_9770536"},"geometry":{"type":"LineString","coordinates":[[-99.85589,48.7383],[-99.85446,48.73833]]}},{"type":"Feature","properties":{"segmentId":"osm_9770542"},"geometry":{"type":"LineString","coordinates":[[-99.85445,48.73309],[-99.85398,48.73319],[-99.85268,48.73323],[-99.85254,48.73344],[-99.85248,48.73387],[-99.85223,48.73401],[-99.85199,48.73401],[-99.85156,48.73384],[-99.85143,48.73375],[-99.85124,48.73333],[-99.85112,48.73324],[-99.85091,48.7332],[-99.84434,48.73326],[-99.8429,48.73311],[-99.84224,48.7331],[-99.83254,48.73312]]}},{"type":"Feature","properties":{"segmentId":"osm_9770557"},"geometry":{"type":"LineString","coordinates":[[-100.05868,48.97916],[-100.05851,48.97843],[-100.05768,48.97805],[-100.05738,48.97785],[-100.05704,48.97748],[-100.05688,48.97714],[-100.05691,48.97655],[-100.05652,48.9766],[-100.05557,48.976],[-100.05367,48.97547],[-100.05336,48.97543],[-100.05208,48.97549]]}},{"type":"Feature","properties":{"segmentId":"osm_9770563"},"geometry":{"type":"LineString","coordinates":[[-100.04594,48.84915],[-100.04584,48.84842],[-100.04537,48.84817]]}},{"type":"Feature","properties":{"segmentId":"osm_9770564"},"geometry":{"type":"LineString","coordinates":[[-99.92041,48.94949],[-99.92048,48.94902],[-99.92022,48.94883]]}},{"type":"Feature","properties":{"segmentId":"osm_9770566","name":"37th Avenue Northeast"},"geometry":{"type":"LineString","coordinates":[[-99.89808,48.93272],[-99.89828,48.93212],[-99.89814,48.92181],[-99.89824,48.92137]]}},{"type":"Feature","properties":{"segmentId":"osm_9770568"},"geometry":{"type":"LineString","coordinates":[[-100.04146,48.97456],[-100.04151,48.97919]]}},{"type":"Feature","properties":{"segmentId":"osm_9770570"},"geometry":{"type":"LineString","coordinates":[[-100.01181,48.98096],[-100.01101,48.98065],[-100.01039,48.98054],[-100.00936,48.98045],[-100.00857,48.98046]]}},{"type":"Feature","properties":{"segmentId":"osm_9770580"},"geometry":{"type":"LineString","coordinates":[[-100.02013,48.72968],[-100.02042,48.72994],[-100.02103,48.7302],[-100.02164,48.73031],[-100.02207,48.73065],[-100.02229,48.73071],[-100.02242,48.73065],[-100.0225,48.73013],[-100.02272,48.73003],[-100.02334,48.72999],[-100.02367,48.72953],[-100.02906,48.72958],[-100.02945,48.72965],[-100.02968,48.72987]]}},{"type":"Feature","properties":{"segmentId":"osm_9770582"},"geometry":{"type":"LineString","coordinates":[[-99.92505,48.93042],[-99.92459,48.93032],[-99.92432,48.93032],[-99.92175,48.93052],[-99.92114,48.93051]]}},{"type":"Feature","properties":{"segmentId":"osm_9770584"},"geometry":{"type":"LineString","coordinates":[[-100.00781,48.72907],[-100.00898,48.72904],[-100.0102,48.7291]]}},{"type":"Feature","properties":{"segmentId":"osm_9770587"},"geometry":{"type":"LineString","coordinates":[[-100.02272,48.72735],[-100.02308,48.72664],[-100.02313,48.72625],[-100.02354,48.72605],[-100.02969,48.72605]]}},{"type":"Feature","properties":{"segmentId":"osm_9770594"},"geometry":{"type":"LineString","coordinates":[[-100.01351,48.72592],[-100.00783,48.72592]]}},{"type":"Feature","properties":{"segmentId":"osm_9770601"},"geometry":{"type":"LineString","coordinates":[[-100.02244,48.7102],[-100.02195,48.71026],[-100.02132,48.71051],[-100.02081,48.71054],[-100.02041,48.71063],[-100.01913,48.71066],[-100.01836,48.71058],[-100.0175,48.71036],[-100.01521,48.71012]]}},{"type":"Feature","properties":{"segmentId":"osm_9770612"},"geometry":{"type":"LineString","coordinates":[[-100.00891,48.72674],[-100.00944,48.72747],[-100.00966,48.72759],[-100.01003,48.72758],[-100.01009,48.72741],[-100.00955,48.7267],[-100.00925,48.72666],[-100.00864,48.7268]]}},{"type":"Feature","properties":{"segmentId":"osm_9770617"},"geometry":{"type":"LineString","coordinates":[[-99.98593,48.72968],[-99.98793,48.72934],[-99.98952,48.72869],[-99.99122,48.72886],[-99.99288,48.72843],[-99.99299,48.72596]]}},{"type":"Feature","properties":{"segmentId":"osm_9770630"},"geometry":{"type":"LineString","coordinates":[[-99.74703,48.74524],[-99.74707,48.74582],[-99.74679,48.74607],[-99.74649,48.74666]]}},{"type":"Feature","properties":{"segmentId":"osm_9770638"},"geometry":{"type":"LineString","coordinates":[[-99.74532,48.74759],[-99.74514,48.74706],[-99.74515,48.74681],[-99.74534,48.7457],[-99.74551,48.74534],[-99.74572,48.74522],[-99.74621,48.74526],[-99.7475,48.74519],[-99.74787,48.74528],[-99.74816,48.74559],[-99.74831,48.74602],[-99.74831,48.74658],[-99.74803,48.747],[-99.74775,48.74725],[-99.74707,48.74759]]}},{"type":"Feature","properties":{"segmentId":"osm_9770663"},"geometry":{"type":"LineString","coordinates":[[-100.01489,48.8403],[-100.01614,48.84074],[-100.01667,48.841],[-100.01735,48.84153],[-100.01758,48.84184],[-100.01805,48.8422],[-100.01792,48.84244],[-100.01794,48.84287],[-100.01756,48.84346],[-100.01754,48.8437],[-100.01774,48.84398],[-100.01824,48.84423],[-100.0186,48.84474],[-100.01865,48.84542],[-100.01834,48.84591],[-100.01864,48.84652],[-100.01893,48.84677],[-100.01885,48.84776],[-100.01856,48.84867],[-100.01903,48.84899]]}},{"type":"Feature","properties":{"segmentId":"osm_9770666"},"geometry":{"type":"LineString","coordinates":[[-99.71434,48.74665],[-99.71514,48.74719],[-99.71537,48.74753]]}},{"type":"Feature","properties":{"segmentId":"osm_9770669"},"geometry":{"type":"LineString","coordinates":[[-99.72305,48.74478],[-99.72262,48.74565],[-99.72251,48.74619],[-99.72261,48.74663],[-99.72305,48.74704]]}},{"type":"Feature","properties":{"segmentId":"osm_9770674"},"geometry":{"type":"LineString","coordinates":[[-99.98669,48.99357],[-99.98656,48.97915]]}},{"type":"Feature","properties":{"segmentId":"osm_9770688"},"geometry":{"type":"LineString","coordinates":[[-99.71675,48.77672],[-99.7163,48.77791],[-99.71626,48.77884],[-99.71659,48.77989],[-99.71659,48.7803],[-99.71644,48.78197],[-99.71616,48.78275],[-99.71605,48.78375],[-99.71592,48.78416],[-99.71625,48.78678],[-99.7165,48.78809],[-99.71636,48.78996],[-99.71606,48.79079],[-99.71588,48.79094],[-99.71557,48.79099]]}},{"type":"Feature","properties":{"segmentId":"osm_9770693"},"geometry":{"type":"LineString","coordinates":[[-99.92371,48.98863],[-99.92295,48.98888],[-99.92258,48.98889],[-99.92149,48.98861],[-99.92084,48.98889]]}},{"type":"Feature","properties":{"segmentId":"osm_9770703"},"geometry":{"type":"LineString","coordinates":[[-99.86615,48.72935],[-99.86566,48.72901],[-99.86554,48.72882],[-99.8655,48.72639],[-99.86571,48.72621],[-99.86612,48.72619],[-99.86786,48.72639],[-99.8714,48.72636],[-99.87259,48.72661],[-99.87324,48.72665],[-99.87438,48.72632],[-99.87436,48.72591],[-99.87449,48.72577],[-99.87495,48.72577],[-99.87518,48.72584]]}},{"type":"Feature","properties":{"segmentId":"osm_9770711"},"geometry":{"type":"LineString","coordinates":[[-99.8586,48.72384],[-99.85801,48.72373],[-99.85754,48.7238],[-99.85683,48.72401],[-99.85608,48.72393],[-99.85591,48.72411],[-99.85598,48.72493],[-99.85589,48.72521],[-99.85476,48.72574],[-99.85448,48.7258]]}},{"type":"Feature","properties":{"segmentId":"osm_9770739"},"geometry":{"type":"LineString","coordinates":[[-99.81064,48.72599],[-99.81007,48.72589],[-99.80841,48.72586],[-99.79519,48.72579],[-99.79413,48.72565],[-99.79001,48.72563],[-99.78902,48.72571],[-99.78871,48.72617]]}},{"type":"Feature","properties":{"segmentId":"osm_9770750"},"geometry":{"type":"LineString","coordinates":[[-99.81419,48.72119],[-99.8153,48.72127],[-99.81538,48.72135],[-99.81529,48.72144],[-99.81452,48.72142],[-99.81424,48.72129],[-99.81413,48.72108],[-99.8142,48.71861]]}},{"type":"Feature","properties":{"segmentId":"osm_9770763"},"geometry":{"type":"LineString","coordinates":[[-99.73266,48.71596],[-99.7329,48.71607],[-99.73362,48.71609],[-99.73376,48.7162],[-99.73388,48.71759],[-99.73378,48.71784]]}},{"type":"Feature","properties":{"segmentId":"osm_9770772"},"geometry":{"type":"LineString","coordinates":[[-99.8985,48.95819],[-99.89706,48.95817],[-99.89576,48.95795],[-99.89388,48.95776],[-99.89221,48.95783],[-99.89141,48.95794],[-99.89108,48.95804]]}},{"type":"Feature","properties":{"segmentId":"osm_9770777"},"geometry":{"type":"LineString","coordinates":[[-100.04781,48.85197],[-100.04734,48.85178],[-100.04623,48.85154],[-100.04615,48.85146],[-100.04612,48.85117],[-100.0468,48.85061]]}},{"type":"Feature","properties":{"segmentId":"osm_9770786"},"geometry":{"type":"LineString","coordinates":[[-99.88675,48.9503],[-99.88712,48.95022],[-99.88742,48.95023],[-99.88793,48.9505],[-99.8882,48.95093],[-99.88846,48.9511],[-99.88861,48.95178]]}},{"type":"Feature","properties":{"segmentId":"osm_9770790"},"geometry":{"type":"LineString","coordinates":[[-100.02438,48.86957],[-100.02503,48.87002],[-100.02521,48.87007],[-100.02653,48.86984],[-100.02725,48.86932],[-100.0277,48.86954],[-100.02836,48.86973],[-100.0288,48.86982],[-100.02945,48.86984]]}},{"type":"Feature","properties":{"segmentId":"osm_9770798"},"geometry":{"type":"LineString","coordinates":[[-100.06987,48.7084],[-100.06763,48.70837],[-100.06623,48.70862],[-100.06578,48.70863],[-100.06524,48.70855],[-100.06464,48.70835],[-100.06159,48.70834],[-100.0613,48.70845],[-100.0608,48.7089],[-100.06039,48.70949],[-100.05917,48.71028],[-100.05891,48.71057],[-100.05888,48.71093],[-100.05901,48.71882]]}},{"type":"Feature","properties":{"segmentId":"osm_9770806"},"geometry":{"type":"LineString","coordinates":[[-100.07881,48.6968],[-100.07917,48.69661],[-100.0805,48.69622],[-100.08088,48.69618]]}},{"type":"Feature","properties":{"segmentId":"osm_9770809"},"geometry":{"type":"LineString","coordinates":[[-100.0261,48.86619],[-100.0276,48.86589],[-100.02813,48.8659]]}},{"type":"Feature","properties":{"segmentId":"osm_9770814"},"geometry":{"type":"LineString","coordinates":[[-100.0143,48.86432],[-100.01387,48.86446],[-100.01243,48.86454],[-100.0114,48.86448],[-100.01116,48.86452],[-100.0106,48.86472],[-100.01011,48.865],[-100.00936,48.86525]]}},{"type":"Feature","properties":{"segmentId":"osm_9770830"},"geometry":{"type":"LineString","coordinates":[[-100.05895,48.7054],[-100.05739,48.70542],[-100.05641,48.70534],[-100.05269,48.70526],[-100.05159,48.70541],[-100.05048,48.70592],[-100.05037,48.70614],[-100.05026,48.70746],[-100.05,48.70773],[-100.04949,48.70805],[-100.0492,48.70839],[-100.04908,48.70843],[-100.04769,48.70847],[-100.04649,48.7081],[-100.04585,48.70797],[-100.04302,48.70787],[-100.0421,48.70795],[-100.04147,48.70781],[-100.041,48.70781],[-100.03997,48.70838],[-100.03964,48.70879],[-100.03717,48.70873]]}},{"type":"Feature","properties":{"segmentId":"osm_9770839"},"geometry":{"type":"LineString","coordinates":[[-99.79178,48.81068],[-99.79158,48.81078],[-99.7926,48.81145],[-99.79314,48.81147],[-99.79336,48.81139],[-99.79338,48.81085],[-99.79324,48.81068],[-99.79178,48.81068]]}},{"type":"Feature","properties":{"segmentId":"osm_9770857"},"geometry":{"type":"LineString","coordinates":[[-99.55338,48.71154],[-99.54783,48.71151]]}},{"type":"Feature","properties":{"segmentId":"osm_9770862"},"geometry":{"type":"LineString","coordinates":[[-99.54942,48.72972],[-99.54845,48.72977],[-99.54778,48.72974]]}},{"type":"Feature","properties":{"segmentId":"osm_9770873"},"geometry":{"type":"LineString","coordinates":[[-99.70218,48.84904],[-99.70226,48.8494],[-99.7024,48.84954],[-99.70343,48.84989],[-99.7037,48.85011]]}},{"type":"Feature","properties":{"segmentId":"osm_9770880","name":"Henry Budd Street"},"geometry":{"type":"LineString","coordinates":[[-99.74996,48.84317],[-99.7501,48.84316],[-99.75109,48.8436],[-99.75199,48.8439],[-99.75316,48.84406]]}},{"type":"Feature","properties":{"segmentId":"osm_9770886"},"geometry":{"type":"LineString","coordinates":[[-99.53948,48.71992],[-99.53949,48.71963],[-99.53982,48.71943],[-99.54098,48.7192],[-99.54103,48.71915],[-99.54093,48.71901],[-99.54021,48.71896],[-99.53999,48.71865],[-99.53966,48.71852],[-99.53963,48.71841]]}},{"type":"Feature","properties":{"segmentId":"osm_9770929"},"geometry":{"type":"LineString","coordinates":[[-99.98622,48.86633],[-99.98794,48.86687],[-99.98828,48.86713],[-99.9898,48.86767],[-99.99069,48.8678],[-99.99107,48.86804],[-99.99336,48.8682],[-99.99391,48.86837],[-99.99509,48.86815],[-99.99604,48.86806],[-99.99612,48.868],[-99.99625,48.8678],[-99.99628,48.86754],[-99.99628,48.86643]]}},{"type":"Feature","properties":{"segmentId":"osm_9770932"},"geometry":{"type":"LineString","coordinates":[[-99.95078,48.6948],[-99.95065,48.6947],[-99.94992,48.69453]]}},{"type":"Feature","properties":{"segmentId":"osm_9770937"},"geometry":{"type":"LineString","coordinates":[[-99.99099,48.868],[-99.99084,48.86717],[-99.99193,48.86618],[-99.99215,48.86582],[-99.99224,48.86548],[-99.99266,48.86517],[-99.99306,48.86505],[-99.99391,48.86493],[-99.99456,48.8647],[-99.99492,48.8644],[-99.99531,48.86424],[-99.99631,48.8641],[-99.99688,48.86386],[-99.9976,48.86392],[-99.99836,48.86378],[-99.99856,48.86368],[-99.99875,48.86331]]}},{"type":"Feature","properties":{"segmentId":"osm_9770946"},"geometry":{"type":"LineString","coordinates":[[-99.89858,48.70495],[-99.89599,48.70507],[-99.89556,48.70495],[-99.89488,48.70456],[-99.89442,48.70447],[-99.89348,48.70446],[-99.8924,48.70456],[-99.88662,48.70445]]}},{"type":"Feature","properties":{"segmentId":"osm_9770949"},"geometry":{"type":"LineString","coordinates":[[-99.69676,48.84341],[-99.69675,48.841]]}},{"type":"Feature","properties":{"segmentId":"osm_9770954"},"geometry":{"type":"LineString","coordinates":[[-99.70105,48.84077],[-99.70129,48.8408],[-99.70165,48.84112],[-99.7019,48.84119],[-99.70265,48.84107],[-99.70265,48.84062],[-99.70225,48.84024],[-99.70198,48.84008],[-99.70104,48.83987]]}},{"type":"Feature","properties":{"segmentId":"osm_9770958"},"geometry":{"type":"LineString","coordinates":[[-100.04672,48.74471],[-100.05157,48.74464]]}},{"type":"Feature","properties":{"segmentId":"osm_9770961"},"geometry":{"type":"LineString","coordinates":[[-100.049,48.74061],[-100.05157,48.74063]]}},{"type":"Feature","properties":{"segmentId":"osm_9770970"},"geometry":{"type":"LineString","coordinates":[[-100.0442,48.74782],[-100.04412,48.74634],[-100.04385,48.74537],[-100.04382,48.74381],[-100.0384,48.74392],[-100.03625,48.74385],[-100.0358,48.74322],[-100.03124,48.74318],[-100.02968,48.74291]]}},{"type":"Feature","properties":{"segmentId":"osm_9770974"},"geometry":{"type":"LineString","coordinates":[[-99.86402,48.83691],[-99.86404,48.83731],[-99.86498,48.83837],[-99.86508,48.83863],[-99.86509,48.8471],[-99.86499,48.84728],[-99.86338,48.84741],[-99.86357,48.8481],[-99.86341,48.84893],[-99.86504,48.84896],[-99.86508,48.85237],[-99.865,48.85621]]}},{"type":"Feature","properties":{"segmentId":"osm_9770984","name":"92nd Street Northeast"},"geometry":{"type":"LineString","coordinates":[[-100.05156,48.7478],[-100.04016,48.74782],[-100.02972,48.74764],[-100.02428,48.74763],[-100.01182,48.74766],[-100.00787,48.74772]]}},{"type":"Feature","properties":{"segmentId":"osm_9770988"},"geometry":{"type":"LineString","coordinates":[[-100.02776,48.74574],[-100.02825,48.746],[-100.02866,48.74639],[-100.02959,48.74634],[-100.02971,48.74642]]}},{"type":"Feature","properties":{"segmentId":"osm_9771008"},"geometry":{"type":"LineString","coordinates":[[-99.99742,48.96128],[-99.9973,48.95855],[-99.99707,48.95769],[-99.99696,48.95763],[-99.99603,48.95754],[-99.99415,48.95747],[-99.99356,48.95739],[-99.99309,48.9572],[-99.9921,48.9565],[-99.99161,48.95627],[-99.9907,48.95524],[-99.98969,48.95485],[-99.9886,48.95492],[-99.98779,48.95474],[-99.98755,48.95445],[-99.9874,48.95323],[-99.98688,48.95259],[-99.98625,48.95211]]}},{"type":"Feature","properties":{"segmentId":"osm_9771020"},"geometry":{"type":"LineString","coordinates":[[-99.7556,48.96917],[-99.75486,48.96829],[-99.75474,48.96796],[-99.75464,48.96627],[-99.75446,48.9656],[-99.75437,48.96553],[-99.75428,48.96453]]}},{"type":"Feature","properties":{"segmentId":"osm_9771031"},"geometry":{"type":"LineString","coordinates":[[-99.7617,48.9628],[-99.76168,48.96299],[-99.76206,48.96443]]}},{"type":"Feature","properties":{"segmentId":"osm_9771043"},"geometry":{"type":"LineString","coordinates":[[-99.8418,48.69711],[-99.85439,48.69719],[-99.86076,48.69717],[-99.86148,48.69708],[-99.86187,48.69715],[-99.86369,48.6971]]}},{"type":"Feature","properties":{"segmentId":"osm_9771058"},"geometry":{"type":"LineString","coordinates":[[-99.83666,48.69303],[-99.83693,48.69325],[-99.8376,48.69342],[-99.84179,48.69333]]}},{"type":"Feature","properties":{"segmentId":"osm_9771060"},"geometry":{"type":"LineString","coordinates":[[-99.82698,48.70549],[-99.82707,48.70436]]}},{"type":"Feature","properties":{"segmentId":"osm_9771066"},"geometry":{"type":"LineString","coordinates":[[-99.67558,48.84168],[-99.67754,48.84168],[-99.67907,48.84161]]}},{"type":"Feature","properties":{"segmentId":"osm_9771096","name":"39th Avenue Northeast"},"geometry":{"type":"LineString","coordinates":[[-99.85377,48.71906],[-99.85428,48.71957],[-99.85449,48.72019],[-99.85449,48.73055],[-99.85443,48.73093],[-99.85436,48.73102],[-99.8541,48.73111]]}},{"type":"Feature","properties":{"segmentId":"osm_9771102"},"geometry":{"type":"LineString","coordinates":[[-99.7778,48.69685],[-99.77743,48.69685],[-99.77613,48.69702]]}},{"type":"Feature","properties":{"segmentId":"osm_9771109"},"geometry":{"type":"LineString","coordinates":[[-99.76434,48.70855],[-99.76396,48.70837],[-99.76391,48.70434],[-99.764,48.70397],[-99.7639,48.70383],[-99.76365,48.70373],[-99.76187,48.70355]]}},{"type":"Feature","properties":{"segmentId":"osm_9771116"},"geometry":{"type":"LineString","coordinates":[[-99.74438,48.69604],[-99.74441,48.69652],[-99.74402,48.69688],[-99.74419,48.69703],[-99.75419,48.6971]]}},{"type":"Feature","properties":{"segmentId":"osm_9771124"},"geometry":{"type":"LineString","coordinates":[[-99.73265,48.70431],[-99.73273,48.70286],[-99.73001,48.70291],[-99.72806,48.70282]]}},{"type":"Feature","properties":{"segmentId":"osm_9771153"},"geometry":{"type":"LineString","coordinates":[[-99.65899,48.84181],[-99.65858,48.84152],[-99.65839,48.84149],[-99.65714,48.84154]]}},{"type":"Feature","properties":{"segmentId":"osm_9771209"},"geometry":{"type":"LineString","coordinates":[[-99.55874,48.7043],[-99.5588,48.70491],[-99.55903,48.70536],[-99.5589,48.70592],[-99.55889,48.71044],[-99.55873,48.71119],[-99.5588,48.71369],[-99.55872,48.71562],[-99.55874,48.71843]]}},{"type":"Feature","properties":{"segmentId":"osm_9771233"},"geometry":{"type":"LineString","coordinates":[[-99.54785,48.70428],[-99.54779,48.69975]]}},{"type":"Feature","properties":{"segmentId":"osm_9771241"},"geometry":{"type":"LineString","coordinates":[[-99.52598,48.70533],[-99.52585,48.70425]]}},{"type":"Feature","properties":{"segmentId":"osm_9771245"},"geometry":{"type":"LineString","coordinates":[[-100.08089,48.70984],[-100.08268,48.70969],[-100.08316,48.70945],[-100.0831,48.70927],[-100.08294,48.70924],[-100.08281,48.70929],[-100.08236,48.70973]]}},{"type":"Feature","properties":{"segmentId":"osm_9771264"},"geometry":{"type":"LineString","coordinates":[[-99.61263,48.84854],[-99.61294,48.84855],[-99.6133,48.84879]]}},{"type":"Feature","properties":{"segmentId":"osm_9771266"},"geometry":{"type":"LineString","coordinates":[[-100.03674,48.67487],[-100.03614,48.67534],[-100.036,48.67575]]}},{"type":"Feature","properties":{"segmentId":"osm_9771276","name":"Shady Road"},"geometry":{"type":"LineString","coordinates":[[-99.84011,48.9584],[-99.84002,48.95826],[-99.84008,48.95804],[-99.84007,48.95413],[-99.83997,48.95395],[-99.83985,48.95391],[-99.8388,48.9539]]}},{"type":"Feature","properties":{"segmentId":"osm_9771297"},"geometry":{"type":"LineString","coordinates":[[-99.96507,48.69242],[-99.9651,48.69008]]}},{"type":"Feature","properties":{"segmentId":"osm_9771306"},"geometry":{"type":"LineString","coordinates":[[-99.91832,48.69361],[-99.91769,48.69293],[-99.91733,48.69227],[-99.91729,48.69191],[-99.91742,48.69175],[-99.91908,48.69173],[-99.91922,48.69165],[-99.91926,48.69143]]}},{"type":"Feature","properties":{"segmentId":"osm_9771313"},"geometry":{"type":"LineString","coordinates":[[-99.90632,48.69606],[-99.9063,48.69345],[-99.90642,48.69007]]}},{"type":"Feature","properties":{"segmentId":"osm_9771364"},"geometry":{"type":"LineString","coordinates":[[-100.03553,48.83726],[-100.03526,48.83743],[-100.03525,48.83836],[-100.03561,48.8387],[-100.03633,48.83901],[-100.03649,48.83893],[-100.03645,48.83827],[-100.03654,48.83806],[-100.03714,48.83756],[-100.03731,48.83716]]}},{"type":"Feature","properties":{"segmentId":"osm_9771374"},"geometry":{"type":"LineString","coordinates":[[-100.03505,48.83908],[-100.03515,48.83934],[-100.03496,48.83967],[-100.03476,48.83981],[-100.03453,48.83993],[-100.03429,48.83997],[-100.03359,48.83996],[-100.03342,48.83977],[-100.03364,48.83897],[-100.03362,48.83867]]}},{"type":"Feature","properties":{"segmentId":"osm_9771379"},"geometry":{"type":"LineString","coordinates":[[-99.84178,48.6854],[-99.83957,48.68519],[-99.83933,48.6852],[-99.83878,48.68541],[-99.83843,48.68567],[-99.83822,48.6861],[-99.8385,48.68665],[-99.83871,48.68679]]}},{"type":"Feature","properties":{"segmentId":"osm_9771393"},"geometry":{"type":"LineString","coordinates":[[-99.80839,48.68257],[-99.80924,48.68262],[-99.81003,48.68283],[-99.81032,48.68281],[-99.81091,48.68261],[-99.8112,48.68259],[-99.81988,48.6826]]}},{"type":"Feature","properties":{"segmentId":"osm_9771395"},"geometry":{"type":"LineString","coordinates":[[-99.81988,48.67568],[-99.82008,48.67549],[-99.82035,48.67538]]}},{"type":"Feature","properties":{"segmentId":"osm_9771398"},"geometry":{"type":"LineString","coordinates":[[-99.81607,48.67513],[-99.8167,48.67543],[-99.81878,48.67546],[-99.81988,48.67542]]}},{"type":"Feature","properties":{"segmentId":"osm_9771403","name":"Creek Side Housing"},"geometry":{"type":"LineString","coordinates":[[-99.74905,48.83274],[-99.74875,48.83278],[-99.74862,48.83269],[-99.74869,48.83263],[-99.74882,48.83264],[-99.74926,48.83285],[-99.74964,48.83325],[-99.74974,48.83363],[-99.74963,48.83436]]}},{"type":"Feature","properties":{"segmentId":"osm_9771419"},"geometry":{"type":"LineString","coordinates":[[-99.84076,48.964],[-99.84085,48.96442],[-99.84073,48.96462],[-99.84039,48.96469],[-99.8402,48.96489],[-99.84029,48.96532],[-99.84023,48.96552],[-99.84041,48.96604],[-99.84135,48.96641]]}},{"type":"Feature","properties":{"segmentId":"osm_9771427"},"geometry":{"type":"LineString","coordinates":[[-100.07994,48.6556],[-100.08037,48.65541],[-100.08092,48.65537]]}},{"type":"Feature","properties":{"segmentId":"osm_9771436"},"geometry":{"type":"LineString","coordinates":[[-99.8674,48.8562],[-99.86743,48.85657],[-99.86703,48.85658],[-99.86693,48.85662],[-99.86693,48.85675],[-99.86709,48.85682],[-99.86737,48.85679],[-99.86743,48.85657]]}},{"type":"Feature","properties":{"segmentId":"osm_9771465","name":"Fire Zone 4"},"geometry":{"type":"LineString","coordinates":[[-99.85353,48.96455],[-99.85401,48.96404],[-99.85455,48.96385],[-99.85478,48.96363],[-99.85466,48.95406],[-99.85455,48.95109],[-99.8546,48.95007]]}},{"type":"Feature","properties":{"segmentId":"osm_9771474"},"geometry":{"type":"LineString","coordinates":[[-99.85353,48.96455],[-99.84571,48.96458],[-99.84564,48.96561],[-99.84546,48.96566],[-99.84412,48.96531],[-99.84377,48.96511],[-99.84386,48.96475],[-99.84401,48.9646],[-99.84571,48.96458]]}},{"type":"Feature","properties":{"segmentId":"osm_9771499"},"geometry":{"type":"LineString","coordinates":[[-99.7217,48.69327],[-99.72177,48.69182],[-99.72169,48.69009],[-99.72164,48.68995],[-99.72142,48.68985],[-99.7216,48.68709]]}},{"type":"Feature","properties":{"segmentId":"osm_9771509"},"geometry":{"type":"LineString","coordinates":[[-99.70866,48.69174],[-99.70863,48.69147],[-99.70823,48.69133],[-99.70771,48.69094],[-99.70738,48.69079],[-99.70736,48.69057],[-99.70751,48.69047],[-99.70759,48.69023],[-99.70775,48.69021]]}},{"type":"Feature","properties":{"segmentId":"osm_9771515"},"geometry":{"type":"LineString","coordinates":[[-99.68892,48.68981],[-99.68792,48.6898]]}},{"type":"Feature","properties":{"segmentId":"osm_9771527","name":"88th Street Northeast"},"geometry":{"type":"LineString","coordinates":[[-99.60359,48.68982],[-99.58064,48.6898],[-99.57467,48.68978],[-99.57407,48.68973],[-99.57246,48.68981],[-99.56938,48.68983],[-99.56805,48.69004],[-99.56706,48.68982],[-99.55872,48.68982]]}},{"type":"Feature","properties":{"segmentId":"osm_9771544","name":"Longie Drive Northeast"},"geometry":{"type":"LineString","coordinates":[[-99.73095,48.84225],[-99.72946,48.84228],[-99.72927,48.84238],[-99.72925,48.84288],[-99.72937,48.84335],[-99.72929,48.8445],[-99.72942,48.8451],[-99.72978,48.84543]]}},{"type":"Feature","properties":{"segmentId":"osm_9771557","name":"Jack Frost Lane"},"geometry":{"type":"LineString","coordinates":[[-99.72695,48.84289],[-99.72681,48.84262],[-99.72655,48.84251],[-99.7245,48.8426],[-99.72291,48.84256]]}},{"type":"Feature","properties":{"segmentId":"osm_9771602"},"geometry":{"type":"LineString","coordinates":[[-100.02158,48.86431],[-100.02231,48.86385],[-100.02265,48.86311],[-100.02357,48.86222]]}},{"type":"Feature","properties":{"segmentId":"osm_9771640"},"geometry":{"type":"LineString","coordinates":[[-100.09422,48.69755],[-100.08088,48.69753]]}},{"type":"Feature","properties":{"segmentId":"osm_9771642"},"geometry":{"type":"LineString","coordinates":[[-100.09067,48.69118],[-100.09046,48.6903]]}},{"type":"Feature","properties":{"segmentId":"osm_9771688"},"geometry":{"type":"LineString","coordinates":[[-99.7522,48.84161],[-99.75211,48.8415],[-99.7521,48.84128],[-99.75227,48.84117],[-99.75334,48.84081]]}},{"type":"Feature","properties":{"segmentId":"osm_9771701"},"geometry":{"type":"LineString","coordinates":[[-99.77209,48.83848],[-99.77182,48.8382],[-99.77146,48.8376],[-99.77144,48.83597],[-99.77169,48.83573],[-99.77214,48.83552],[-99.7727,48.83546],[-99.7741,48.83512],[-99.77424,48.83499],[-99.77421,48.8344]]}},{"type":"Feature","properties":{"segmentId":"osm_9771748"},"geometry":{"type":"LineString","coordinates":[[-99.77619,48.61734],[-99.77619,48.62083],[-99.776,48.62098],[-99.77001,48.621],[-99.76481,48.62095],[-99.76409,48.621],[-99.7584,48.62101],[-99.75793,48.62097],[-99.75422,48.62103]]}},{"type":"Feature","properties":{"segmentId":"osm_9771761"},"geometry":{"type":"LineString","coordinates":[[-99.75421,48.62116],[-99.75326,48.6211],[-99.74964,48.62109],[-99.74912,48.621],[-99.74907,48.61735],[-99.73269,48.61727]]}},{"type":"Feature","properties":{"segmentId":"osm_9771780"},"geometry":{"type":"LineString","coordinates":[[-99.72689,48.62545],[-99.72695,48.62475],[-99.7271,48.62459],[-99.7286,48.62372],[-99.72871,48.62359],[-99.72913,48.622],[-99.72927,48.62187],[-99.72957,48.62184],[-99.72987,48.62189],[-99.73229,48.62193],[-99.73264,48.62188]]}},{"type":"Feature","properties":{"segmentId":"osm_9771807"},"geometry":{"type":"LineString","coordinates":[[-99.7981,48.6654],[-99.798,48.66387],[-99.79799,48.66078]]}},{"type":"Feature","properties":{"segmentId":"osm_9771824"},"geometry":{"type":"LineString","coordinates":[[-99.72801,48.89327],[-99.72798,48.89374],[-99.72863,48.89393],[-99.72961,48.89448],[-99.72989,48.89543],[-99.73022,48.89576],[-99.73121,48.89729],[-99.73146,48.89743],[-99.73182,48.89789],[-99.73222,48.89859],[-99.73242,48.89862],[-99.73269,48.89856],[-99.73357,48.89853]]}},{"type":"Feature","properties":{"segmentId":"osm_9771833"},"geometry":{"type":"LineString","coordinates":[[-99.66053,48.91109],[-99.6618,48.9111],[-99.66202,48.91122],[-99.66203,48.9113],[-99.6615,48.91143],[-99.66127,48.9113],[-99.66053,48.91109],[-99.66027,48.91085],[-99.66017,48.91033],[-99.66022,48.90996],[-99.66,48.90952],[-99.65978,48.90872],[-99.65981,48.90777],[-99.65973,48.90771],[-99.65955,48.90771],[-99.6594,48.90738],[-99.65961,48.90695]]}},{"type":"Feature","properties":{"segmentId":"osm_9771864"},"geometry":{"type":"LineString","coordinates":[[-100.02227,48.95356],[-100.01932,48.95328],[-100.01894,48.95313],[-100.01853,48.95283],[-100.01827,48.95252],[-100.01786,48.95179],[-100.01744,48.95156],[-100.01729,48.9511],[-100.01715,48.95097]]}},{"type":"Feature","properties":{"segmentId":"osm_9771873"},"geometry":{"type":"LineString","coordinates":[[-99.71227,48.66487],[-99.71268,48.66449],[-99.71294,48.66443],[-99.71529,48.66446],[-99.7156,48.66476],[-99.71594,48.66528],[-99.71648,48.66562],[-99.71686,48.66569],[-99.7172,48.66567],[-99.71751,48.66547],[-99.71746,48.66465],[-99.71767,48.66443],[-99.72059,48.6644],[-99.72131,48.66445],[-99.72162,48.66455]]}},{"type":"Feature","properties":{"segmentId":"osm_9771930"},"geometry":{"type":"LineString","coordinates":[[-100.08093,48.63406],[-100.08094,48.63223]]}},{"type":"Feature","properties":{"segmentId":"osm_9771964"},"geometry":{"type":"LineString","coordinates":[[-99.81242,48.8338],[-99.81238,48.83445]]}},{"type":"Feature","properties":{"segmentId":"osm_9771983"},"geometry":{"type":"LineString","coordinates":[[-99.92002,48.84647],[-99.92032,48.84651],[-99.92039,48.84647],[-99.92046,48.84609],[-99.92042,48.84572],[-99.92051,48.84555],[-99.92178,48.84476],[-99.92213,48.84441],[-99.92247,48.8439],[-99.92274,48.84379],[-99.92334,48.8438],[-99.92433,48.84361],[-99.92422,48.8433],[-99.92395,48.84291],[-99.92355,48.84279],[-99.92337,48.84283],[-99.92282,48.84337],[-99.92247,48.8439]]}},{"type":"Feature","properties":{"segmentId":"osm_9771985"},"geometry":{"type":"LineString","coordinates":[[-99.80454,48.8495],[-99.80506,48.84925],[-99.80496,48.84879]]}},{"type":"Feature","properties":{"segmentId":"osm_9772009"},"geometry":{"type":"LineString","coordinates":[[-99.76945,48.87142],[-99.76903,48.87123],[-99.76857,48.8712],[-99.7681,48.87136],[-99.76791,48.87151],[-99.76785,48.87175],[-99.76833,48.87197],[-99.76862,48.87198],[-99.76894,48.87177],[-99.76929,48.87139]]}},{"type":"Feature","properties":{"segmentId":"osm_9772015"},"geometry":{"type":"LineString","coordinates":[[-100.00454,48.9062],[-100.00415,48.90591],[-100.00433,48.90592],[-100.00514,48.90566],[-100.0063,48.90576],[-100.00649,48.90582],[-100.00681,48.90621],[-100.00561,48.90652],[-100.00509,48.90644],[-100.00454,48.9062]]}},{"type":"Feature","properties":{"segmentId":"osm_9772023"},"geometry":{"type":"LineString","coordinates":[[-99.92567,48.90679],[-99.92551,48.90729],[-99.92558,48.90793],[-99.92553,48.90936],[-99.92563,48.90964],[-99.92584,48.90984],[-99.92675,48.91037],[-99.93181,48.9104],[-99.93486,48.91049],[-99.93891,48.91046]]}},{"type":"Feature","properties":{"segmentId":"osm_9772031"},"geometry":{"type":"LineString","coordinates":[[-99.83192,48.64278],[-99.83389,48.64274],[-99.84174,48.64276]]}},{"type":"Feature","properties":{"segmentId":"osm_9772037"},"geometry":{"type":"LineString","coordinates":[[-99.81259,48.64169],[-99.81297,48.64165],[-99.81314,48.6415],[-99.81313,48.64024],[-99.81296,48.63998]]}},{"type":"Feature","properties":{"segmentId":"osm_9772047"},"geometry":{"type":"LineString","coordinates":[[-99.77598,48.8495],[-99.77596,48.84884]]}},{"type":"Feature","properties":{"segmentId":"osm_9772060"},"geometry":{"type":"LineString","coordinates":[[-99.77126,48.84819],[-99.77114,48.84847],[-99.77113,48.84884]]}},{"type":"Feature","properties":{"segmentId":"osm_9772069"},"geometry":{"type":"LineString","coordinates":[[-99.95182,48.75097],[-99.95161,48.75123],[-99.95176,48.75122],[-99.95204,48.75131],[-99.95253,48.75157],[-99.95274,48.75151],[-99.95277,48.75091],[-99.95252,48.75083],[-99.95218,48.75083],[-99.95198,48.75086],[-99.95182,48.75097]]}},{"type":"Feature","properties":{"segmentId":"osm_9772075"},"geometry":{"type":"LineString","coordinates":[[-99.61877,48.81982],[-99.61959,48.81971],[-99.6208,48.81973],[-99.62103,48.81995],[-99.62125,48.81997],[-99.62129,48.81985],[-99.62122,48.81977],[-99.6208,48.81973]]}},{"type":"Feature","properties":{"segmentId":"osm_9772097"},"geometry":{"type":"LineString","coordinates":[[-99.74061,48.92121],[-99.74107,48.92111],[-99.74124,48.9211],[-99.74159,48.9212],[-99.7422,48.92111],[-99.7423,48.92104],[-99.74221,48.92085],[-99.74245,48.92059],[-99.74333,48.92053],[-99.74404,48.92036],[-99.7442,48.92039],[-99.74425,48.92046],[-99.74391,48.92113],[-99.74395,48.92143],[-99.74354,48.92166],[-99.74159,48.9212]]}},{"type":"Feature","properties":{"segmentId":"osm_9772137"},"geometry":{"type":"LineString","coordinates":[[-99.70276,48.64671],[-99.70295,48.64669],[-99.70295,48.64637]]}},{"type":"Feature","properties":{"segmentId":"osm_9772143"},"geometry":{"type":"LineString","coordinates":[[-99.70242,48.64625],[-99.70266,48.64607],[-99.70259,48.64596],[-99.70242,48.64604],[-99.70242,48.64637]]}},{"type":"Feature","properties":{"segmentId":"osm_9772169"},"geometry":{"type":"LineString","coordinates":[[-99.76706,48.92563],[-99.76843,48.92599],[-99.76874,48.92653],[-99.76887,48.92664],[-99.76926,48.92674],[-99.77046,48.92659],[-99.77114,48.92623],[-99.77166,48.92625],[-99.77184,48.92617],[-99.77209,48.92474],[-99.77241,48.9243],[-99.77268,48.92411],[-99.77303,48.92397],[-99.77357,48.92398],[-99.7741,48.92411],[-99.77494,48.92354],[-99.7746,48.92326],[-99.774,48.9233],[-99.77365,48.92325],[-99.77339,48.92296],[-99.77312,48.92219],[-99.77288,48.92202],[-99.77271,48.92201],[-99.77229,48.92215],[-99.77163,48.92253]]}},{"type":"Feature","properties":{"segmentId":"osm_9772181"},"geometry":{"type":"LineString","coordinates":[[-99.78427,48.9194],[-99.78456,48.91927],[-99.78502,48.91919],[-99.78537,48.91902],[-99.78605,48.91927],[-99.78652,48.91922]]}},{"type":"Feature","properties":{"segmentId":"osm_9772186"},"geometry":{"type":"LineString","coordinates":[[-100.02826,48.86844],[-100.02774,48.86884]]}},{"type":"Feature","properties":{"segmentId":"osm_9772188"},"geometry":{"type":"LineString","coordinates":[[-99.77702,48.833],[-99.77761,48.83367],[-99.7776,48.83376],[-99.77737,48.83394]]}},{"type":"Feature","properties":{"segmentId":"osm_9772207"},"geometry":{"type":"LineString","coordinates":[[-99.85428,48.91714],[-99.85423,48.91672],[-99.85434,48.91643],[-99.85425,48.91614],[-99.8543,48.91422]]}},{"type":"Feature","properties":{"segmentId":"osm_9772220"},"geometry":{"type":"LineString","coordinates":[[-99.70509,48.9211],[-99.70663,48.92118],[-99.7115,48.92115],[-99.71206,48.92117],[-99.71213,48.92122],[-99.71219,48.92158],[-99.71182,48.92197],[-99.71183,48.92214],[-99.71215,48.92248],[-99.7123,48.92303],[-99.71268,48.92335],[-99.71343,48.9248],[-99.7139,48.92547],[-99.71465,48.92738],[-99.7148,48.92814],[-99.71483,48.92837],[-99.71428,48.93035],[-99.71384,48.93164],[-99.71376,48.9318],[-99.71358,48.93192]]}},{"type":"Feature","properties":{"segmentId":"osm_9772232"},"geometry":{"type":"LineString","coordinates":[[-99.96561,48.84877],[-99.96564,48.84831],[-99.96574,48.84811],[-99.96631,48.84795],[-99.96669,48.84777],[-99.9683,48.84667],[-99.96883,48.84617],[-99.9693,48.84614],[-99.96984,48.84625],[-99.97001,48.84639],[-99.97028,48.84649],[-99.97057,48.84645],[-99.97078,48.84651],[-99.97092,48.84665],[-99.97149,48.84688],[-99.97116,48.84925]]}},{"type":"Feature","properties":{"segmentId":"osm_9772287"},"geometry":{"type":"LineString","coordinates":[[-99.74674,48.64616],[-99.74642,48.64599],[-99.73805,48.63844],[-99.73791,48.63809],[-99.73798,48.63187]]}},{"type":"Feature","properties":{"segmentId":"osm_9772289"},"geometry":{"type":"LineString","coordinates":[[-99.8104,48.81158],[-99.81121,48.81153],[-99.8112,48.81171]]}},{"type":"Feature","properties":{"segmentId":"osm_9772300"},"geometry":{"type":"LineString","coordinates":[[-99.70749,48.9448],[-99.7066,48.94516],[-99.70538,48.94547],[-99.701,48.94616]]}},{"type":"Feature","properties":{"segmentId":"osm_9772322"},"geometry":{"type":"LineString","coordinates":[[-99.95273,48.8348],[-99.95318,48.83433],[-99.95327,48.83393],[-99.95374,48.83374],[-99.95408,48.83347],[-99.95427,48.83343],[-99.95484,48.8336],[-99.95592,48.83341],[-99.95652,48.8334],[-99.95701,48.83346],[-99.95758,48.83331],[-99.95855,48.83332],[-99.959,48.83326],[-99.95991,48.83285],[-99.96016,48.8328],[-99.96089,48.83305],[-99.96127,48.83293],[-99.96153,48.83261],[-99.96165,48.83228],[-99.96134,48.83204],[-99.96124,48.83187]]}},{"type":"Feature","properties":{"segmentId":"osm_9772337","name":"50th Avenue Northeast"},"geometry":{"type":"LineString","coordinates":[[-99.58063,48.69517],[-99.58064,48.68607]]}},{"type":"Feature","properties":{"segmentId":"osm_9772358"},"geometry":{"type":"LineString","coordinates":[[-99.88424,48.74763],[-99.88416,48.74801],[-99.88464,48.74931],[-99.88448,48.75128],[-99.88551,48.75357],[-99.88588,48.75563],[-99.88581,48.7569],[-99.88549,48.75794],[-99.88553,48.75844],[-99.88575,48.7589],[-99.88651,48.75992]]}},{"type":"Feature","properties":{"segmentId":"osm_9772389"},"geometry":{"type":"LineString","coordinates":[[-99.95316,48.82023],[-99.95323,48.8143],[-99.95318,48.81241],[-99.9531,48.81209],[-99.95297,48.81199],[-99.95237,48.81174],[-99.95186,48.81163]]}},{"type":"Feature","properties":{"segmentId":"osm_9772395"},"geometry":{"type":"LineString","coordinates":[[-99.78824,48.83078],[-99.78835,48.83066],[-99.78844,48.82741],[-99.78844,48.82352],[-99.78826,48.82321],[-99.78808,48.82306]]}},{"type":"Feature","properties":{"segmentId":"osm_9772415"},"geometry":{"type":"LineString","coordinates":[[-100.05095,48.84766],[-100.05059,48.8486],[-100.05048,48.84913]]}},{"type":"Feature","properties":{"segmentId":"osm_9772422"},"geometry":{"type":"LineString","coordinates":[[-100.04811,48.84914],[-100.0478,48.84834],[-100.04739,48.8479],[-100.04716,48.8475],[-100.04722,48.8473],[-100.04777,48.84668],[-100.04821,48.8464],[-100.04872,48.84624],[-100.05028,48.84612],[-100.05148,48.84613]]}},{"type":"Feature","properties":{"segmentId":"osm_9772425"},"geometry":{"type":"LineString","coordinates":[[-100.05126,48.84368],[-100.05121,48.84393],[-100.0513,48.8442],[-100.05133,48.84488],[-100.05065,48.84586],[-100.05028,48.84612]]}},{"type":"Feature","properties":{"segmentId":"osm_9772465"},"geometry":{"type":"LineString","coordinates":[[-99.60065,48.90658],[-99.60065,48.91244],[-99.60061,48.91253],[-99.60035,48.91267],[-99.59963,48.91277]]}},{"type":"Feature","properties":{"segmentId":"osm_9772477"},"geometry":{"type":"LineString","coordinates":[[-99.72291,48.84391],[-99.72384,48.84387],[-99.72485,48.84373],[-99.72576,48.84386]]}},{"type":"Feature","properties":{"segmentId":"osm_9772525"},"geometry":{"type":"LineString","coordinates":[[-100.0958,48.94074],[-100.09527,48.9408],[-100.09527,48.9411],[-100.0954,48.94134]]}},{"type":"Feature","properties":{"segmentId":"osm_9772529"},"geometry":{"type":"LineString","coordinates":[[-99.71965,48.84862],[-99.71884,48.84832],[-99.7178,48.84855]]}},{"type":"Feature","properties":{"segmentId":"osm_9772534"},"geometry":{"type":"LineString","coordinates":[[-100.09196,48.93299],[-100.09212,48.9332],[-100.09213,48.93334],[-100.09174,48.93416],[-100.09183,48.93426],[-100.09575,48.93429]]}},{"type":"Feature","properties":{"segmentId":"osm_9772544"},"geometry":{"type":"LineString","coordinates":[[-100.05728,48.94178],[-100.05935,48.94207],[-100.06005,48.9421],[-100.06093,48.94232],[-100.06266,48.94254],[-100.06573,48.94185],[-100.06635,48.94176],[-100.06741,48.94172],[-100.06811,48.94196],[-100.06974,48.94279],[-100.07068,48.94284],[-100.07288,48.94279],[-100.07346,48.94282],[-100.07375,48.9429]]}},{"type":"Feature","properties":{"segmentId":"osm_9772551"},"geometry":{"type":"LineString","coordinates":[[-100.0737,48.93027],[-100.07431,48.93034],[-100.07538,48.93034]]}},{"type":"Feature","properties":{"segmentId":"osm_9772566"},"geometry":{"type":"LineString","coordinates":[[-99.53209,48.91001],[-99.53221,48.91028],[-99.53216,48.91038],[-99.53193,48.91042],[-99.53146,48.91015],[-99.5297,48.90844],[-99.52935,48.90827],[-99.52885,48.9082]]}},{"type":"Feature","properties":{"segmentId":"osm_9772588"},"geometry":{"type":"LineString","coordinates":[[-100.09879,48.92601],[-100.09563,48.92579]]}},{"type":"Feature","properties":{"segmentId":"osm_9772591"},"geometry":{"type":"LineString","coordinates":[[-100.09476,48.92572],[-100.0952,48.92561],[-100.09536,48.9254],[-100.09563,48.92524]]}},{"type":"Feature","properties":{"segmentId":"osm_9772597","name":"5th Avenue Northeast"},"geometry":{"type":"LineString","coordinates":[[-99.60835,48.86324],[-99.62288,48.86328]]}},{"type":"Feature","properties":{"segmentId":"osm_9772606"},"geometry":{"type":"LineString","coordinates":[[-100.0322,48.83846],[-100.03201,48.83821],[-100.03152,48.83789],[-100.03122,48.83785],[-100.03044,48.83757],[-100.02973,48.83757]]}},{"type":"Feature","properties":{"segmentId":"osm_9772610"},"geometry":{"type":"LineString","coordinates":[[-100.03446,48.83632],[-100.03423,48.83632],[-100.03358,48.83651],[-100.03178,48.83636],[-100.03046,48.83652],[-100.02973,48.83653]]}},{"type":"Feature","properties":{"segmentId":"osm_9772620"},"geometry":{"type":"LineString","coordinates":[[-99.99676,48.927],[-99.9967,48.92176],[-99.99685,48.92124]]}},{"type":"Feature","properties":{"segmentId":"osm_9772622"},"geometry":{"type":"LineString","coordinates":[[-100.00422,48.91632],[-100.00444,48.9157],[-100.00653,48.91546]]}},{"type":"Feature","properties":{"segmentId":"osm_9772627"},"geometry":{"type":"LineString","coordinates":[[-100.00102,48.91295],[-100.00084,48.91231],[-100.00094,48.91192],[-100.00132,48.91198],[-100.00145,48.91206],[-100.00166,48.9124],[-100.002,48.91273]]}},{"type":"Feature","properties":{"segmentId":"osm_9772636"},"geometry":{"type":"LineString","coordinates":[[-99.95301,48.92118],[-99.95306,48.91955],[-99.95327,48.91924],[-99.95492,48.91839],[-99.95577,48.9177],[-99.95609,48.91753],[-99.9565,48.91744],[-99.95751,48.91735],[-99.9579,48.91746],[-99.95811,48.91761]]}},{"type":"Feature","properties":{"segmentId":"osm_9772646"},"geometry":{"type":"LineString","coordinates":[[-99.60232,48.63256],[-99.60248,48.6322],[-99.60264,48.63205],[-99.60305,48.63194],[-99.6034,48.63194],[-99.60998,48.63322],[-99.61083,48.63357],[-99.61205,48.63472],[-99.61262,48.63508],[-99.61314,48.63527],[-99.61412,48.63537]]}},{"type":"Feature","properties":{"segmentId":"osm_9772668"},"geometry":{"type":"LineString","coordinates":[[-99.76302,48.82647],[-99.76355,48.82647],[-99.76418,48.82658],[-99.76473,48.82655],[-99.76485,48.82673]]}},{"type":"Feature","properties":{"segmentId":"osm_9772714"},"geometry":{"type":"LineString","coordinates":[[-100.02399,48.8487],[-100.02359,48.84923]]}},{"type":"Feature","properties":{"segmentId":"osm_9772720"},"geometry":{"type":"LineString","coordinates":[[-99.85417,48.91278],[-99.85473,48.91287],[-99.85476,48.91281],[-99.85463,48.91271],[-99.85419,48.91264]]}},{"type":"Feature","properties":{"segmentId":"osm_9772724"},"geometry":{"type":"LineString","coordinates":[[-99.84864,48.92858],[-99.84861,48.92821],[-99.84839,48.92799],[-99.84749,48.92755],[-99.84739,48.92742],[-99.84749,48.9268],[-99.84721,48.92632],[-99.84698,48.92617],[-99.84684,48.92573],[-99.84672,48.92563],[-99.84634,48.92547],[-99.84584,48.92514],[-99.84504,48.92494],[-99.84459,48.92474],[-99.84268,48.92445],[-99.84212,48.92412],[-99.84184,48.92359]]}},{"type":"Feature","properties":{"segmentId":"osm_9772732"},"geometry":{"type":"LineString","coordinates":[[-99.74608,48.8253],[-99.7449,48.82539]]}},{"type":"Feature","properties":{"segmentId":"osm_9772750"},"geometry":{"type":"LineString","coordinates":[[-99.78492,48.89292],[-99.78486,48.8923],[-99.78471,48.89209]]}},{"type":"Feature","properties":{"segmentId":"osm_9772762"},"geometry":{"type":"LineString","coordinates":[[-100.02977,48.84001],[-100.02971,48.83877],[-100.02961,48.83853],[-100.02971,48.83834],[-100.02974,48.83745],[-100.02969,48.83307],[-100.02937,48.83249],[-100.02931,48.83221],[-100.02908,48.8319],[-100.02921,48.83133],[-100.02915,48.83115],[-100.02884,48.83078],[-100.02743,48.83045],[-100.02721,48.83013],[-100.02697,48.83002],[-100.0261,48.83],[-100.02556,48.82977],[-100.02452,48.82975],[-100.02376,48.8293],[-100.02291,48.8295]]}},{"type":"Feature","properties":{"segmentId":"osm_9772770"},"geometry":{"type":"LineString","coordinates":[[-100.01907,48.83928],[-100.01923,48.83926],[-100.01969,48.83899],[-100.02039,48.83843],[-100.02053,48.8382],[-100.02018,48.83755],[-100.01994,48.83649],[-100.01981,48.83568],[-100.01983,48.83492],[-100.01947,48.83439],[-100.01928,48.83371],[-100.01908,48.83339],[-100.01899,48.83094],[-100.01889,48.83072],[-100.01867,48.83052]]}},{"type":"Feature","properties":{"segmentId":"osm_9772786"},"geometry":{"type":"LineString","coordinates":[[-99.99079,48.8501],[-99.9913,48.84997],[-99.9916,48.84949],[-99.99187,48.84925]]}},{"type":"Feature","properties":{"segmentId":"osm_9772812"},"geometry":{"type":"LineString","coordinates":[[-100.07909,48.91752],[-100.07855,48.91751],[-100.07801,48.91722],[-100.07784,48.91675],[-100.07759,48.91636]]}},{"type":"Feature","properties":{"segmentId":"osm_9772855"},"geometry":{"type":"LineString","coordinates":[[-99.72226,48.82294],[-99.72302,48.82293]]}},{"type":"Feature","properties":{"segmentId":"osm_9772870","name":"Bureau of Indian Affairs Road 4"},"geometry":{"type":"LineString","coordinates":[[-99.78902,48.89212],[-99.77086,48.89204],[-99.76969,48.89208],[-99.76675,48.89248],[-99.76556,48.89252],[-99.76344,48.89234],[-99.76047,48.89245],[-99.75794,48.89223],[-99.75502,48.89211],[-99.74463,48.89208]]}},{"type":"Feature","properties":{"segmentId":"osm_9772886"},"geometry":{"type":"LineString","coordinates":[[-99.83671,48.92065],[-99.83657,48.92054],[-99.83618,48.92042],[-99.83439,48.92025],[-99.83254,48.91986],[-99.83045,48.91892],[-99.82858,48.91789],[-99.82835,48.91771],[-99.82827,48.91716],[-99.82805,48.91675],[-99.82782,48.91651],[-99.82715,48.91604],[-99.82625,48.91565]]}},{"type":"Feature","properties":{"segmentId":"osm_9772889"},"geometry":{"type":"LineString","coordinates":[[-99.79173,48.92277],[-99.79075,48.92247]]}},{"type":"Feature","properties":{"segmentId":"osm_9772892"},"geometry":{"type":"LineString","coordinates":[[-99.77383,48.92805],[-99.7743,48.92793],[-99.77509,48.92794],[-99.7759,48.92803],[-99.77762,48.92794],[-99.77785,48.92798],[-99.77804,48.92809]]}},{"type":"Feature","properties":{"segmentId":"osm_9772932"},"geometry":{"type":"LineString","coordinates":[[-99.81278,48.82714],[-99.81045,48.82713]]}},{"type":"Feature","properties":{"segmentId":"osm_9772946"},"geometry":{"type":"LineString","coordinates":[[-99.81114,48.82115],[-99.81038,48.82125]]}},{"type":"Feature","properties":{"segmentId":"osm_9772955"},"geometry":{"type":"LineString","coordinates":[[-99.67189,48.92239],[-99.67097,48.92236],[-99.67031,48.92239],[-99.66927,48.92256],[-99.66796,48.92262],[-99.66716,48.92259]]}},{"type":"Feature","properties":{"segmentId":"osm_9772976"},"geometry":{"type":"LineString","coordinates":[[-100.0297,48.90118],[-100.03079,48.90135],[-100.03129,48.90136]]}},{"type":"Feature","properties":{"segmentId":"osm_9772986"},"geometry":{"type":"LineString","coordinates":[[-99.7377,48.8546],[-99.73776,48.85491],[-99.73797,48.85506]]}},{"type":"Feature","properties":{"segmentId":"osm_9772990"},"geometry":{"type":"LineString","coordinates":[[-100.08072,48.84705],[-100.08093,48.84705],[-100.08185,48.84666],[-100.08217,48.84657],[-100.08235,48.84658]]}},{"type":"Feature","properties":{"segmentId":"osm_9773003"},"geometry":{"type":"LineString","coordinates":[[-99.71196,48.89254],[-99.71182,48.89218]]}},{"type":"Feature","properties":{"segmentId":"osm_9773019"},"geometry":{"type":"LineString","coordinates":[[-99.56452,48.67531],[-99.56451,48.67616]]}},{"type":"Feature","properties":{"segmentId":"osm_9773022"},"geometry":{"type":"LineString","coordinates":[[-100.05734,48.94296],[-100.05723,48.93942]]}},{"type":"Feature","properties":{"segmentId":"osm_9773039"},"geometry":{"type":"LineString","coordinates":[[-99.80864,48.82475],[-99.80875,48.82496],[-99.80861,48.82528],[-99.80865,48.8255]]}},{"type":"Feature","properties":{"segmentId":"osm_9773044"},"geometry":{"type":"LineString","coordinates":[[-100.00744,48.88264],[-100.00824,48.88269],[-100.00934,48.88316],[-100.00966,48.88321],[-100.0101,48.88319],[-100.0105,48.88309],[-100.01124,48.88346],[-100.01184,48.88353],[-100.01218,48.8837],[-100.01235,48.88372],[-100.01364,48.88329],[-100.0145,48.88249],[-100.01488,48.88208],[-100.01537,48.88134],[-100.01556,48.88123],[-100.0158,48.88117],[-100.0169,48.88118],[-100.01831,48.88108],[-100.01885,48.88115]]}},{"type":"Feature","properties":{"segmentId":"osm_9773049"},"geometry":{"type":"LineString","coordinates":[[-99.98926,48.88691],[-99.98931,48.88753],[-99.9898,48.88801],[-99.99072,48.8885],[-99.99166,48.88862],[-99.99197,48.88887],[-99.99233,48.88898],[-99.99242,48.88935],[-99.99254,48.88947],[-99.99307,48.88963],[-99.99413,48.88976],[-99.99567,48.89021],[-99.99632,48.89051],[-99.99679,48.89083],[-99.99774,48.8911]]}},{"type":"Feature","properties":{"segmentId":"osm_9773051"},"geometry":{"type":"LineString","coordinates":[[-99.9956,48.88138],[-99.9955,48.88171],[-99.99539,48.8818],[-99.99416,48.88238],[-99.99323,48.88245],[-99.99237,48.88274],[-99.99222,48.88286],[-99.99177,48.88346],[-99.99174,48.88453],[-99.99197,48.88502],[-99.99192,48.88536],[-99.99164,48.88591],[-99.9907,48.88688],[-99.99052,48.88695],[-99.99019,48.88697],[-99.98872,48.88686],[-99.98803,48.88692],[-99.98777,48.88689]]}},{"type":"Feature","properties":{"segmentId":"osm_9773057"},"geometry":{"type":"LineString","coordinates":[[-99.89995,48.89016],[-99.89983,48.88965],[-99.90003,48.88943],[-99.89997,48.88933],[-99.89933,48.88894],[-99.89924,48.88857],[-99.89898,48.88821],[-99.8984,48.88818],[-99.89798,48.88834],[-99.89789,48.88851],[-99.89772,48.88853]]}},{"type":"Feature","properties":{"segmentId":"osm_9773072"},"geometry":{"type":"LineString","coordinates":[[-99.82963,48.94532],[-99.82941,48.94566],[-99.82936,48.94598],[-99.82915,48.94644],[-99.82879,48.94658],[-99.82837,48.94698]]}},{"type":"Feature","properties":{"segmentId":"osm_9773075"},"geometry":{"type":"LineString","coordinates":[[-99.8048,48.93774],[-99.80511,48.93754],[-99.80556,48.9369],[-99.80571,48.93677],[-99.80609,48.93661],[-99.80612,48.93651]]}},{"type":"Feature","properties":{"segmentId":"osm_9773088","name":"41st Avenue Northeast"},"geometry":{"type":"LineString","coordinates":[[-99.81021,48.76476],[-99.81052,48.77201],[-99.81058,48.77539],[-99.81047,48.77647]]}},{"type":"Feature","properties":{"segmentId":"osm_9773089"},"geometry":{"type":"LineString","coordinates":[[-99.70661,48.89025],[-99.70667,48.8901],[-99.7066,48.88994],[-99.70649,48.88977],[-99.70629,48.88966],[-99.70596,48.88957],[-99.70539,48.88963],[-99.70522,48.88971],[-99.70511,48.89003],[-99.70534,48.89043],[-99.70535,48.89091],[-99.70508,48.89103],[-99.70458,48.89112],[-99.70447,48.89122]]}},{"type":"Feature","properties":{"segmentId":"osm_9773095"},"geometry":{"type":"LineString","coordinates":[[-99.69673,48.89209],[-99.69671,48.89189],[-99.69639,48.89179],[-99.6958,48.89137],[-99.69443,48.89091],[-99.69405,48.89014],[-99.6936,48.88982],[-99.69352,48.8896],[-99.69319,48.88955],[-99.69303,48.88961],[-99.69277,48.88997],[-99.6928,48.89069],[-99.69261,48.891],[-99.69165,48.89131],[-99.69188,48.89185],[-99.69191,48.89223]]}},{"type":"Feature","properties":{"segmentId":"osm_9773097"},"geometry":{"type":"LineString","coordinates":[[-99.69352,48.8896],[-99.69423,48.88947],[-99.69462,48.88911],[-99.69467,48.88894],[-99.69445,48.88837]]}},{"type":"Feature","properties":{"segmentId":"osm_9773141"},"geometry":{"type":"LineString","coordinates":[[-99.79002,48.81057],[-99.79021,48.81083],[-99.78998,48.81115],[-99.78897,48.81141],[-99.78843,48.81144]]}},{"type":"Feature","properties":{"segmentId":"osm_9773163"},"geometry":{"type":"LineString","coordinates":[[-100.0236,48.89814],[-100.024,48.89816],[-100.02422,48.89827]]}},{"type":"Feature","properties":{"segmentId":"osm_9773185"},"geometry":{"type":"LineString","coordinates":[[-99.99397,48.91555],[-99.99314,48.91534],[-99.99254,48.91486],[-99.99244,48.91443],[-99.9923,48.91421],[-99.99239,48.91394],[-99.99237,48.91355],[-99.99201,48.91268],[-99.99197,48.91179],[-99.99236,48.91122],[-99.9925,48.91073],[-99.99288,48.91034],[-99.99299,48.91011],[-99.99279,48.90975],[-99.99243,48.90948],[-99.9924,48.90916],[-99.99254,48.90866],[-99.99288,48.90831],[-99.99288,48.90775],[-99.99305,48.90739],[-99.99313,48.90685],[-99.99374,48.90656],[-99.99374,48.90612],[-99.99364,48.90589],[-99.99383,48.90558],[-99.99399,48.90543],[-99.99456,48.90519],[-99.99497,48.9053],[-99.99516,48.90487],[-99.99513,48.90481],[-99.99486,48.90475],[-99.99377,48.90474],[-99.99339,48.90466],[-99.99308,48.90421],[-99.99317,48.90368],[-99.99331,48.90346],[-99.994,48.90328],[-99.9942,48.90328],[-99.99454,48.90343],[-99.99505,48.90343],[-99.9954,48.90338],[-99.99628,48.90306],[-99.99646,48.90294],[-99.9966,48.90254],[-99.99731,48.90196],[-99.99749,48.90122],[-99.99778,48.90109],[-99.99778,48.9009],[-99.99812,48.90057],[-99.99816,48.90025],[-99.99841,48.90015],[-99.9989,48.90013],[-99.99928,48.89981]]}},{"type":"Feature","properties":{"segmentId":"osm_9773190"},"geometry":{"type":"LineString","coordinates":[[-99.58064,48.71196],[-99.57812,48.71196],[-99.57674,48.7123],[-99.57617,48.71211],[-99.57517,48.71157],[-99.57446,48.7116]]}},{"type":"Feature","properties":{"segmentId":"osm_9773193"},"geometry":{"type":"LineString","coordinates":[[-99.72278,48.87963],[-99.72287,48.87894]]}},{"type":"Feature","properties":{"segmentId":"osm_9773197"},"geometry":{"type":"LineString","coordinates":[[-99.72719,48.87823],[-99.72714,48.87834],[-99.72679,48.87859],[-99.72575,48.8791],[-99.7256,48.87911],[-99.72459,48.87885],[-99.72425,48.87885]]}},{"type":"Feature","properties":{"segmentId":"osm_9773223"},"geometry":{"type":"LineString","coordinates":[[-99.78575,48.81672],[-99.78594,48.81628],[-99.78657,48.81534],[-99.78709,48.81417],[-99.7879,48.81327],[-99.78799,48.8129],[-99.78814,48.81275],[-99.78843,48.81275]]}},{"type":"Feature","properties":{"segmentId":"osm_9773228"},"geometry":{"type":"LineString","coordinates":[[-99.78444,48.81186],[-99.78842,48.81167]]}},{"type":"Feature","properties":{"segmentId":"osm_9773231"},"geometry":{"type":"LineString","coordinates":[[-100.04667,48.85165],[-100.04654,48.85179],[-100.04638,48.85181],[-100.04627,48.85175],[-100.04627,48.85155]]}},{"type":"Feature","properties":{"segmentId":"osm_9773256"},"geometry":{"type":"LineString","coordinates":[[-99.92651,48.82346],[-99.92653,48.82307],[-99.92632,48.82197],[-99.92544,48.8214]]}},{"type":"Feature","properties":{"segmentId":"osm_9773260"},"geometry":{"type":"LineString","coordinates":[[-99.83006,48.89355],[-99.8296,48.89406],[-99.82921,48.89465],[-99.82938,48.89597],[-99.82934,48.89732],[-99.82971,48.89803],[-99.8296,48.89852]]}},{"type":"Feature","properties":{"segmentId":"osm_9773282"},"geometry":{"type":"LineString","coordinates":[[-99.76723,48.91351],[-99.76782,48.91312],[-99.768,48.91253],[-99.76797,48.91225],[-99.76718,48.911],[-99.76613,48.91072],[-99.76572,48.9105],[-99.76539,48.91014],[-99.7653,48.90996],[-99.76533,48.90978]]}},{"type":"Feature","properties":{"segmentId":"osm_9773296"},"geometry":{"type":"LineString","coordinates":[[-99.70056,48.87236],[-99.70098,48.87527],[-99.70101,48.87688],[-99.70079,48.87714],[-99.69987,48.87776]]}},{"type":"Feature","properties":{"segmentId":"osm_9773305"},"geometry":{"type":"LineString","coordinates":[[-99.99946,48.86039],[-99.99934,48.86072],[-99.9987,48.86091],[-99.9984,48.8611],[-99.99829,48.86128],[-99.9983,48.8615],[-99.99863,48.8618],[-99.99863,48.86194],[-99.99842,48.86207],[-99.99833,48.86223],[-99.99829,48.86264],[-99.99863,48.86317],[-99.9995,48.86404],[-99.99973,48.86448],[-100.00007,48.86485]]}},{"type":"Feature","properties":{"segmentId":"osm_9773308"},"geometry":{"type":"LineString","coordinates":[[-99.7691,48.85967],[-99.76972,48.85964],[-99.76998,48.85969],[-99.77081,48.85998],[-99.7717,48.86044]]}},{"type":"Feature","properties":{"segmentId":"osm_9773312"},"geometry":{"type":"LineString","coordinates":[[-99.97678,48.85554],[-99.97657,48.85534],[-99.97639,48.85527],[-99.97682,48.85449],[-99.97733,48.85417],[-99.97742,48.85394],[-99.97748,48.85269],[-99.97776,48.85216],[-99.97819,48.85007]]}},{"type":"Feature","properties":{"segmentId":"osm_9773324"},"geometry":{"type":"LineString","coordinates":[[-99.90051,48.87065],[-99.9015,48.87065],[-99.90228,48.87048],[-99.90273,48.87012],[-99.90383,48.86971],[-99.90407,48.86952],[-99.90458,48.86885],[-99.90492,48.86862],[-99.90637,48.86803],[-99.90736,48.86802],[-99.90766,48.86797],[-99.90865,48.86765],[-99.9093,48.86757],[-99.90953,48.86744],[-99.91503,48.86746]]}},{"type":"Feature","properties":{"segmentId":"osm_9773334"},"geometry":{"type":"LineString","coordinates":[[-99.71628,48.89635],[-99.71604,48.89679],[-99.71589,48.89688],[-99.71552,48.89695],[-99.71517,48.89759],[-99.7154,48.89793],[-99.71646,48.89881],[-99.7165,48.89936],[-99.7167,48.89983],[-99.71657,48.90026],[-99.71628,48.90062],[-99.71625,48.90081],[-99.71602,48.90118],[-99.71587,48.90182],[-99.71645,48.90214],[-99.71655,48.90291],[-99.71683,48.90309],[-99.71707,48.9031],[-99.71719,48.90317],[-99.71774,48.90387],[-99.71778,48.90424]]}},{"type":"Feature","properties":{"segmentId":"osm_9773357","name":"Bia 6"},"geometry":{"type":"LineString","coordinates":[[-99.74482,48.86329],[-99.76661,48.86309]]}},{"type":"Feature","properties":{"segmentId":"osm_9773359"},"geometry":{"type":"LineString","coordinates":[[-99.681,48.81988],[-99.68029,48.8201],[-99.67972,48.82041],[-99.67935,48.82075],[-99.67909,48.82122]]}},{"type":"Feature","properties":{"segmentId":"osm_9773384"},"geometry":{"type":"LineString","coordinates":[[-99.9465,48.87736],[-99.94663,48.87793]]}},{"type":"Feature","properties":{"segmentId":"osm_9773386"},"geometry":{"type":"LineString","coordinates":[[-99.85596,48.81744],[-99.85425,48.81747]]}},{"type":"Feature","properties":{"segmentId":"osm_9773447"},"geometry":{"type":"LineString","coordinates":[[-99.85325,48.87488],[-99.85399,48.87486]]}},{"type":"Feature","properties":{"segmentId":"osm_9773467","name":"Bureau of Indian Affairs Road 15"},"geometry":{"type":"LineString","coordinates":[[-99.94186,48.87139],[-99.94183,48.89293],[-99.94197,48.90661]]}},{"type":"Feature","properties":{"segmentId":"osm_9773485"},"geometry":{"type":"LineString","coordinates":[[-99.82184,48.87344],[-99.82149,48.87342],[-99.8212,48.87358],[-99.82111,48.87371]]}},{"type":"Feature","properties":{"segmentId":"osm_9773504"},"geometry":{"type":"LineString","coordinates":[[-99.53887,48.79075],[-99.53888,48.7906],[-99.53467,48.78697],[-99.53427,48.78676],[-99.53271,48.78565],[-99.5316,48.78455],[-99.53115,48.78391],[-99.53059,48.78349],[-99.53014,48.78304]]}},{"type":"Feature","properties":{"segmentId":"osm_9773512"},"geometry":{"type":"LineString","coordinates":[[-99.72838,48.83685],[-99.72833,48.84013],[-99.72818,48.84048],[-99.7283,48.84113],[-99.72827,48.84156],[-99.72849,48.84197],[-99.7285,48.84221]]}},{"type":"Feature","properties":{"segmentId":"osm_9773530"},"geometry":{"type":"LineString","coordinates":[[-99.78567,48.8726],[-99.78496,48.8728],[-99.78465,48.87305]]}},{"type":"Feature","properties":{"segmentId":"osm_9773532"},"geometry":{"type":"LineString","coordinates":[[-100.06136,48.96674],[-100.06012,48.96688],[-100.05917,48.96673],[-100.05866,48.96675],[-100.05375,48.9676],[-100.05204,48.96748]]}},{"type":"Feature","properties":{"segmentId":"osm_9773549"},"geometry":{"type":"LineString","coordinates":[[-99.69598,48.84869],[-99.69599,48.84815],[-99.69606,48.848],[-99.69621,48.84797],[-99.6964,48.84805],[-99.69649,48.84869]]}},{"type":"Feature","properties":{"segmentId":"osm_9773551"},"geometry":{"type":"LineString","coordinates":[[-99.66105,48.83236],[-99.66087,48.83237]]}},{"type":"Feature","properties":{"segmentId":"osm_9773567"},"geometry":{"type":"LineString","coordinates":[[-100.02737,48.88841],[-100.02768,48.88838],[-100.02815,48.88801],[-100.02834,48.88799],[-100.0286,48.88822],[-100.02922,48.88846],[-100.02955,48.8887],[-100.0296,48.88981],[-100.02946,48.89019],[-100.02946,48.89139],[-100.02948,48.89203],[-100.02966,48.89241]]}},{"type":"Feature","properties":{"segmentId":"osm_9773574"},"geometry":{"type":"LineString","coordinates":[[-100.02217,48.88787],[-100.02191,48.88797],[-100.02091,48.88767],[-100.02028,48.88763],[-100.01927,48.88767],[-100.01751,48.88817],[-100.01629,48.88862],[-100.01593,48.88855],[-100.01568,48.88866],[-100.01526,48.88867],[-100.01443,48.88847],[-100.01436,48.88826],[-100.01507,48.88776],[-100.01525,48.88649],[-100.01547,48.88622],[-100.01587,48.88598],[-100.01576,48.88565],[-100.01594,48.88538],[-100.01592,48.88523],[-100.01578,48.88457],[-100.01506,48.88428],[-100.01463,48.88358],[-100.01379,48.88332],[-100.01366,48.88323]]}},{"type":"Feature","properties":{"segmentId":"osm_9773576"},"geometry":{"type":"LineString","coordinates":[[-99.83806,48.96414],[-99.83818,48.96432],[-99.83834,48.96433],[-99.83913,48.96463],[-99.8402,48.96489]]}},{"type":"Feature","properties":{"segmentId":"osm_9773581"},"geometry":{"type":"LineString","coordinates":[[-100.06779,48.84973],[-100.0674,48.84965],[-100.0673,48.84957],[-100.0674,48.84909]]}},{"type":"Feature","properties":{"segmentId":"osm_9773582"},"geometry":{"type":"LineString","coordinates":[[-100.05095,48.84766],[-100.05102,48.84641],[-100.05124,48.84588],[-100.05133,48.84488]]}},{"type":"Feature","properties":{"segmentId":"osm_9773590"},"geometry":{"type":"LineString","coordinates":[[-100.06508,48.86001],[-100.06469,48.86032],[-100.06457,48.86093],[-100.06467,48.86125],[-100.06434,48.8617],[-100.06384,48.8618],[-100.06241,48.86192]]}},{"type":"Feature","properties":{"segmentId":"osm_9773592"},"geometry":{"type":"LineString","coordinates":[[-100.02897,48.87534],[-100.02954,48.87532]]}},{"type":"Feature","properties":{"segmentId":"osm_9773595"},"geometry":{"type":"LineString","coordinates":[[-100.04119,48.86356],[-100.0408,48.86347],[-100.04029,48.86356],[-100.03981,48.86357],[-100.03907,48.86349],[-100.03787,48.86347],[-100.03506,48.86358],[-100.03467,48.8631],[-100.03464,48.86262],[-100.03427,48.86223],[-100.03397,48.86173],[-100.03371,48.86035],[-100.03342,48.85957],[-100.03311,48.85914]]}},{"type":"Feature","properties":{"segmentId":"osm_9773600"},"geometry":{"type":"LineString","coordinates":[[-99.9751,48.8673],[-99.97561,48.86747],[-99.97853,48.86729],[-99.98602,48.86727]]}},{"type":"Feature","properties":{"segmentId":"osm_9773603"},"geometry":{"type":"LineString","coordinates":[[-100.04748,48.84697],[-100.04717,48.84656],[-100.04698,48.84643],[-100.04677,48.84646],[-100.04648,48.84641],[-100.04546,48.8461],[-100.045,48.8461],[-100.04481,48.84598]]}},{"type":"Feature","properties":{"segmentId":"osm_9773607"},"geometry":{"type":"LineString","coordinates":[[-100.04849,48.84628],[-100.04829,48.84623],[-100.04798,48.84585],[-100.04836,48.84528],[-100.04851,48.84481],[-100.04885,48.84426],[-100.04891,48.84373]]}},{"type":"Feature","properties":{"segmentId":"osm_9773609"},"geometry":{"type":"LineString","coordinates":[[-99.65076,48.55218],[-99.64541,48.55221]]}},{"type":"Feature","properties":{"segmentId":"osm_9773611"},"geometry":{"type":"LineString","coordinates":[[-100.04498,48.84269],[-100.04473,48.84314],[-100.04439,48.84351],[-100.04445,48.84404]]}},{"type":"Feature","properties":{"segmentId":"osm_9773613"},"geometry":{"type":"LineString","coordinates":[[-99.56548,48.55492],[-99.55883,48.55534],[-99.55858,48.5553]]}},{"type":"Feature","properties":{"segmentId":"osm_9773630"},"geometry":{"type":"LineString","coordinates":[[-100.05163,48.9213],[-100.05175,48.92914],[-100.05159,48.92952],[-100.05136,48.92979],[-100.05104,48.93001],[-100.04996,48.93072],[-100.04925,48.93082]]}},{"type":"Feature","properties":{"segmentId":"osm_9773631"},"geometry":{"type":"LineString","coordinates":[[-100.08415,48.57355],[-100.08437,48.57384],[-100.08437,48.57418]]}},{"type":"Feature","properties":{"segmentId":"osm_9773636"},"geometry":{"type":"LineString","coordinates":[[-99.61038,48.86184],[-99.60837,48.86262]]}},{"type":"Feature","properties":{"segmentId":"osm_9773656"},"geometry":{"type":"LineString","coordinates":[[-100.02424,48.81656],[-100.02419,48.82027]]}},{"type":"Feature","properties":{"segmentId":"osm_9773659","name":"104th Street Northeast"},"geometry":{"type":"LineString","coordinates":[[-100.02992,48.92038],[-100.02774,48.92052],[-100.02366,48.92061],[-100.02336,48.92067],[-100.0219,48.92125],[-100.02139,48.92131],[-100.01505,48.9213],[-100.01451,48.92124],[-100.01297,48.92081],[-100.01187,48.92071],[-100.01149,48.92072],[-100.00811,48.92126],[-100.00744,48.92128],[-99.98588,48.92121]]}},{"type":"Feature","properties":{"segmentId":"osm_9773666","name":"Martin Street"},"geometry":{"type":"LineString","coordinates":[[-99.7099,48.94335],[-99.70721,48.94451]]}},{"type":"Feature","properties":{"segmentId":"osm_9773675"},"geometry":{"type":"LineString","coordinates":[[-99.96927,48.54648],[-99.9693,48.5467],[-99.96918,48.54704],[-99.96929,48.54763],[-99.96947,48.54776],[-99.96961,48.54777],[-99.96981,48.54775],[-99.97006,48.54763]]}},{"type":"Feature","properties":{"segmentId":"osm_9773680"},"geometry":{"type":"LineString","coordinates":[[-99.91724,48.58103],[-99.9194,48.58101],[-99.92016,48.58111],[-99.92058,48.581],[-99.92181,48.58118],[-99.92824,48.58117]]}},{"type":"Feature","properties":{"segmentId":"osm_9773683"},"geometry":{"type":"LineString","coordinates":[[-100.01954,48.84412],[-100.01957,48.84418],[-100.02061,48.8446],[-100.02124,48.84472],[-100.02132,48.84492],[-100.02118,48.84514]]}},{"type":"Feature","properties":{"segmentId":"osm_9773685"},"geometry":{"type":"LineString","coordinates":[[-99.83747,48.5884],[-99.84165,48.58841]]}},{"type":"Feature","properties":{"segmentId":"osm_9773689"},"geometry":{"type":"LineString","coordinates":[[-99.83211,48.5813],[-99.84164,48.58126]]}},{"type":"Feature","properties":{"segmentId":"osm_9773691","name":"81st Street Northeast"},"geometry":{"type":"LineString","coordinates":[[-99.81522,48.58841],[-99.82663,48.58845]]}},{"type":"Feature","properties":{"segmentId":"osm_9773697"},"geometry":{"type":"LineString","coordinates":[[-99.61647,48.8558],[-99.61603,48.8558],[-99.61584,48.85601]]}},{"type":"Feature","properties":{"segmentId":"osm_9773699"},"geometry":{"type":"LineString","coordinates":[[-99.99688,48.81258],[-99.99696,48.80583]]}},{"type":"Feature","properties":{"segmentId":"osm_9773703"},"geometry":{"type":"LineString","coordinates":[[-100.03718,48.70152],[-100.03747,48.70111],[-100.03811,48.70092],[-100.04771,48.70114],[-100.04805,48.70091],[-100.04804,48.69732],[-100.0495,48.69749],[-100.05118,48.6973],[-100.05223,48.69712],[-100.05249,48.69683]]}},{"type":"Feature","properties":{"segmentId":"osm_9773720"},"geometry":{"type":"LineString","coordinates":[[-100.00183,48.90489],[-100.00181,48.90509],[-100.00212,48.90537],[-100.00376,48.90607],[-100.00358,48.90706],[-100.00282,48.9079],[-100.00259,48.9084],[-100.00199,48.90932],[-100.00153,48.90979],[-100.00117,48.9103],[-100.0011,48.91063],[-100.00116,48.91132],[-100.0011,48.91167],[-100.00094,48.91192]]}},{"type":"Feature","properties":{"segmentId":"osm_9773724"},"geometry":{"type":"LineString","coordinates":[[-99.65681,48.58064],[-99.65641,48.58037],[-99.6563,48.58022],[-99.6563,48.5773],[-99.65626,48.57626],[-99.65613,48.57559],[-99.65623,48.57523],[-99.6563,48.57392]]}},{"type":"Feature","properties":{"segmentId":"osm_9773749"},"geometry":{"type":"LineString","coordinates":[[-99.62558,48.85459],[-99.62519,48.85422]]}},{"type":"Feature","properties":{"segmentId":"osm_9773762"},"geometry":{"type":"LineString","coordinates":[[-99.98179,48.60381],[-99.98131,48.60359],[-99.9813,48.60314]]}},{"type":"Feature","properties":{"segmentId":"osm_9773766"},"geometry":{"type":"LineString","coordinates":[[-99.92947,48.60102],[-99.92886,48.60107],[-99.92827,48.60123]]}},{"type":"Feature","properties":{"segmentId":"osm_9773769","name":"46th Avenue Northeast"},"geometry":{"type":"LineString","coordinates":[[-99.66711,48.63262],[-99.66711,48.64604],[-99.66694,48.64636]]}},{"type":"Feature","properties":{"segmentId":"osm_9773772"},"geometry":{"type":"LineString","coordinates":[[-99.6261,48.85084],[-99.62634,48.8512],[-99.62671,48.8515]]}},{"type":"Feature","properties":{"segmentId":"osm_9773787"},"geometry":{"type":"LineString","coordinates":[[-100.05162,48.71881],[-100.05161,48.72298],[-100.05146,48.72321],[-100.0511,48.72338]]}},{"type":"Feature","properties":{"segmentId":"osm_9773788"},"geometry":{"type":"LineString","coordinates":[[-100.03732,48.8108],[-100.03672,48.81078]]}},{"type":"Feature","properties":{"segmentId":"osm_9773807"},"geometry":{"type":"LineString","coordinates":[[-99.7379,48.60287],[-99.73978,48.60288]]}},{"type":"Feature","properties":{"segmentId":"osm_9773810"},"geometry":{"type":"LineString","coordinates":[[-99.69109,48.60614],[-99.68903,48.60607]]}},{"type":"Feature","properties":{"segmentId":"osm_9773814"},"geometry":{"type":"LineString","coordinates":[[-99.84293,48.71463],[-99.84293,48.71485],[-99.84313,48.71505],[-99.84345,48.71508],[-99.84388,48.71505],[-99.84418,48.71483],[-99.84433,48.71455],[-99.84428,48.71431],[-99.84388,48.71366],[-99.84361,48.71359],[-99.84315,48.71377]]}},{"type":"Feature","properties":{"segmentId":"osm_9773822"},"geometry":{"type":"LineString","coordinates":[[-99.65094,48.60443],[-99.65094,48.60292]]}},{"type":"Feature","properties":{"segmentId":"osm_9773826"},"geometry":{"type":"LineString","coordinates":[[-99.57182,48.60776],[-99.57188,48.60797],[-99.57203,48.60802],[-99.57322,48.6082],[-99.5805,48.6082]]}},{"type":"Feature","properties":{"segmentId":"osm_9773844"},"geometry":{"type":"LineString","coordinates":[[-99.95992,48.99717],[-99.9605,48.99663],[-99.96215,48.99614],[-99.96269,48.99591],[-99.96294,48.99571],[-99.96364,48.99477],[-99.96428,48.99377],[-99.96463,48.99356]]}},{"type":"Feature","properties":{"segmentId":"osm_9773847"},"geometry":{"type":"LineString","coordinates":[[-99.57139,48.85682],[-99.57093,48.85691],[-99.57083,48.85701],[-99.57082,48.85723],[-99.57054,48.85736],[-99.56958,48.85736]]}},{"type":"Feature","properties":{"segmentId":"osm_9773850"},"geometry":{"type":"LineString","coordinates":[[-99.96132,48.99636],[-99.9603,48.99634],[-99.95907,48.99588],[-99.9586,48.99565],[-99.95741,48.99477]]}},{"type":"Feature","properties":{"segmentId":"osm_9773855"},"geometry":{"type":"LineString","coordinates":[[-99.81757,48.99292],[-99.81741,48.99306],[-99.81663,48.99331],[-99.81564,48.99378]]}},{"type":"Feature","properties":{"segmentId":"osm_9773858"},"geometry":{"type":"LineString","coordinates":[[-99.86861,48.94629],[-99.86859,48.94562],[-99.86851,48.94544],[-99.86829,48.94507],[-99.86804,48.94493],[-99.86784,48.94464]]}},{"type":"Feature","properties":{"segmentId":"osm_9773862"},"geometry":{"type":"LineString","coordinates":[[-99.80498,48.76173],[-99.80558,48.76207],[-99.8126,48.76205]]}},{"type":"Feature","properties":{"segmentId":"osm_9773864"},"geometry":{"type":"LineString","coordinates":[[-99.86989,48.79647],[-99.86988,48.79771],[-99.86959,48.79791],[-99.8665,48.79794],[-99.86624,48.79789],[-99.86604,48.79776],[-99.86602,48.7976],[-99.86619,48.79738],[-99.8672,48.7971],[-99.86988,48.79708]]}},{"type":"Feature","properties":{"segmentId":"osm_9773871"},"geometry":{"type":"LineString","coordinates":[[-99.81161,48.99482],[-99.81076,48.99524]]}},{"type":"Feature","properties":{"segmentId":"osm_9773882"},"geometry":{"type":"LineString","coordinates":[[-99.72216,48.86764],[-99.72288,48.8678]]}},{"type":"Feature","properties":{"segmentId":"osm_9773885"},"geometry":{"type":"LineString","coordinates":[[-99.72449,48.86507],[-99.72437,48.86499],[-99.72407,48.86495],[-99.72335,48.86551],[-99.72286,48.86556]]}},{"type":"Feature","properties":{"segmentId":"osm_9773888"},"geometry":{"type":"LineString","coordinates":[[-99.71154,48.86356],[-99.71133,48.86357],[-99.71094,48.86348],[-99.71073,48.86336],[-99.71061,48.86316]]}},{"type":"Feature","properties":{"segmentId":"osm_9773899"},"geometry":{"type":"LineString","coordinates":[[-99.95644,48.74108],[-99.95608,48.74132],[-99.95539,48.74144],[-99.95512,48.74165],[-99.95444,48.74186]]}},{"type":"Feature","properties":{"segmentId":"osm_9773901"},"geometry":{"type":"LineString","coordinates":[[-99.96944,48.74043],[-99.96946,48.74176]]}},{"type":"Feature","properties":{"segmentId":"osm_9773903"},"geometry":{"type":"LineString","coordinates":[[-99.79023,48.81125],[-99.79004,48.81111]]}},{"type":"Feature","properties":{"segmentId":"osm_9773908"},"geometry":{"type":"LineString","coordinates":[[-100.08958,48.54517],[-100.08962,48.54868],[-100.08953,48.54935],[-100.0893,48.54941],[-100.08825,48.54938],[-100.08795,48.54932],[-100.08737,48.54905]]}},{"type":"Feature","properties":{"segmentId":"osm_9773931"},"geometry":{"type":"LineString","coordinates":[[-99.86102,48.7313],[-99.86065,48.73121],[-99.85961,48.7311],[-99.85953,48.731],[-99.85956,48.7305],[-99.8591,48.73023],[-99.85868,48.73016],[-99.85826,48.73018],[-99.85621,48.73114],[-99.85505,48.73103],[-99.85489,48.73104],[-99.85482,48.73112]]}},{"type":"Feature","properties":{"segmentId":"osm_9773933"},"geometry":{"type":"LineString","coordinates":[[-99.74736,48.74519],[-99.74732,48.74434],[-99.74573,48.74468],[-99.7456,48.74488],[-99.74557,48.74528]]}},{"type":"Feature","properties":{"segmentId":"osm_9773937"},"geometry":{"type":"LineString","coordinates":[[-99.67169,48.87779],[-99.6718,48.87772],[-99.67181,48.8776],[-99.67158,48.87275],[-99.67164,48.87261],[-99.67182,48.87248],[-99.67248,48.87223]]}},{"type":"Feature","properties":{"segmentId":"osm_9773949","name":"41st Avenue Northeast"},"geometry":{"type":"LineString","coordinates":[[-99.8106,48.73306],[-99.81049,48.74772],[-99.81058,48.74949],[-99.81049,48.75042],[-99.81001,48.75093],[-99.80982,48.75127],[-99.80987,48.75155],[-99.81023,48.752],[-99.81035,48.75264],[-99.81027,48.75479],[-99.81034,48.7549],[-99.81038,48.75601],[-99.81034,48.75809],[-99.81042,48.75817],[-99.81046,48.75881],[-99.81052,48.76206]]}},{"type":"Feature","properties":{"segmentId":"osm_9773951"},"geometry":{"type":"LineString","coordinates":[[-99.57471,48.55195],[-99.57476,48.54649],[-99.57494,48.54613],[-99.57537,48.54574],[-99.57537,48.54554],[-99.57513,48.54527]]}},{"type":"Feature","properties":{"segmentId":"osm_9773952"},"geometry":{"type":"LineString","coordinates":[[-99.57731,48.54388],[-99.57679,48.54448],[-99.57687,48.54529]]}},{"type":"Feature","properties":{"segmentId":"osm_9773953"},"geometry":{"type":"LineString","coordinates":[[-99.56046,48.54563],[-99.56079,48.54561],[-99.5608,48.54557],[-99.56063,48.54493]]}},{"type":"Feature","properties":{"segmentId":"osm_9773963"},"geometry":{"type":"LineString","coordinates":[[-99.66551,48.86436],[-99.66556,48.86397],[-99.66515,48.86331]]}},{"type":"Feature","properties":{"segmentId":"osm_9773979"},"geometry":{"type":"LineString","coordinates":[[-99.63048,48.85421],[-99.63016,48.85443],[-99.63022,48.85463],[-99.6307,48.85496],[-99.63167,48.8552],[-99.63213,48.85549],[-99.63216,48.85567]]}},{"type":"Feature","properties":{"segmentId":"osm_9773980"},"geometry":{"type":"LineString","coordinates":[[-99.88195,48.76934],[-99.8764,48.76934],[-99.87618,48.76938],[-99.87411,48.7703],[-99.87124,48.77132]]}},{"type":"Feature","properties":{"segmentId":"osm_9773982"},"geometry":{"type":"LineString","coordinates":[[-99.68709,48.76337],[-99.68699,48.76285]]}},{"type":"Feature","properties":{"segmentId":"osm_9773985","name":"Bia 9"},"geometry":{"type":"LineString","coordinates":[[-99.76711,48.89243],[-99.76645,48.89139],[-99.7664,48.89118],[-99.76644,48.88786],[-99.76668,48.88739],[-99.76713,48.88699],[-99.76744,48.8866],[-99.76758,48.88611],[-99.76762,48.88452],[-99.76772,48.88391],[-99.76873,48.88224],[-99.76934,48.88054],[-99.77044,48.87841],[-99.77061,48.87783],[-99.77058,48.87708],[-99.76986,48.87522],[-99.7696,48.87476],[-99.76886,48.87395],[-99.76872,48.87358],[-99.76965,48.87094],[-99.76995,48.87053],[-99.77025,48.87036]]}},{"type":"Feature","properties":{"segmentId":"osm_9774008"},"geometry":{"type":"LineString","coordinates":[[-99.8427,48.71862],[-99.84319,48.71945],[-99.84373,48.72017],[-99.84466,48.72116],[-99.85162,48.72735],[-99.85232,48.72809],[-99.85311,48.7291],[-99.85354,48.72982],[-99.8541,48.73111]]}},{"type":"Feature","properties":{"segmentId":"osm_9774016"},"geometry":{"type":"LineString","coordinates":[[-99.80886,48.55206],[-99.81981,48.55209]]}},{"type":"Feature","properties":{"segmentId":"osm_9774026"},"geometry":{"type":"LineString","coordinates":[[-100.02913,48.98676],[-100.02869,48.98662],[-100.0285,48.98662],[-100.02796,48.98678],[-100.02726,48.98665]]}},{"type":"Feature","properties":{"segmentId":"osm_9774027"},"geometry":{"type":"LineString","coordinates":[[-100.09101,48.80698],[-100.09031,48.80639],[-100.08993,48.80624]]}},{"type":"Feature","properties":{"segmentId":"osm_9774043"},"geometry":{"type":"LineString","coordinates":[[-100.03667,48.68714],[-100.03667,48.68801],[-100.03678,48.68834]]}},{"type":"Feature","properties":{"segmentId":"osm_9774046","name":"Bureau of Indian Affairs Road 23"},"geometry":{"type":"LineString","coordinates":[[-99.92001,48.83463],[-99.9199,48.86888],[-99.91993,48.89241]]}},{"type":"Feature","properties":{"segmentId":"osm_9774049"},"geometry":{"type":"LineString","coordinates":[[-100.01492,48.84168],[-100.01412,48.84193],[-100.01345,48.84229],[-100.01251,48.84234],[-100.01238,48.84218],[-100.01157,48.84175],[-100.01072,48.84114]]}},{"type":"Feature","properties":{"segmentId":"osm_9774061"},"geometry":{"type":"LineString","coordinates":[[-99.75008,48.86381],[-99.7501,48.86324]]}},{"type":"Feature","properties":{"segmentId":"osm_9774067"},"geometry":{"type":"LineString","coordinates":[[-100.04336,48.69747],[-100.03902,48.69749],[-100.03861,48.6973],[-100.03788,48.69731],[-100.03772,48.69721],[-100.03758,48.69641],[-100.03752,48.69513],[-100.03772,48.69497],[-100.03832,48.69471],[-100.03838,48.6946],[-100.0382,48.69439],[-100.03775,48.69418],[-100.03765,48.69405],[-100.03757,48.69131],[-100.03767,48.6903],[-100.03794,48.69021],[-100.04492,48.69024],[-100.04523,48.69027],[-100.04596,48.69048],[-100.04689,48.69045],[-100.04789,48.69056],[-100.04809,48.69066],[-100.0482,48.69088],[-100.04823,48.69326]]}},{"type":"Feature","properties":{"segmentId":"osm_9774088"},"geometry":{"type":"LineString","coordinates":[[-99.76814,48.85845],[-99.76664,48.85842]]}},{"type":"Feature","properties":{"segmentId":"osm_9774093"},"geometry":{"type":"LineString","coordinates":[[-99.764,48.85733],[-99.76365,48.8572],[-99.76364,48.85705],[-99.7641,48.85644]]}},{"type":"Feature","properties":{"segmentId":"osm_9774094"},"geometry":{"type":"LineString","coordinates":[[-99.83678,48.65149],[-99.83677,48.65357]]}},{"type":"Feature","properties":{"segmentId":"osm_9774099"},"geometry":{"type":"LineString","coordinates":[[-99.65561,48.71],[-99.65566,48.70835],[-99.65589,48.70823],[-99.65587,48.70736]]}},{"type":"Feature","properties":{"segmentId":"osm_9774100","name":"3rd Avenue"},"geometry":{"type":"LineString","coordinates":[[-99.61562,48.63744],[-99.61276,48.63749],[-99.61257,48.63757]]}},{"type":"Feature","properties":{"segmentId":"osm_9774103"},"geometry":{"type":"LineString","coordinates":[[-99.73089,48.97276],[-99.73164,48.97281],[-99.73174,48.9727],[-99.73215,48.97258],[-99.73233,48.97221],[-99.73211,48.97183],[-99.73158,48.97156],[-99.73122,48.97176],[-99.73099,48.97178],[-99.73081,48.97173],[-99.7305,48.97146],[-99.73026,48.97143]]}},{"type":"Feature","properties":{"segmentId":"osm_9774108","name":"Sarah Riel Drive"},"geometry":{"type":"LineString","coordinates":[[-99.75184,48.84428],[-99.75018,48.84423]]}},{"type":"Feature","properties":{"segmentId":"osm_9774112"},"geometry":{"type":"LineString","coordinates":[[-100.04719,48.99375],[-100.04698,48.99347],[-100.04672,48.99339],[-100.04541,48.99356],[-100.04224,48.99354],[-100.042,48.99365],[-100.04181,48.99421]]}},{"type":"Feature","properties":{"segmentId":"osm_9774116"},"geometry":{"type":"LineString","coordinates":[[-99.70884,48.94226],[-99.70618,48.94347]]}},{"type":"Feature","properties":{"segmentId":"osm_9774121"},"geometry":{"type":"LineString","coordinates":[[-100.02354,48.72605],[-100.02309,48.72601],[-100.02272,48.72604],[-100.02255,48.72611],[-100.02266,48.72622],[-100.02313,48.72625]]}},{"type":"Feature","properties":{"segmentId":"osm_9774129"},"geometry":{"type":"LineString","coordinates":[[-99.912,48.71047],[-99.91203,48.71173]]}},{"type":"Feature","properties":{"segmentId":"osm_9774144"},"geometry":{"type":"LineString","coordinates":[[-99.63555,48.94683],[-99.63562,48.94707],[-99.63566,48.95016]]}},{"type":"Feature","properties":{"segmentId":"osm_9774165"},"geometry":{"type":"LineString","coordinates":[[-100.06789,48.98394],[-100.06825,48.98376],[-100.0692,48.98258],[-100.07016,48.98205],[-100.07046,48.98178],[-100.07083,48.98174],[-100.07112,48.98179],[-100.07123,48.98197],[-100.07116,48.98215]]}},{"type":"Feature","properties":{"segmentId":"osm_9774167"},"geometry":{"type":"LineString","coordinates":[[-99.62075,48.85229],[-99.6216,48.85277],[-99.62182,48.85314],[-99.62184,48.85354],[-99.62232,48.85439]]}},{"type":"Feature","properties":{"segmentId":"osm_9774168","name":"5th Street Northeast"},"geometry":{"type":"LineString","coordinates":[[-99.61008,48.86156],[-99.611,48.8624]]}},{"type":"Feature","properties":{"segmentId":"osm_9774170","name":"5th Street Northeast"},"geometry":{"type":"LineString","coordinates":[[-99.61181,48.86326],[-99.61175,48.87002]]}},{"type":"Feature","properties":{"segmentId":"osm_9774171","name":"Front Street Southeast"},"geometry":{"type":"LineString","coordinates":[[-99.60607,48.8487],[-99.61354,48.8557],[-99.61374,48.85609],[-99.61462,48.85689]]}},{"type":"Feature","properties":{"segmentId":"osm_9774173","name":"Bureau of Indian Affairs Road 7"},"geometry":{"type":"LineString","coordinates":[[-99.74444,48.91246],[-99.74398,48.91289],[-99.74352,48.9132],[-99.74275,48.91354],[-99.74178,48.91374],[-99.72886,48.91386],[-99.72772,48.91394],[-99.72688,48.91411],[-99.72649,48.91421],[-99.72528,48.91469],[-99.72415,48.91551],[-99.72338,48.91646],[-99.72306,48.91733]]}},{"type":"Feature","properties":{"segmentId":"osm_9774178"},"geometry":{"type":"LineString","coordinates":[[-99.72463,48.91392],[-99.72456,48.91372],[-99.72414,48.91364],[-99.72314,48.91375],[-99.72251,48.91393],[-99.72106,48.91399],[-99.72061,48.91395],[-99.72026,48.91427],[-99.71999,48.91433],[-99.71873,48.91502],[-99.71858,48.91502],[-99.7183,48.91546],[-99.7179,48.91582],[-99.71759,48.91632],[-99.71753,48.91657],[-99.71787,48.91719],[-99.71788,48.91742],[-99.71805,48.91775],[-99.71781,48.91831],[-99.71733,48.91886],[-99.71732,48.91908],[-99.71748,48.91936],[-99.71748,48.91995],[-99.7179,48.92044],[-99.71847,48.92062],[-99.71869,48.9209],[-99.71944,48.92104],[-99.71974,48.92091],[-99.72016,48.92087]]}},{"type":"Feature","properties":{"segmentId":"osm_9774179","name":"Park Street"},"geometry":{"type":"LineString","coordinates":[[-99.84024,48.66153],[-99.84023,48.6609]]}},{"type":"Feature","properties":{"segmentId":"osm_9774180","name":"Park Street"},"geometry":{"type":"LineString","coordinates":[[-99.84025,48.6624],[-99.84025,48.66499]]}},{"type":"Feature","properties":{"segmentId":"osm_9774183","name":"Park Street"},"geometry":{"type":"LineString","coordinates":[[-99.84021,48.666],[-99.84018,48.66648],[-99.84025,48.66672]]}},{"type":"Feature","properties":{"segmentId":"osm_9774186","name":"42nd Avenue Northeast"},"geometry":{"type":"LineString","coordinates":[[-99.78863,48.9501],[-99.78863,48.96466]]}},{"type":"Feature","properties":{"segmentId":"osm_9774187","name":"42nd Avenue Northeast"},"geometry":{"type":"LineString","coordinates":[[-99.7617,48.55787],[-99.76104,48.55846],[-99.76005,48.55915],[-99.75639,48.56136],[-99.75543,48.56182],[-99.75448,48.56257],[-99.7544,48.56271],[-99.75441,48.57388]]}},{"type":"Feature","properties":{"segmentId":"osm_9774195","name":"42nd Avenue Northeast"},"geometry":{"type":"LineString","coordinates":[[-99.7887,48.7186],[-99.78876,48.73034],[-99.78858,48.75382],[-99.78856,48.77648]]}},{"type":"Feature","properties":{"segmentId":"osm_9774199","name":"51st Avenue Northeast"},"geometry":{"type":"LineString","coordinates":[[-99.55859,48.58835],[-99.55865,48.59072],[-99.55861,48.60218],[-99.55878,48.60667],[-99.55866,48.62029],[-99.55872,48.62495],[-99.5586,48.63023],[-99.55868,48.63184]]}},{"type":"Feature","properties":{"segmentId":"osm_9774201","name":"51st Avenue Northeast"},"geometry":{"type":"LineString","coordinates":[[-99.59166,48.86318],[-99.59169,48.87769]]}},{"type":"Feature","properties":{"segmentId":"osm_9774202","name":"51st Avenue Northeast"},"geometry":{"type":"LineString","coordinates":[[-99.55859,48.54492],[-99.55858,48.55715],[-99.55849,48.56243],[-99.55856,48.56684],[-99.55862,48.56691],[-99.55862,48.57412]]}},{"type":"Feature","properties":{"segmentId":"osm_9774203","name":"51st Avenue Northeast"},"geometry":{"type":"LineString","coordinates":[[-99.59184,48.99344],[-99.59177,48.97843],[-99.59112,48.97819]]}},{"type":"Feature","properties":{"segmentId":"osm_9774206","name":"51st Avenue Northeast"},"geometry":{"type":"LineString","coordinates":[[-99.59158,48.73294],[-99.59155,48.80665],[-99.59165,48.83588]]}},{"type":"Feature","properties":{"segmentId":"osm_9774207","name":"51st Avenue Northeast"},"geometry":{"type":"LineString","coordinates":[[-99.59169,48.90663],[-99.59161,48.90684],[-99.59167,48.92079],[-99.59159,48.92105],[-99.59143,48.92108]]}},{"type":"Feature","properties":{"segmentId":"osm_9774208","name":"51st Avenue Northeast"},"geometry":{"type":"LineString","coordinates":[[-99.59168,48.84043],[-99.59162,48.84731],[-99.59169,48.84895],[-99.59167,48.85581]]}},{"type":"Feature","properties":{"segmentId":"osm_9774212","name":"Bureau of Indian Affairs Road 8"},"geometry":{"type":"LineString","coordinates":[[-99.74485,48.84878],[-99.8037,48.84889],[-99.8057,48.8487],[-99.80819,48.84832],[-99.80897,48.84831],[-99.81041,48.8485]]}},{"type":"Feature","properties":{"segmentId":"osm_9774218","name":"Bureau of Indian Affairs Road 8"},"geometry":{"type":"LineString","coordinates":[[-99.82648,48.85601],[-99.82833,48.85613],[-99.83186,48.85615],[-99.89786,48.85623]]}},{"type":"Feature","properties":{"segmentId":"osm_9774220"},"geometry":{"type":"LineString","coordinates":[[-99.81041,48.8485],[-99.81036,48.8487],[-99.81042,48.84877],[-99.81055,48.84882],[-99.81089,48.84874],[-99.81149,48.84894],[-99.81233,48.84935],[-99.81404,48.85036],[-99.81447,48.85144],[-99.81507,48.85208],[-99.81579,48.85244],[-99.81774,48.85325]]}},{"type":"Feature","properties":{"segmentId":"osm_9774223","name":"Old US Highway 281"},"geometry":{"type":"LineString","coordinates":[[-100.05067,48.89238],[-100.05117,48.89238]]}},{"type":"Feature","properties":{"segmentId":"osm_9774225","name":"1st Street East"},"geometry":{"type":"LineString","coordinates":[[-100.05957,48.81676],[-100.05955,48.82028]]}},{"type":"Feature","properties":{"segmentId":"osm_9774229","name":"Bureau of Indian Affairs Road 9"},"geometry":{"type":"LineString","coordinates":[[-99.76685,48.82117],[-99.76672,48.84237]]}},{"type":"Feature","properties":{"segmentId":"osm_9774231","name":"Robnedy Street"},"geometry":{"type":"LineString","coordinates":[[-99.61412,48.63537],[-99.61413,48.63746]]}},{"type":"Feature","properties":{"segmentId":"osm_9774238","name":"87th Street Northeast"},"geometry":{"type":"LineString","coordinates":[[-99.64905,48.67533],[-99.66849,48.67533],[-99.66904,48.67536],[-99.67055,48.67565],[-99.6712,48.67567],[-99.67161,48.6754],[-99.67192,48.67533],[-99.6889,48.67531]]}},{"type":"Feature","properties":{"segmentId":"osm_9774242","name":"87th Street Northeast"},"geometry":{"type":"LineString","coordinates":[[-99.86137,48.67484],[-99.8609,48.67535],[-99.86036,48.67542],[-99.81988,48.67538]]}},{"type":"Feature","properties":{"segmentId":"osm_9774246","name":"State Highway 66"},"geometry":{"type":"LineString","coordinates":[[-100.03622,48.67575],[-99.99071,48.67559],[-99.98735,48.67583],[-99.98197,48.67674],[-99.98049,48.67694],[-99.97786,48.67714],[-99.97639,48.67716],[-99.9751,48.67715],[-99.97373,48.67706],[-99.95927,48.67576],[-99.95596,48.67562],[-99.93064,48.67553],[-99.90921,48.67559],[-99.86516,48.67543],[-99.86343,48.6753],[-99.86219,48.67507],[-99.86137,48.67484]]}},{"type":"Feature","properties":{"segmentId":"osm_9774249","name":"87th Street Northeast"},"geometry":{"type":"LineString","coordinates":[[-100.1456,48.67572],[-100.12346,48.67577],[-100.10091,48.67591],[-100.09704,48.67571],[-100.09102,48.67521],[-100.08489,48.67416],[-100.08395,48.67413],[-100.08304,48.67419],[-100.082,48.67438],[-100.08095,48.67471]]}},{"type":"Feature","properties":{"segmentId":"osm_9774251","name":"87th Street Northeast"},"geometry":{"type":"LineString","coordinates":[[-100.09259,48.67536],[-100.09242,48.67563],[-100.09181,48.67582],[-100.08086,48.67578]]}},{"type":"Feature","properties":{"segmentId":"osm_9774252"},"geometry":{"type":"LineString","coordinates":[[-99.59939,48.86335],[-99.6026,48.86336]]}},{"type":"Feature","properties":{"segmentId":"osm_9774257"},"geometry":{"type":"LineString","coordinates":[[-99.78688,48.82355],[-99.77631,48.82781],[-99.77488,48.82833],[-99.77068,48.82963]]}},{"type":"Feature","properties":{"segmentId":"osm_9774259","name":"United States Highway 281"},"geometry":{"type":"LineString","coordinates":[[-100.05972,48.8058],[-100.05342,48.8058]]}},{"type":"Feature","properties":{"segmentId":"osm_9774261","name":"1st Street Southeast"},"geometry":{"type":"LineString","coordinates":[[-99.61247,48.85664],[-99.61519,48.85917]]}},{"type":"Feature","properties":{"segmentId":"osm_9774264","name":"Grace Street"},"geometry":{"type":"LineString","coordinates":[[-99.71199,48.94284],[-99.71099,48.94288]]}},{"type":"Feature","properties":{"segmentId":"osm_9774265","name":"Saint Ann Street"},"geometry":{"type":"LineString","coordinates":[[-99.70721,48.94451],[-99.70618,48.94347]]}},{"type":"Feature","properties":{"segmentId":"osm_9774267","name":"Saint Ann Street"},"geometry":{"type":"LineString","coordinates":[[-99.70927,48.94663],[-99.71189,48.94924],[-99.712,48.94956],[-99.71203,48.95013]]}},{"type":"Feature","properties":{"segmentId":"osm_9774269","name":"Rolette Road"},"geometry":{"type":"LineString","coordinates":[[-99.84167,48.60292],[-99.84176,48.65937]]}},{"type":"Feature","properties":{"segmentId":"osm_9774271","name":"38th Avenue Northeast"},"geometry":{"type":"LineString","coordinates":[[-99.84165,48.58841],[-99.84167,48.60292]]}},{"type":"Feature","properties":{"segmentId":"osm_9774273","name":"38th Avenue Northeast"},"geometry":{"type":"LineString","coordinates":[[-99.84177,48.66812],[-99.84181,48.71549],[-99.84206,48.71702],[-99.84235,48.71789],[-99.8427,48.71862]]}},{"type":"Feature","properties":{"segmentId":"osm_9774279","name":"38th Avenue Northeast"},"geometry":{"type":"LineString","coordinates":[[-99.87632,48.74762],[-99.87632,48.75146],[-99.87641,48.75194],[-99.87683,48.75262],[-99.87638,48.7532],[-99.87632,48.75351],[-99.87634,48.76015],[-99.87621,48.76209]]}},{"type":"Feature","properties":{"segmentId":"osm_9774281","name":"2nd Avenue Southeast"},"geometry":{"type":"LineString","coordinates":[[-99.61462,48.85689],[-99.60947,48.85929]]}},{"type":"Feature","properties":{"segmentId":"osm_9774288","name":"36th Avenue Northeast"},"geometry":{"type":"LineString","coordinates":[[-99.88455,48.66096],[-99.88448,48.68598],[-99.88467,48.68654],[-99.88581,48.68816],[-99.88596,48.68848],[-99.88614,48.68947],[-99.88603,48.68991],[-99.88469,48.69148],[-99.88452,48.69179],[-99.88446,48.69206],[-99.8845,48.69293],[-99.88492,48.69357],[-99.88498,48.69384],[-99.88495,48.69408],[-99.88443,48.69519],[-99.88439,48.69759],[-99.88417,48.69814],[-99.8839,48.69843],[-99.88339,48.69877],[-99.8832,48.69913],[-99.88331,48.6996],[-99.88363,48.70015],[-99.88516,48.70166],[-99.88586,48.7022],[-99.88651,48.70285],[-99.88675,48.70392],[-99.88675,48.70424],[-99.88662,48.70445]]}},{"type":"Feature","properties":{"segmentId":"osm_9774291","name":"36th Avenue Northeast"},"geometry":{"type":"LineString","coordinates":[[-99.92012,48.77674],[-99.92006,48.8057]]}},{"type":"Feature","properties":{"segmentId":"osm_9774292","name":"36th Avenue Northeast"},"geometry":{"type":"LineString","coordinates":[[-99.8844,48.70451],[-99.88427,48.70832],[-99.88432,48.71865]]}},{"type":"Feature","properties":{"segmentId":"osm_9774295","name":"36th Avenue Northeast"},"geometry":{"type":"LineString","coordinates":[[-99.88991,48.57397],[-99.88989,48.57504],[-99.88962,48.5756],[-99.88957,48.57614],[-99.8892,48.57632],[-99.88894,48.57635],[-99.88827,48.57626],[-99.88786,48.57639],[-99.88696,48.57853],[-99.88681,48.57863],[-99.88592,48.5789],[-99.88493,48.57911],[-99.88474,48.57919],[-99.88455,48.5795],[-99.88451,48.58012],[-99.88465,48.58138],[-99.88465,48.58205],[-99.88446,48.58302],[-99.88454,48.58404],[-99.88455,48.58846]]}},{"type":"Feature","properties":{"segmentId":"osm_9774300","name":"36th Avenue Northeast"},"geometry":{"type":"LineString","coordinates":[[-99.91975,48.90733],[-99.91998,48.90765],[-99.9201,48.9082],[-99.92021,48.91248],[-99.92048,48.91295],[-99.92151,48.91387],[-99.92163,48.91438],[-99.92151,48.91483],[-99.92037,48.91615],[-99.9202,48.91662],[-99.9202,48.92126]]}},{"type":"Feature","properties":{"segmentId":"osm_9774304","name":"36th Avenue Northeast"},"geometry":{"type":"LineString","coordinates":[[-99.88469,48.54487],[-99.88456,48.55662],[-99.88463,48.56278],[-99.88429,48.56298],[-99.88372,48.56317],[-99.88493,48.5681],[-99.88494,48.5703],[-99.88485,48.57078],[-99.88499,48.57395]]}},{"type":"Feature","properties":{"segmentId":"osm_9774308","name":"4th Avenue"},"geometry":{"type":"LineString","coordinates":[[-99.83946,48.66397],[-99.8489,48.66395]]}},{"type":"Feature","properties":{"segmentId":"osm_9774309","name":"13th Avenue Northeast"},"geometry":{"type":"LineString","coordinates":[[-99.61026,48.871],[-99.61361,48.87102]]}},{"type":"Feature","properties":{"segmentId":"osm_9774310","name":"50th Avenue Northeast"},"geometry":{"type":"LineString","coordinates":[[-99.58061,48.70428],[-99.58067,48.71253]]}},{"type":"Feature","properties":{"segmentId":"osm_9774312","name":"50th Avenue Northeast"},"geometry":{"type":"LineString","coordinates":[[-99.58026,48.58737],[-99.57939,48.58719],[-99.57893,48.5868],[-99.57848,48.5862],[-99.5777,48.58588],[-99.57676,48.58568],[-99.57581,48.58572],[-99.57456,48.58604],[-99.57321,48.58738],[-99.57295,48.58853],[-99.57351,48.58963],[-99.57355,48.5901],[-99.57347,48.59029],[-99.57407,48.59076],[-99.57394,48.5912],[-99.57375,48.59141],[-99.57433,48.59235],[-99.57468,48.59317],[-99.57445,48.59341],[-99.57445,48.59359],[-99.57512,48.59393],[-99.5753,48.59414],[-99.57525,48.59441],[-99.57577,48.59521],[-99.57703,48.596],[-99.57744,48.59616],[-99.57741,48.59642],[-99.58045,48.5973]]}},{"type":"Feature","properties":{"segmentId":"osm_9774313","name":"50th Avenue Northeast"},"geometry":{"type":"LineString","coordinates":[[-99.58047,48.60283],[-99.58057,48.63184]]}},{"type":"Feature","properties":{"segmentId":"osm_9774316","name":"State Highway 30"},"geometry":{"type":"LineString","coordinates":[[-99.61395,48.72499],[-99.61359,48.72669],[-99.61349,48.72883],[-99.61356,48.81806],[-99.61378,48.81974],[-99.61413,48.82095],[-99.61537,48.82383],[-99.61567,48.82475],[-99.6159,48.82615],[-99.6159,48.82696],[-99.61562,48.8328],[-99.61506,48.83499],[-99.61401,48.83771],[-99.61372,48.83906],[-99.6136,48.84009],[-99.61371,48.85209]]}},{"type":"Feature","properties":{"segmentId":"osm_9774319","name":"50th Avenue Northeast"},"geometry":{"type":"LineString","coordinates":[[-99.58041,48.54501],[-99.58043,48.55069],[-99.5802,48.56177],[-99.58041,48.57389],[-99.58026,48.58737]]}},{"type":"Feature","properties":{"segmentId":"osm_9774320","name":"Ball Park Road"},"geometry":{"type":"LineString","coordinates":[[-99.8364,48.66089],[-99.83644,48.66297]]}},{"type":"Feature","properties":{"segmentId":"osm_9774324","name":"5th Avenue Northeast"},"geometry":{"type":"LineString","coordinates":[[-99.60817,48.86231],[-99.60837,48.86262],[-99.60835,48.86324]]}},{"type":"Feature","properties":{"segmentId":"osm_9774327","name":"1st Avenue Southwest"},"geometry":{"type":"LineString","coordinates":[[-99.61644,48.85742],[-99.61932,48.8558],[-99.62367,48.85373]]}},{"type":"Feature","properties":{"segmentId":"osm_9774331","name":"7th Avenue Northeast"},"geometry":{"type":"LineString","coordinates":[[-99.61042,48.86534],[-99.61359,48.86534]]}},{"type":"Feature","properties":{"segmentId":"osm_9774339","name":"86th Street Northeast"},"geometry":{"type":"LineString","coordinates":[[-99.49309,48.66073],[-99.50222,48.66067],[-99.50289,48.66076],[-99.50314,48.66101],[-99.50335,48.6611],[-99.50358,48.66108],[-99.50455,48.66073],[-99.50475,48.66071],[-99.50548,48.66079],[-99.50623,48.66071],[-99.51431,48.66074],[-99.51491,48.6608],[-99.53493,48.66082],[-99.54932,48.66074],[-99.5587,48.66084]]}},{"type":"Feature","properties":{"segmentId":"osm_9774344","name":"86th Street Northeast"},"geometry":{"type":"LineString","coordinates":[[-99.72912,48.66127],[-99.72921,48.66108],[-99.72944,48.66092],[-99.73085,48.66084],[-99.75423,48.66087]]}},{"type":"Feature","properties":{"segmentId":"osm_9774345","name":"86th Street Northeast"},"geometry":{"type":"LineString","coordinates":[[-99.86365,48.66093],[-99.88346,48.66095],[-99.90116,48.66107],[-99.91765,48.66135],[-99.9204,48.66159],[-99.92338,48.66166],[-99.92977,48.66174],[-99.93182,48.66162],[-99.93312,48.66162],[-99.93713,48.6619],[-99.94132,48.66196],[-99.94407,48.66179],[-99.94994,48.66191]]}},{"type":"Feature","properties":{"segmentId":"osm_9774346","name":"86th Street Northeast"},"geometry":{"type":"LineString","coordinates":[[-99.90116,48.66069],[-99.90116,48.66107]]}},{"type":"Feature","properties":{"segmentId":"osm_9774354","name":"86th Street Northeast"},"geometry":{"type":"LineString","coordinates":[[-99.97221,48.66115],[-99.97903,48.66092],[-99.98408,48.66103],[-99.98676,48.66093],[-99.9875,48.66103],[-99.99235,48.66106],[-99.99331,48.66121],[-99.99397,48.66122],[-100.01668,48.6612],[-100.01608,48.66078],[-100.01632,48.66036],[-100.01722,48.66034],[-100.01787,48.6605],[-100.01854,48.66087],[-100.01867,48.66128],[-100.02565,48.66123],[-100.05904,48.66131],[-100.071,48.66127]]}},{"type":"Feature","properties":{"segmentId":"osm_9774356","name":"Foussard Avenue"},"geometry":{"type":"LineString","coordinates":[[-99.70119,48.93577],[-99.70206,48.93648],[-99.70577,48.93922],[-99.70642,48.93982],[-99.71301,48.94651],[-99.71512,48.94843],[-99.71596,48.94945],[-99.71635,48.95013]]}},{"type":"Feature","properties":{"segmentId":"osm_9774359","name":"43rd Avenue Northeast"},"geometry":{"type":"LineString","coordinates":[[-99.76696,48.9138],[-99.76711,48.92091],[-99.76703,48.92851],[-99.7671,48.95005]]}},{"type":"Feature","properties":{"segmentId":"osm_9774360","name":"43rd Avenue Northeast"},"geometry":{"type":"LineString","coordinates":[[-99.73274,48.60287],[-99.7327,48.60981],[-99.73307,48.61083],[-99.73324,48.61182],[-99.73315,48.61217],[-99.73281,48.61273],[-99.73271,48.61318],[-99.73254,48.63189]]}},{"type":"Feature","properties":{"segmentId":"osm_9774362","name":"43rd Avenue Northeast"},"geometry":{"type":"LineString","coordinates":[[-99.76655,48.89249],[-99.76662,48.89614],[-99.76656,48.89688]]}},{"type":"Feature","properties":{"segmentId":"osm_9774369","name":"43rd Avenue Northeast"},"geometry":{"type":"LineString","coordinates":[[-99.76672,48.77654],[-99.76672,48.77785],[-99.76685,48.77823],[-99.76623,48.77931],[-99.76617,48.77974],[-99.76633,48.78005],[-99.76666,48.78032],[-99.76683,48.78059],[-99.76691,48.78126],[-99.76684,48.78463],[-99.76709,48.78539],[-99.76692,48.78616],[-99.76717,48.78703],[-99.76678,48.78867],[-99.76698,48.79138],[-99.76718,48.7917],[-99.76721,48.792],[-99.76694,48.79276],[-99.76698,48.79774],[-99.76707,48.79876],[-99.7669,48.79941],[-99.76682,48.80212],[-99.76656,48.80355],[-99.7663,48.8038],[-99.76632,48.80393],[-99.76674,48.80444],[-99.76676,48.80481],[-99.7667,48.80497],[-99.76645,48.80521],[-99.76513,48.80593],[-99.76467,48.80609],[-99.76445,48.8063],[-99.7644,48.80662]]}},{"type":"Feature","properties":{"segmentId":"osm_9774374","name":"43rd Avenue Northeast"},"geometry":{"type":"LineString","coordinates":[[-99.73265,48.70431],[-99.73271,48.71853]]}},{"type":"Feature","properties":{"segmentId":"osm_9774381","name":"48th Avenue Northeast"},"geometry":{"type":"LineString","coordinates":[[-99.65731,48.71848],[-99.65725,48.72353],[-99.65731,48.73078],[-99.65743,48.73101],[-99.65801,48.73131],[-99.65822,48.73169],[-99.65821,48.73184],[-99.65728,48.73248],[-99.65725,48.73258],[-99.65728,48.74033]]}},{"type":"Feature","properties":{"segmentId":"osm_9774391","name":"48th Avenue Northeast"},"geometry":{"type":"LineString","coordinates":[[-99.65723,48.76193],[-99.65725,48.77343],[-99.65733,48.7759],[-99.65724,48.77904],[-99.65731,48.78324],[-99.65718,48.78602],[-99.65722,48.78863],[-99.65738,48.78939],[-99.65718,48.78967],[-99.65713,48.78989],[-99.65697,48.79002],[-99.65633,48.79018],[-99.65629,48.79044],[-99.65695,48.79061],[-99.65719,48.79124],[-99.65718,48.8039],[-99.65726,48.80467]]}},{"type":"Feature","properties":{"segmentId":"osm_9774398","name":"48th Avenue Northeast"},"geometry":{"type":"LineString","coordinates":[[-99.62365,48.54496],[-99.62341,48.64321],[-99.62336,48.64346],[-99.62321,48.64366],[-99.62297,48.64387],[-99.62243,48.64416]]}},{"type":"Feature","properties":{"segmentId":"osm_9774401","name":"State Highway 30"},"geometry":{"type":"LineString","coordinates":[[-99.65762,48.89292],[-99.65716,48.8933],[-99.65703,48.89379],[-99.65699,48.9955]]}},{"type":"Feature","properties":{"segmentId":"osm_9774403","name":"State Highway 66"},"geometry":{"type":"LineString","coordinates":[[-99.62243,48.64416],[-99.62302,48.64529],[-99.62341,48.64684],[-99.62338,48.66083]]}},{"type":"Feature","properties":{"segmentId":"osm_9774404","name":"48th Avenue Northeast"},"geometry":{"type":"LineString","coordinates":[[-99.62279,48.71146],[-99.62325,48.71156],[-99.6233,48.71197],[-99.62319,48.7157],[-99.62323,48.71847]]}},{"type":"Feature","properties":{"segmentId":"osm_9774405","name":"35th Avenue Northeast"},"geometry":{"type":"LineString","coordinates":[[-99.94184,48.86339],[-99.94186,48.87139]]}},{"type":"Feature","properties":{"segmentId":"osm_9774420","name":"27th Avenue Northeast"},"geometry":{"type":"LineString","coordinates":[[-100.08095,48.6032],[-100.08094,48.63223]]}},{"type":"Feature","properties":{"segmentId":"osm_9774430","name":"27th Avenue Northeast"},"geometry":{"type":"LineString","coordinates":[[-100.08098,48.64674],[-100.08095,48.67471],[-100.08085,48.67699],[-100.0809,48.7119],[-100.08082,48.71884]]}},{"type":"Feature","properties":{"segmentId":"osm_9774493","name":"6th Street Northeast"},"geometry":{"type":"LineString","coordinates":[[-99.61046,48.86325],[-99.6104,48.86804]]}},{"type":"Feature","properties":{"segmentId":"osm_9774495","name":"6th Street Northeast"},"geometry":{"type":"LineString","coordinates":[[-99.61025,48.87054],[-99.61031,48.87775]]}},{"type":"Feature","properties":{"segmentId":"osm_9774497","name":"6th Street Northeast"},"geometry":{"type":"LineString","coordinates":[[-99.61025,48.87003],[-99.61025,48.87054]]}},{"type":"Feature","properties":{"segmentId":"osm_9774507","name":"108th Street Northeast"},"geometry":{"type":"LineString","coordinates":[[-99.56979,48.97888],[-99.57114,48.97884],[-99.57196,48.97889],[-99.57414,48.97885],[-99.58088,48.97891],[-99.58219,48.97884],[-99.58648,48.97888],[-99.58901,48.97902],[-99.59179,48.97896],[-99.61382,48.97906]]}},{"type":"Feature","properties":{"segmentId":"osm_9774509","name":"Lake Upsilon Road"},"geometry":{"type":"LineString","coordinates":[[-99.92067,48.97905],[-99.906,48.97922],[-99.90174,48.97921],[-99.90021,48.9791],[-99.89928,48.9791],[-99.89826,48.97927],[-99.89761,48.97961],[-99.89704,48.97982],[-99.89679,48.97998],[-99.89598,48.98076],[-99.89545,48.98105],[-99.89506,48.98113],[-99.89446,48.98109],[-99.89362,48.98124],[-99.89267,48.98159],[-99.89229,48.98167],[-99.89014,48.98095],[-99.88691,48.98011],[-99.88599,48.97962],[-99.88558,48.97948],[-99.8847,48.97932],[-99.88376,48.97928],[-99.88318,48.97932],[-99.88267,48.97974],[-99.88195,48.98121],[-99.88148,48.9817],[-99.88028,48.98226],[-99.87956,48.9828],[-99.87937,48.98301],[-99.87899,48.98373],[-99.87852,48.98396],[-99.87807,48.98402],[-99.87767,48.984],[-99.87405,48.98304],[-99.87198,48.98195],[-99.87145,48.98149],[-99.87136,48.98063],[-99.87091,48.97984],[-99.87029,48.97933],[-99.86989,48.97918],[-99.86961,48.97912],[-99.86848,48.97908],[-99.86255,48.97908]]}},{"type":"Feature","properties":{"segmentId":"osm_9774511","name":"108th Street Northeast"},"geometry":{"type":"LineString","coordinates":[[-99.92067,48.97729],[-99.9257,48.97664],[-99.93077,48.97523],[-99.93111,48.97521],[-99.93157,48.9753],[-99.93179,48.97543],[-99.93211,48.9759],[-99.93224,48.9767],[-99.93183,48.97797],[-99.93175,48.97871],[-99.93182,48.97888],[-99.93208,48.97902],[-99.93239,48.97905],[-99.95204,48.97904],[-99.9682,48.97916],[-99.96856,48.97908],[-99.96941,48.97861],[-99.96986,48.97848],[-99.97186,48.97843],[-99.97232,48.9785],[-99.97328,48.97895],[-99.97382,48.97908],[-99.97453,48.97915],[-100.00857,48.97915],[-100.02094,48.9792],[-100.02165,48.97922],[-100.02204,48.97929],[-100.02352,48.97979],[-100.02404,48.97985],[-100.02464,48.97977],[-100.02627,48.97924],[-100.02689,48.97917],[-100.04742,48.9792],[-100.08526,48.97913]]}},{"type":"Feature","properties":{"segmentId":"osm_9774513","name":"108th Street Northeast"},"geometry":{"type":"LineString","coordinates":[[-99.88318,48.97932],[-99.87785,48.9792]]}},{"type":"Feature","properties":{"segmentId":"osm_9774518","name":"108th Street Northeast"},"geometry":{"type":"LineString","coordinates":[[-99.82746,48.9776],[-99.82822,48.97831],[-99.8288,48.97864],[-99.82964,48.97897],[-99.83028,48.97904],[-99.83091,48.97909],[-99.84317,48.97915],[-99.84332,48.9792]]}},{"type":"Feature","properties":{"segmentId":"osm_9774521","name":"103rd Street Northeast"},"geometry":{"type":"LineString","coordinates":[[-99.8555,48.90675],[-99.85641,48.90668],[-99.86462,48.90675],[-99.90642,48.90687],[-99.91802,48.90676],[-99.91848,48.90678],[-99.91904,48.90692],[-99.91928,48.90701],[-99.91975,48.90733]]}},{"type":"Feature","properties":{"segmentId":"osm_9774531","name":"103rd Street Northeast"},"geometry":{"type":"LineString","coordinates":[[-99.59169,48.90663],[-99.59212,48.90656],[-99.61669,48.90666],[-99.62725,48.90663],[-99.63588,48.90673]]}},{"type":"Feature","properties":{"segmentId":"osm_9774542","name":"103rd Street Northeast"},"geometry":{"type":"LineString","coordinates":[[-100.18283,48.90706],[-100.17117,48.90708],[-100.17039,48.90727],[-100.16925,48.90774],[-100.1687,48.90778],[-100.16585,48.90704],[-100.16496,48.90698],[-100.09836,48.9069]]}},{"type":"Feature","properties":{"segmentId":"osm_9774545","name":"103rd Street Northeast"},"geometry":{"type":"LineString","coordinates":[[-99.52571,48.90639],[-99.56968,48.90653]]}},{"type":"Feature","properties":{"segmentId":"osm_9774547","name":"B1A10"},"geometry":{"type":"LineString","coordinates":[[-99.69705,48.83434],[-99.69704,48.83394],[-99.69733,48.83349]]}},{"type":"Feature","properties":{"segmentId":"osm_9774548","name":"Poplan Street"},"geometry":{"type":"LineString","coordinates":[[-99.71648,48.93995],[-99.71206,48.93991]]}},{"type":"Feature","properties":{"segmentId":"osm_9774557","name":"93rd Street Northeast"},"geometry":{"type":"LineString","coordinates":[[-100.05156,48.76229],[-100.04828,48.76227],[-100.045,48.76233],[-100.04219,48.76223],[-100.03127,48.76214],[-100.00825,48.76226],[-99.97153,48.76223],[-99.96967,48.76217],[-99.96578,48.76223],[-99.94213,48.76221]]}},{"type":"Feature","properties":{"segmentId":"osm_9774562","name":"93rd Street Northeast"},"geometry":{"type":"LineString","coordinates":[[-99.85443,48.76286],[-99.85539,48.76283],[-99.85588,48.76274],[-99.85673,48.7622],[-99.85716,48.76206],[-99.86115,48.7621],[-99.86994,48.76204],[-99.87987,48.76212],[-99.89191,48.76212],[-99.89268,48.76203],[-99.89605,48.76214],[-99.92015,48.76223]]}},{"type":"Feature","properties":{"segmentId":"osm_9774573","name":"93rd Street Northeast"},"geometry":{"type":"LineString","coordinates":[[-99.54772,48.76187],[-99.62475,48.76194],[-99.69545,48.76192],[-99.74496,48.76206]]}},{"type":"Feature","properties":{"segmentId":"osm_9774574","name":"Centennial Drive"},"geometry":{"type":"LineString","coordinates":[[-99.71199,48.94284],[-99.71211,48.94279],[-99.71212,48.94267],[-99.71206,48.93991]]}},{"type":"Feature","properties":{"segmentId":"osm_9774589"},"geometry":{"type":"LineString","coordinates":[[-99.83227,48.84537],[-99.8323,48.84884],[-99.83371,48.84894],[-99.83774,48.849],[-99.83845,48.84946],[-99.83855,48.84969],[-99.83893,48.84981],[-99.83956,48.85045],[-99.84035,48.85089],[-99.84118,48.85116],[-99.84256,48.85117],[-99.84405,48.85152],[-99.84579,48.85229],[-99.84616,48.85258],[-99.84672,48.85349],[-99.84732,48.85401],[-99.84801,48.85413],[-99.84869,48.85411],[-99.84929,48.85422],[-99.85058,48.85506],[-99.85103,48.85554],[-99.85113,48.85584],[-99.85112,48.85618]]}},{"type":"Feature","properties":{"segmentId":"osm_9774591","name":"Bia 21"},"geometry":{"type":"LineString","coordinates":[[-99.83227,48.84537],[-99.82574,48.8454],[-99.82486,48.8453],[-99.82406,48.84504],[-99.82148,48.84374],[-99.82133,48.84359],[-99.82125,48.84203],[-99.82149,48.84143],[-99.82147,48.84128],[-99.82134,48.84115],[-99.82072,48.84097],[-99.81852,48.841],[-99.81799,48.84093],[-99.81768,48.8408],[-99.81701,48.84031],[-99.81557,48.83909],[-99.81533,48.83898],[-99.81212,48.8388],[-99.81174,48.83869],[-99.81149,48.83856],[-99.8111,48.83807],[-99.81075,48.83777],[-99.80882,48.83719],[-99.80833,48.83659],[-99.80804,48.83637],[-99.80646,48.83558],[-99.80628,48.83536],[-99.80629,48.83445]]}},{"type":"Feature","properties":{"segmentId":"osm_9774593"},"geometry":{"type":"LineString","coordinates":[[-100.06258,48.80783],[-100.06311,48.80749],[-100.06311,48.807]]}},{"type":"Feature","properties":{"segmentId":"osm_9774594","name":"1st Street West"},"geometry":{"type":"LineString","coordinates":[[-100.06265,48.81204],[-100.06265,48.81706]]}},{"type":"Feature","properties":{"segmentId":"osm_9774596","name":"1st Street West"},"geometry":{"type":"LineString","coordinates":[[-100.06266,48.81104],[-100.06266,48.80805]]}},{"type":"Feature","properties":{"segmentId":"osm_9774600","name":"104th Street Northeast"},"geometry":{"type":"LineString","coordinates":[[-99.65801,48.9212],[-99.6586,48.92126],[-99.6619,48.92127],[-99.66499,48.92119],[-99.66556,48.92116],[-99.66625,48.92095],[-99.66744,48.92117],[-99.66917,48.92125],[-99.67004,48.92124],[-99.67034,48.92114],[-99.67865,48.92116],[-99.679,48.92121],[-99.6795,48.92116],[-99.67986,48.92125],[-99.6829,48.92118],[-99.68583,48.92125],[-99.68598,48.9213],[-99.68659,48.92115]]}},{"type":"Feature","properties":{"segmentId":"osm_9774603","name":"104th Street Northeast"},"geometry":{"type":"LineString","coordinates":[[-99.98588,48.92121],[-99.97636,48.92121],[-99.9733,48.92053],[-99.97089,48.92025],[-99.96782,48.92041],[-99.96627,48.92031],[-99.96577,48.92036],[-99.96515,48.92057],[-99.96426,48.92108],[-99.9638,48.9212],[-99.94201,48.92115]]}},{"type":"Feature","properties":{"segmentId":"osm_9774605","name":"104th Street Northeast"},"geometry":{"type":"LineString","coordinates":[[-99.59143,48.92108],[-99.56971,48.92102]]}},{"type":"Feature","properties":{"segmentId":"osm_9774618","name":"104th Street Northeast"},"geometry":{"type":"LineString","coordinates":[[-100.02992,48.92038],[-100.03121,48.92032],[-100.03183,48.9204],[-100.0324,48.92061],[-100.03316,48.92106],[-100.03372,48.92124],[-100.07363,48.92132]]}},{"type":"Feature","properties":{"segmentId":"osm_9774630","name":"97th Street Northeast"},"geometry":{"type":"LineString","coordinates":[[-100.18294,48.82041],[-100.15672,48.82032],[-100.11926,48.82035],[-100.06824,48.82026],[-99.96816,48.82028],[-99.95758,48.82024]]}},{"type":"Feature","properties":{"segmentId":"osm_9774632","name":"97th Street Northeast"},"geometry":{"type":"LineString","coordinates":[[-99.63545,48.81972],[-99.63916,48.81969],[-99.64989,48.81982],[-99.65518,48.81982],[-99.65717,48.81977]]}},{"type":"Feature","properties":{"segmentId":"osm_9774634","name":"Bia 23"},"geometry":{"type":"LineString","coordinates":[[-99.92006,48.8057],[-99.92001,48.83463]]}},{"type":"Feature","properties":{"segmentId":"osm_9774635","name":"Bia 23"},"geometry":{"type":"LineString","coordinates":[[-99.92017,48.74773],[-99.92012,48.77674]]}},{"type":"Feature","properties":{"segmentId":"osm_9774637","name":"Neameyer Drive"},"geometry":{"type":"LineString","coordinates":[[-99.61177,48.8689],[-99.61024,48.86891],[-99.61025,48.87003]]}},{"type":"Feature","properties":{"segmentId":"osm_9774645","name":"37th Avenue Northeast"},"geometry":{"type":"LineString","coordinates":[[-99.86357,48.6174],[-99.86366,48.66453],[-99.86376,48.67042],[-99.86368,48.67204],[-99.86369,48.67533]]}},{"type":"Feature","properties":{"segmentId":"osm_9774648","name":"37th Avenue Northeast"},"geometry":{"type":"LineString","coordinates":[[-99.89822,48.77665],[-99.89825,48.79177],[-99.89811,48.79341],[-99.8979,48.79429],[-99.89824,48.79488],[-99.89822,48.80035],[-99.89812,48.80279]]}},{"type":"Feature","properties":{"segmentId":"osm_9774656","name":"107th Street Northeast"},"geometry":{"type":"LineString","coordinates":[[-99.70102,48.96459],[-99.65698,48.96469]]}},{"type":"Feature","properties":{"segmentId":"osm_9774662","name":"107th Street Northeast"},"geometry":{"type":"LineString","coordinates":[[-99.5597,48.96443],[-99.52583,48.96426]]}},{"type":"Feature","properties":{"segmentId":"osm_9774676","name":"107th Street Northeast"},"geometry":{"type":"LineString","coordinates":[[-99.72301,48.96462],[-99.75933,48.96452],[-99.76118,48.9645],[-99.76262,48.96438],[-99.76484,48.96449],[-99.77673,48.96449],[-99.78797,48.96466],[-99.79354,48.96464],[-99.79393,48.9648],[-99.79407,48.96499],[-99.79414,48.96623],[-99.79446,48.96663],[-99.79482,48.96691],[-99.79562,48.96736],[-99.79711,48.96809],[-99.79767,48.96825],[-99.79797,48.96827],[-99.79892,48.96822],[-99.80339,48.96721],[-99.80655,48.96684],[-99.80901,48.96592],[-99.81022,48.96559],[-99.81084,48.96524],[-99.81136,48.96472],[-99.81166,48.96461],[-99.812,48.96458],[-99.83077,48.96458],[-99.83111,48.96465],[-99.83144,48.96492],[-99.83207,48.96569]]}},{"type":"Feature","properties":{"segmentId":"osm_9774686","name":"107th Street Northeast"},"geometry":{"type":"LineString","coordinates":[[-100.02854,48.96469],[-100.02581,48.96472],[-100.01703,48.96464],[-100.01042,48.96467],[-99.99371,48.96457],[-99.99347,48.96465],[-99.99305,48.96538],[-99.99233,48.96612],[-99.99171,48.96662],[-99.99052,48.96732],[-99.98903,48.96794]]}},{"type":"Feature","properties":{"segmentId":"osm_9774691","name":"34th Avenue Northeast"},"geometry":{"type":"LineString","coordinates":[[-99.92832,48.66174],[-99.92824,48.68206],[-99.92841,48.68406],[-99.92824,48.68526],[-99.92821,48.68715],[-99.92812,48.71868]]}},{"type":"Feature","properties":{"segmentId":"osm_9774701","name":"34th Avenue Northeast"},"geometry":{"type":"LineString","coordinates":[[-99.92823,48.50535],[-99.9282,48.54633],[-99.92827,48.54656],[-99.92844,48.54674],[-99.92921,48.54721],[-99.93096,48.5478],[-99.93187,48.54826],[-99.93221,48.54852],[-99.93279,48.54913],[-99.93324,48.54983],[-99.93384,48.55123],[-99.93403,48.55191],[-99.93399,48.55244],[-99.93353,48.55341],[-99.93292,48.55402],[-99.93243,48.55433],[-99.93198,48.55454],[-99.93065,48.55485],[-99.93001,48.55492],[-99.92877,48.55488],[-99.9284,48.55507],[-99.92822,48.55537],[-99.92824,48.58906]]}},{"type":"Feature","properties":{"segmentId":"osm_9774703","name":"34th Avenue Northeast"},"geometry":{"type":"LineString","coordinates":[[-99.964,48.80335],[-99.96395,48.82557],[-99.96411,48.82744],[-99.96466,48.83024],[-99.96461,48.83067],[-99.96435,48.83121],[-99.96284,48.83294],[-99.96276,48.83331],[-99.96304,48.83407]]}},{"type":"Feature","properties":{"segmentId":"osm_9774708","name":"81st Street Northeast"},"geometry":{"type":"LineString","coordinates":[[-99.55859,48.58835],[-99.55848,48.58831],[-99.55601,48.58837],[-99.55351,48.58835],[-99.54832,48.58844],[-99.54778,48.58834],[-99.53924,48.58835]]}},{"type":"Feature","properties":{"segmentId":"osm_9774713","name":"81st Street Northeast"},"geometry":{"type":"LineString","coordinates":[[-100.01533,48.58866],[-100.032,48.58858],[-100.0481,48.58866],[-100.05247,48.58863],[-100.0531,48.58868],[-100.05514,48.58862],[-100.05656,48.58867],[-100.05789,48.58863],[-100.07388,48.58864]]}},{"type":"Feature","properties":{"segmentId":"osm_9774716","name":"81st Street Northeast"},"geometry":{"type":"LineString","coordinates":[[-99.60228,48.58839],[-99.64534,48.58845]]}},{"type":"Feature","properties":{"segmentId":"osm_9774717","name":"81st Street Northeast"},"geometry":{"type":"LineString","coordinates":[[-99.84165,48.58841],[-99.88455,48.58846]]}},{"type":"Feature","properties":{"segmentId":"osm_9774719","name":"81st Street Northeast"},"geometry":{"type":"LineString","coordinates":[[-99.7932,48.58836],[-99.75259,48.58836],[-99.7474,48.58841],[-99.7361,48.58833],[-99.71634,48.58844],[-99.71092,48.58839]]}},{"type":"Feature","properties":{"segmentId":"osm_9774721","name":"81st Street Northeast"},"geometry":{"type":"LineString","coordinates":[[-99.88455,48.58846],[-99.89486,48.58849],[-99.89584,48.58856],[-99.90635,48.58855],[-99.91496,48.58842],[-99.92001,48.58846],[-99.92543,48.58839],[-99.92824,48.58843]]}},{"type":"Feature","properties":{"segmentId":"osm_9774723","name":"Demers Avenue"},"geometry":{"type":"LineString","coordinates":[[-99.71501,48.93993],[-99.71497,48.9429]]}},{"type":"Feature","properties":{"segmentId":"osm_9774734","name":"Fawcett Street"},"geometry":{"type":"LineString","coordinates":[[-99.71314,48.94346],[-99.71413,48.94449]]}},{"type":"Feature","properties":{"segmentId":"osm_9774736","name":"Martin Street"},"geometry":{"type":"LineString","coordinates":[[-99.71099,48.94288],[-99.7099,48.94335]]}},{"type":"Feature","properties":{"segmentId":"osm_9774738","name":"Saint Ann Street"},"geometry":{"type":"LineString","coordinates":[[-99.70721,48.94451],[-99.70927,48.94663]]}},{"type":"Feature","properties":{"segmentId":"osm_9774742","name":"Cottontail Lane"},"geometry":{"type":"LineString","coordinates":[[-99.84829,48.83449],[-99.84841,48.83521],[-99.84862,48.83569],[-99.84772,48.83563],[-99.8468,48.83525],[-99.84671,48.83499],[-99.84632,48.83449]]}},{"type":"Feature","properties":{"segmentId":"osm_9774749","name":"80th Street Northeast"},"geometry":{"type":"LineString","coordinates":[[-99.86346,48.57394],[-99.89629,48.57399],[-99.95192,48.57397],[-99.97177,48.57408],[-100.0371,48.57409]]}},{"type":"Feature","properties":{"segmentId":"osm_9774754","name":"80th Street Northeast"},"geometry":{"type":"LineString","coordinates":[[-99.49318,48.57381],[-99.49949,48.57379],[-99.50038,48.57385],[-99.50425,48.57386],[-99.52696,48.57382],[-99.52966,48.57387],[-99.59617,48.5739]]}},{"type":"Feature","properties":{"segmentId":"osm_9774757","name":"5th Avenue North"},"geometry":{"type":"LineString","coordinates":[[-100.06078,48.81805],[-100.05805,48.81806]]}},{"type":"Feature","properties":{"segmentId":"osm_9774759","name":"McCumber Street"},"geometry":{"type":"LineString","coordinates":[[-99.84802,48.66395],[-99.84803,48.66579]]}},{"type":"Feature","properties":{"segmentId":"osm_9774760","name":"Main Street"},"geometry":{"type":"LineString","coordinates":[[-99.84489,48.66089],[-99.84492,48.66496]]}},{"type":"Feature","properties":{"segmentId":"osm_9774762","name":"Main Street"},"geometry":{"type":"LineString","coordinates":[[-100.06111,48.80976],[-100.06111,48.81606]]}},{"type":"Feature","properties":{"segmentId":"osm_9774763","name":"Main Street"},"geometry":{"type":"LineString","coordinates":[[-99.6188,48.63187],[-99.61874,48.63539]]}},{"type":"Feature","properties":{"segmentId":"osm_9774765","name":"Emma Street"},"geometry":{"type":"LineString","coordinates":[[-99.71204,48.94392],[-99.71417,48.94605]]}},{"type":"Feature","properties":{"segmentId":"osm_9774766","name":"Emma Street"},"geometry":{"type":"LineString","coordinates":[[-99.71004,48.94181],[-99.71099,48.94288],[-99.71209,48.9439]]}},{"type":"Feature","properties":{"segmentId":"osm_9774769","name":"Madison Street"},"geometry":{"type":"LineString","coordinates":[[-99.61722,48.6364],[-99.61717,48.63729],[-99.61698,48.63744]]}},{"type":"Feature","properties":{"segmentId":"osm_9774770","name":"State Highway 3"},"geometry":{"type":"LineString","coordinates":[[-100.03774,48.71199],[-100.03807,48.71258],[-100.03875,48.7135],[-100.03946,48.71422],[-100.04022,48.71484],[-100.04802,48.71999],[-100.04909,48.72079],[-100.04976,48.72142],[-100.05033,48.72209],[-100.05084,48.72284],[-100.0511,48.72338]]}},{"type":"Feature","properties":{"segmentId":"osm_9774772","name":"John Street"},"geometry":{"type":"LineString","coordinates":[[-99.84647,48.66089],[-99.84648,48.66696]]}},{"type":"Feature","properties":{"segmentId":"osm_9774774","name":"5th Street North"},"geometry":{"type":"LineString","coordinates":[[-100.06078,48.81805],[-100.06113,48.81805]]}},{"type":"Feature","properties":{"segmentId":"osm_9774778","name":"46th Avenue Northeast"},"geometry":{"type":"LineString","coordinates":[[-99.66714,48.60291],[-99.66714,48.61238],[-99.66703,48.61624],[-99.66718,48.62015],[-99.66709,48.62185],[-99.6671,48.6319]]}},{"type":"Feature","properties":{"segmentId":"osm_9774780","name":"46th Avenue Northeast"},"geometry":{"type":"LineString","coordinates":[[-99.7011,48.83434],[-99.70103,48.83619],[-99.70111,48.84584],[-99.70103,48.84904]]}},{"type":"Feature","properties":{"segmentId":"osm_9774785","name":"46th Avenue Northeast"},"geometry":{"type":"LineString","coordinates":[[-99.66708,48.69029],[-99.66702,48.69617],[-99.66717,48.69721],[-99.66703,48.69984],[-99.66703,48.70428]]}},{"type":"Feature","properties":{"segmentId":"osm_9774790","name":"46th Avenue Northeast"},"geometry":{"type":"LineString","coordinates":[[-99.70115,48.73297],[-99.70117,48.73437],[-99.70105,48.73454],[-99.70064,48.73475],[-99.70066,48.73486],[-99.70115,48.73543],[-99.70116,48.73626],[-99.70115,48.73986],[-99.70103,48.74129],[-99.70105,48.74347],[-99.70113,48.74401],[-99.70111,48.7485],[-99.70121,48.74947],[-99.70109,48.75027],[-99.70117,48.76234],[-99.70114,48.76468],[-99.70096,48.76574],[-99.70115,48.76873],[-99.70107,48.77121],[-99.70119,48.77323],[-99.70115,48.78102],[-99.70145,48.78224],[-99.70165,48.78272],[-99.70157,48.78322],[-99.70161,48.78366],[-99.70199,48.78401],[-99.70208,48.78423],[-99.70203,48.78443],[-99.70132,48.78493],[-99.70115,48.78532],[-99.70112,48.79093]]}},{"type":"Feature","properties":{"segmentId":"osm_9774792","name":"46th Avenue Northeast"},"geometry":{"type":"LineString","coordinates":[[-99.70107,48.81242],[-99.70104,48.81711],[-99.70111,48.81989]]}},{"type":"Feature","properties":{"segmentId":"osm_9774794","name":"46th Avenue Northeast"},"geometry":{"type":"LineString","coordinates":[[-99.70127,48.93584],[-99.70113,48.93596],[-99.70107,48.93615],[-99.70105,48.93769],[-99.70101,48.97914]]}},{"type":"Feature","properties":{"segmentId":"osm_9774799","name":"Cemetery Road"},"geometry":{"type":"LineString","coordinates":[[-100.07342,48.7914],[-100.07337,48.79536],[-100.07315,48.79645],[-100.07341,48.79797],[-100.07339,48.80007],[-100.07347,48.80042],[-100.07396,48.80111],[-100.07412,48.80154],[-100.0741,48.8021],[-100.0735,48.80582]]}},{"type":"Feature","properties":{"segmentId":"osm_9774801","name":"44th Avenue Northeast"},"geometry":{"type":"LineString","coordinates":[[-99.71077,48.68982],[-99.71067,48.7185]]}},{"type":"Feature","properties":{"segmentId":"osm_9774803","name":"44th Avenue Northeast"},"geometry":{"type":"LineString","coordinates":[[-99.74509,48.95006],[-99.74509,48.95291],[-99.74472,48.95485],[-99.74479,48.9559],[-99.74513,48.95726],[-99.74515,48.96524],[-99.74501,48.97783]]}},{"type":"Feature","properties":{"segmentId":"osm_9774807","name":"44th Avenue Northeast"},"geometry":{"type":"LineString","coordinates":[[-99.71093,48.54494],[-99.71099,48.55218],[-99.71111,48.55283],[-99.71184,48.55381],[-99.71192,48.5543],[-99.71155,48.55578],[-99.71106,48.5569],[-99.71097,48.55752],[-99.71098,48.55866],[-99.71122,48.55939],[-99.71126,48.56023],[-99.71121,48.56581],[-99.71095,48.567],[-99.71094,48.57408],[-99.71125,48.5755],[-99.71262,48.57836],[-99.71273,48.5791],[-99.7127,48.57947],[-99.71251,48.57999],[-99.71219,48.58038],[-99.71124,48.58127],[-99.71098,48.58176],[-99.71091,48.60198],[-99.71085,48.60254],[-99.71072,48.60269],[-99.71049,48.60279]]}},{"type":"Feature","properties":{"segmentId":"osm_9774810","name":"44th Avenue Northeast"},"geometry":{"type":"LineString","coordinates":[[-99.74493,48.71853],[-99.74494,48.80809]]}},{"type":"Feature","properties":{"segmentId":"osm_9774811","name":"44th Avenue Northeast"},"geometry":{"type":"LineString","coordinates":[[-99.74481,48.90556],[-99.74491,48.91142],[-99.74486,48.91174],[-99.74444,48.91246]]}},{"type":"Feature","properties":{"segmentId":"osm_9774814","name":"Barney's Beach Road"},"geometry":{"type":"LineString","coordinates":[[-99.74475,48.87773],[-99.74563,48.87791],[-99.74626,48.87821],[-99.74645,48.87836],[-99.74674,48.87887],[-99.74706,48.8791],[-99.74734,48.87921],[-99.74857,48.87939],[-99.74902,48.8796],[-99.74922,48.87998],[-99.74964,48.88174],[-99.75069,48.88266],[-99.75126,48.88289],[-99.75315,48.88328],[-99.7536,48.88343],[-99.75534,48.88447],[-99.75668,48.88563],[-99.75672,48.8859],[-99.75655,48.88627],[-99.75565,48.88675],[-99.7541,48.8879],[-99.75191,48.88859],[-99.75086,48.88901],[-99.75067,48.88913],[-99.75045,48.88943],[-99.7503,48.89016],[-99.75048,48.89066],[-99.75083,48.89087],[-99.75177,48.89116],[-99.7522,48.89137],[-99.75245,48.89164],[-99.75265,48.89209]]}},{"type":"Feature","properties":{"segmentId":"osm_9774818","name":"98th Street Northeast"},"geometry":{"type":"LineString","coordinates":[[-99.58946,48.8342],[-99.55059,48.83412],[-99.52969,48.83403],[-99.52589,48.83397]]}},{"type":"Feature","properties":{"segmentId":"osm_9774820","name":"98th Street Northeast"},"geometry":{"type":"LineString","coordinates":[[-100.05209,48.83467],[-100.04387,48.8347]]}},{"type":"Feature","properties":{"segmentId":"osm_9774822","name":"98th Street Northeast"},"geometry":{"type":"LineString","coordinates":[[-99.60874,48.83421],[-99.61529,48.83425]]}},{"type":"Feature","properties":{"segmentId":"osm_9774823","name":"98th Street Northeast"},"geometry":{"type":"LineString","coordinates":[[-99.62774,48.83421],[-99.63547,48.83417]]}},{"type":"Feature","properties":{"segmentId":"osm_9774837","name":"105th Street Northeast"},"geometry":{"type":"LineString","coordinates":[[-99.84523,48.93605],[-99.8453,48.93568],[-99.84591,48.93578],[-99.84615,48.93608],[-99.84625,48.93655]]}},{"type":"Feature","properties":{"segmentId":"osm_9774843","name":"105th Street Northeast"},"geometry":{"type":"LineString","coordinates":[[-99.94708,48.93551],[-99.94918,48.93555],[-99.95311,48.93549]]}},{"type":"Feature","properties":{"segmentId":"osm_9774846","name":"105th Street Northeast"},"geometry":{"type":"LineString","coordinates":[[-99.70107,48.93615],[-99.70073,48.93606],[-99.70025,48.93574],[-99.69981,48.93564],[-99.68867,48.93565],[-99.6841,48.93573],[-99.67924,48.93571]]}},{"type":"Feature","properties":{"segmentId":"osm_9774847","name":"105th Street Northeast"},"geometry":{"type":"LineString","coordinates":[[-100.07371,48.93577],[-100.09577,48.9358]]}},{"type":"Feature","properties":{"segmentId":"osm_9774849","name":"105th Street Northeast"},"geometry":{"type":"LineString","coordinates":[[-99.70115,48.93573],[-99.7016,48.93551],[-99.70904,48.93558]]}},{"type":"Feature","properties":{"segmentId":"osm_9774852","name":"105th Street Northeast"},"geometry":{"type":"LineString","coordinates":[[-99.66742,48.9357],[-99.664,48.93572],[-99.66272,48.93567],[-99.65161,48.93574],[-99.64721,48.9357],[-99.64531,48.93572],[-99.64508,48.93585],[-99.64493,48.93586],[-99.64066,48.9358],[-99.6359,48.93581]]}},{"type":"Feature","properties":{"segmentId":"osm_9774854","name":"105th Street Northeast"},"geometry":{"type":"LineString","coordinates":[[-99.97502,48.9356],[-99.97742,48.93563],[-99.97868,48.93541],[-99.97955,48.93562],[-99.98597,48.93561]]}},{"type":"Feature","properties":{"segmentId":"osm_9774857","name":"105th Street Northeast"},"geometry":{"type":"LineString","coordinates":[[-99.49536,48.93514],[-99.49618,48.93513],[-99.49802,48.93525],[-99.49995,48.93526],[-99.51575,48.93529],[-99.52203,48.93525],[-99.54576,48.93542],[-99.56974,48.93547]]}},{"type":"Feature","properties":{"segmentId":"osm_9774859","name":"Bureau of Indian Affairs Road 10"},"geometry":{"type":"LineString","coordinates":[[-99.76007,48.83358],[-99.76066,48.83404],[-99.76099,48.83419],[-99.76172,48.83437],[-99.76277,48.83438],[-99.85039,48.83449],[-99.898,48.83463]]}},{"type":"Feature","properties":{"segmentId":"osm_9774862","name":"Jack Rabbit Road"},"geometry":{"type":"LineString","coordinates":[[-99.94187,48.84922],[-100.00782,48.84924]]}},{"type":"Feature","properties":{"segmentId":"osm_9774877","name":"Bureau of Indian Affairs Road 6"},"geometry":{"type":"LineString","coordinates":[[-100.05156,48.87786],[-100.02091,48.8779],[-100.01182,48.87797],[-100.00612,48.87792],[-99.98632,48.87801],[-99.98448,48.87796],[-99.95764,48.87798],[-99.94188,48.87791]]}},{"type":"Feature","properties":{"segmentId":"osm_9774880","name":"South Park Street"},"geometry":{"type":"LineString","coordinates":[[-99.84083,48.66154],[-99.84024,48.66153]]}},{"type":"Feature","properties":{"segmentId":"osm_9774881","name":"1st Avenue Northeast"},"geometry":{"type":"LineString","coordinates":[[-99.611,48.8624],[-99.61738,48.85943]]}},{"type":"Feature","properties":{"segmentId":"osm_9774882","name":"Main Avenue East"},"geometry":{"type":"LineString","coordinates":[[-99.61718,48.85825],[-99.60929,48.86192]]}},{"type":"Feature","properties":{"segmentId":"osm_9774884","name":"4th Street West"},"geometry":{"type":"LineString","coordinates":[[-100.06714,48.81004],[-100.06713,48.81205]]}},{"type":"Feature","properties":{"segmentId":"osm_9774892","name":"94th Street Northeast"},"geometry":{"type":"LineString","coordinates":[[-99.85438,48.77658],[-99.88327,48.77661],[-99.92361,48.77675],[-99.94214,48.77671]]}},{"type":"Feature","properties":{"segmentId":"osm_9774912","name":"94th Street Northeast"},"geometry":{"type":"LineString","coordinates":[[-100.18297,48.77647],[-100.1824,48.77635],[-100.17977,48.77529],[-100.17901,48.77514],[-100.1784,48.77513],[-100.17756,48.77525],[-100.17615,48.77564],[-100.17448,48.77643],[-100.17369,48.77672],[-100.17277,48.77691],[-100.17205,48.77694],[-100.1429,48.77698],[-100.09544,48.77685]]}},{"type":"Feature","properties":{"segmentId":"osm_9774915","name":"94th Street Northeast"},"geometry":{"type":"LineString","coordinates":[[-99.5258,48.77623],[-99.55695,48.77635],[-99.6135,48.77641]]}},{"type":"Feature","properties":{"segmentId":"osm_9774919","name":"94th Street Northeast"},"geometry":{"type":"LineString","coordinates":[[-100.02818,48.77675],[-100.02875,48.77683],[-100.03056,48.77676],[-100.0342,48.77676],[-100.03856,48.77677],[-100.0394,48.77685],[-100.04088,48.77686],[-100.05153,48.77685]]}},{"type":"Feature","properties":{"segmentId":"osm_9774922","name":"94th Street Northeast"},"geometry":{"type":"LineString","coordinates":[[-100.00789,48.77671],[-99.99632,48.77675],[-99.99445,48.77661],[-99.99398,48.77661],[-99.99361,48.77673],[-99.99304,48.7767]]}},{"type":"Feature","properties":{"segmentId":"osm_9774925","name":"7th Avenue"},"geometry":{"type":"LineString","coordinates":[[-99.84177,48.6667],[-99.83987,48.66674]]}},{"type":"Feature","properties":{"segmentId":"osm_9774927","name":"7th Avenue"},"geometry":{"type":"LineString","coordinates":[[-99.84648,48.66696],[-99.84177,48.66701]]}},{"type":"Feature","properties":{"segmentId":"osm_9774930","name":"State Highway 30"},"geometry":{"type":"LineString","coordinates":[[-99.62279,48.71146],[-99.62203,48.71333],[-99.62098,48.71503],[-99.61573,48.72136],[-99.61468,48.72312],[-99.61395,48.72499]]}},{"type":"Feature","properties":{"segmentId":"osm_9774934","name":"State Highway 30"},"geometry":{"type":"LineString","coordinates":[[-99.65762,48.89292],[-99.65533,48.89113],[-99.64369,48.88241],[-99.64197,48.88099],[-99.62456,48.86483]]}},{"type":"Feature","properties":{"segmentId":"osm_9774936","name":"State Highway 30"},"geometry":{"type":"LineString","coordinates":[[-99.658,48.99872],[-99.65878,48.99923]]}},{"type":"Feature","properties":{"segmentId":"osm_9774969","name":"91st Street Northeast"},"geometry":{"type":"LineString","coordinates":[[-99.74415,48.73304],[-99.7409,48.73299],[-99.73997,48.73304],[-99.73653,48.73303],[-99.73594,48.73297],[-99.73508,48.73306],[-99.73388,48.73307],[-99.72575,48.73303],[-99.72189,48.73294],[-99.7162,48.73299],[-99.71566,48.73304],[-99.71252,48.73293],[-99.70115,48.73297],[-99.70066,48.7329],[-99.6979,48.73288],[-99.6946,48.733],[-99.69316,48.73292],[-99.69119,48.73297],[-99.68969,48.73286],[-99.68742,48.73298],[-99.68511,48.73294],[-99.68039,48.73302],[-99.67903,48.73296],[-99.66129,48.733],[-99.63802,48.73294],[-99.61349,48.73296]]}},{"type":"Feature","properties":{"segmentId":"osm_9774974","name":"2nd Street Southeast"},"geometry":{"type":"LineString","coordinates":[[-99.6112,48.85726],[-99.61391,48.85977]]}},{"type":"Feature","properties":{"segmentId":"osm_9774977","name":"35th Avenue Northeast"},"geometry":{"type":"LineString","coordinates":[[-99.94211,48.74772],[-99.94216,48.79506],[-99.94204,48.80361]]}},{"type":"Feature","properties":{"segmentId":"osm_9774978","name":"35th Avenue Northeast"},"geometry":{"type":"LineString","coordinates":[[-99.94198,48.90747],[-99.94197,48.91814],[-99.94232,48.95009]]}},{"type":"Feature","properties":{"segmentId":"osm_9774979","name":"35th Avenue Northeast"},"geometry":{"type":"LineString","coordinates":[[-99.94187,48.84922],[-99.94183,48.8564]]}},{"type":"Feature","properties":{"segmentId":"osm_9774983","name":"35th Avenue Northeast"},"geometry":{"type":"LineString","coordinates":[[-99.90636,48.67558],[-99.9063,48.67775],[-99.90636,48.6782],[-99.90648,48.67841],[-99.90817,48.68016],[-99.90833,48.68045],[-99.90824,48.68072],[-99.9076,48.68174],[-99.90733,48.68249],[-99.90702,48.68301],[-99.90642,48.68352],[-99.9063,48.68375],[-99.90642,48.69007]]}},{"type":"Feature","properties":{"segmentId":"osm_9774985","name":"35th Avenue Northeast"},"geometry":{"type":"LineString","coordinates":[[-99.91196,48.54498],[-99.91198,48.54806],[-99.91192,48.54818],[-99.91178,48.54828],[-99.9113,48.54841],[-99.91056,48.54893],[-99.91027,48.54906],[-99.90658,48.54909],[-99.9063,48.54917],[-99.90626,48.54926],[-99.9063,48.55236],[-99.90639,48.55264],[-99.90745,48.55392],[-99.9076,48.55506],[-99.90803,48.55606],[-99.90787,48.55648],[-99.90788,48.55724],[-99.90803,48.55747],[-99.90849,48.55759],[-99.90862,48.55826],[-99.90883,48.55851],[-99.90812,48.55949]]}},{"type":"Feature","properties":{"segmentId":"osm_9774987","name":"35th Avenue Northeast"},"geometry":{"type":"LineString","coordinates":[[-99.90631,48.55949],[-99.90634,48.56175],[-99.9065,48.56247],[-99.90634,48.56318],[-99.90633,48.57399]]}},{"type":"Feature","properties":{"segmentId":"osm_9774988","name":"Highland Street"},"geometry":{"type":"LineString","coordinates":[[-99.84329,48.6609],[-99.84331,48.66698]]}},{"type":"Feature","properties":{"segmentId":"osm_9774989","name":"4th Avenue Northeast"},"geometry":{"type":"LineString","coordinates":[[-99.61997,48.86191],[-99.61747,48.86309]]}},{"type":"Feature","properties":{"segmentId":"osm_9774991","name":"Church Street"},"geometry":{"type":"LineString","coordinates":[[-99.71457,48.94293],[-99.7136,48.94327],[-99.71094,48.9444]]}},{"type":"Feature","properties":{"segmentId":"osm_9774992","name":"5th Street Southeast"},"geometry":{"type":"LineString","coordinates":[[-99.61008,48.86156],[-99.60916,48.86071]]}},{"type":"Feature","properties":{"segmentId":"osm_9774993","name":"6th Avenue"},"geometry":{"type":"LineString","coordinates":[[-99.84492,48.66612],[-99.8433,48.66613]]}},{"type":"Feature","properties":{"segmentId":"osm_9774994","name":"6th Avenue"},"geometry":{"type":"LineString","coordinates":[[-99.84492,48.66599],[-99.84648,48.66598]]}},{"type":"Feature","properties":{"segmentId":"osm_9774996","name":"6th Avenue"},"geometry":{"type":"LineString","coordinates":[[-99.84177,48.666],[-99.8433,48.66595]]}},{"type":"Feature","properties":{"segmentId":"osm_9774997","name":"6th Avenue"},"geometry":{"type":"LineString","coordinates":[[-99.84021,48.666],[-99.84177,48.66593]]}},{"type":"Feature","properties":{"segmentId":"osm_9774999","name":"Peace Garden Avenue"},"geometry":{"type":"LineString","coordinates":[[-100.05803,48.81302],[-100.06569,48.81306]]}},{"type":"Feature","properties":{"segmentId":"osm_9775000","name":"Bia Road 10"},"geometry":{"type":"LineString","coordinates":[[-99.67908,48.83434],[-99.73349,48.83436]]}},{"type":"Feature","properties":{"segmentId":"osm_9775001","name":"Bia 10"},"geometry":{"type":"LineString","coordinates":[[-99.69997,48.83343],[-99.70034,48.83377],[-99.70039,48.83434]]}},{"type":"Feature","properties":{"segmentId":"osm_9775010","name":"45th Avenue Northeast"},"geometry":{"type":"LineString","coordinates":[[-99.68904,48.60287],[-99.68889,48.70429]]}},{"type":"Feature","properties":{"segmentId":"osm_9775011","name":"45th Avenue Northeast"},"geometry":{"type":"LineString","coordinates":[[-99.72299,48.95012],[-99.72299,48.96995],[-99.72288,48.97038],[-99.72267,48.97071],[-99.72258,48.97079],[-99.72174,48.971],[-99.72133,48.97141],[-99.72106,48.97181],[-99.72129,48.97369],[-99.72111,48.97492],[-99.72097,48.97531],[-99.72045,48.97606],[-99.72027,48.97723],[-99.71982,48.97794],[-99.71967,48.97911]]}},{"type":"Feature","properties":{"segmentId":"osm_9775012","name":"45th Avenue Northeast"},"geometry":{"type":"LineString","coordinates":[[-99.68899,48.56664],[-99.68909,48.57391]]}},{"type":"Feature","properties":{"segmentId":"osm_9775013","name":"45th Avenue Northeast"},"geometry":{"type":"LineString","coordinates":[[-99.72306,48.91733],[-99.72304,48.94125],[-99.72302,48.9416],[-99.72288,48.94194],[-99.72236,48.9425]]}},{"type":"Feature","properties":{"segmentId":"osm_9775016","name":"45th Avenue Northeast"},"geometry":{"type":"LineString","coordinates":[[-99.7231,48.71852],[-99.72297,48.7207],[-99.72313,48.72566],[-99.72303,48.72866],[-99.72308,48.73306],[-99.72302,48.73333],[-99.72295,48.74122],[-99.72307,48.74368],[-99.72305,48.7475]]}},{"type":"Feature","properties":{"segmentId":"osm_9775017","name":"10th Street Southwest"},"geometry":{"type":"LineString","coordinates":[[-99.62713,48.85332],[-99.62568,48.85199]]}},{"type":"Feature","properties":{"segmentId":"osm_9775025","name":"88th Street Northeast"},"geometry":{"type":"LineString","coordinates":[[-100.01525,48.6902],[-99.98166,48.69015],[-99.97192,48.69007],[-99.95149,48.69011],[-99.91914,48.68998],[-99.89664,48.69009],[-99.88598,48.68996]]}},{"type":"Feature","properties":{"segmentId":"osm_9775033","name":"88th Street Northeast"},"geometry":{"type":"LineString","coordinates":[[-99.71077,48.68982],[-99.71378,48.68979],[-99.7195,48.68985],[-99.72025,48.68995],[-99.72075,48.68985],[-99.72391,48.68994],[-99.72671,48.68988],[-99.74389,48.6898],[-99.74516,48.68986],[-99.75838,48.68991],[-99.75911,48.68998],[-99.7597,48.68987],[-99.76746,48.68985],[-99.76795,48.68993],[-99.76857,48.69024],[-99.7689,48.69033],[-99.76973,48.69018],[-99.77061,48.68986],[-99.77169,48.68979],[-99.78179,48.68983],[-99.78281,48.68989],[-99.78422,48.68989],[-99.78468,48.68982],[-99.7852,48.68982],[-99.79085,48.68992],[-99.79397,48.68976],[-99.79772,48.68976],[-99.79812,48.68983]]}},{"type":"Feature","properties":{"segmentId":"osm_9775034","name":"88th Street Northeast"},"geometry":{"type":"LineString","coordinates":[[-99.87104,48.68995],[-99.86777,48.6899],[-99.86714,48.68983],[-99.86625,48.6899],[-99.86423,48.68993],[-99.86354,48.68988],[-99.85278,48.68988]]}},{"type":"Feature","properties":{"segmentId":"osm_9775035","name":"88th Street Northeast"},"geometry":{"type":"LineString","coordinates":[[-100.12475,48.69033],[-100.10387,48.69043],[-100.08787,48.69026],[-100.0809,48.69026]]}},{"type":"Feature","properties":{"segmentId":"osm_9775036","name":"88th Street Northeast"},"geometry":{"type":"LineString","coordinates":[[-99.62331,48.68978],[-99.64519,48.68994]]}},{"type":"Feature","properties":{"segmentId":"osm_9775041","name":"88th Street Northeast"},"geometry":{"type":"LineString","coordinates":[[-99.64519,48.68897],[-99.64544,48.68876],[-99.64585,48.68863],[-99.64826,48.68865],[-99.64873,48.68858],[-99.6561,48.68855]]}},{"type":"Feature","properties":{"segmentId":"osm_9775065","name":"3rd Avenue"},"geometry":{"type":"LineString","coordinates":[[-99.83828,48.66295],[-99.84802,48.66295]]}},{"type":"Feature","properties":{"segmentId":"osm_9775066","name":"3rd Avenue"},"geometry":{"type":"LineString","coordinates":[[-99.61562,48.63744],[-99.61877,48.63744]]}},{"type":"Feature","properties":{"segmentId":"osm_9775067","name":"3rd Avenue"},"geometry":{"type":"LineString","coordinates":[[-99.61247,48.85664],[-99.6112,48.85726]]}},{"type":"Feature","properties":{"segmentId":"osm_9775070","name":"Bia 12"},"geometry":{"type":"LineString","coordinates":[[-99.681,48.81988],[-99.76398,48.81994]]}},{"type":"Feature","properties":{"segmentId":"osm_9775074","name":"5th Avenue"},"geometry":{"type":"LineString","coordinates":[[-99.83946,48.66498],[-99.84802,48.66497]]}},{"type":"Feature","properties":{"segmentId":"osm_9775075","name":"Business Drive"},"geometry":{"type":"LineString","coordinates":[[-99.86365,48.66093],[-99.85132,48.66091],[-99.85084,48.66101],[-99.85062,48.66119]]}},{"type":"Feature","properties":{"segmentId":"osm_9775077","name":"Bureau of Indian Affairs Road 13"},"geometry":{"type":"LineString","coordinates":[[-99.88927,48.87647],[-99.89007,48.87669],[-99.89503,48.87777],[-99.89715,48.87796],[-99.89758,48.87821],[-99.89779,48.87856],[-99.89773,48.88948],[-99.89767,48.88987],[-99.89747,48.89013],[-99.89727,48.89026],[-99.89622,48.8907],[-99.89406,48.89243]]}},{"type":"Feature","properties":{"segmentId":"osm_9775081","name":"83rd Street Northeast"},"geometry":{"type":"LineString","coordinates":[[-99.60238,48.61733],[-99.63108,48.6174],[-99.6318,48.61744],[-99.6319,48.61739],[-99.63214,48.61692],[-99.63229,48.61686]]}},{"type":"Feature","properties":{"segmentId":"osm_9775083","name":"83rd Street Northeast"},"geometry":{"type":"LineString","coordinates":[[-99.6846,48.61738],[-99.66711,48.61732]]}},{"type":"Feature","properties":{"segmentId":"osm_9775084","name":"83rd Street Northeast"},"geometry":{"type":"LineString","coordinates":[[-99.81089,48.61739],[-99.92828,48.61744]]}},{"type":"Feature","properties":{"segmentId":"osm_9775087","name":"83rd Street Northeast"},"geometry":{"type":"LineString","coordinates":[[-100.14572,48.61771],[-100.1192,48.6178],[-100.11069,48.61772],[-100.08095,48.61777],[-100.03717,48.61763],[-100.01536,48.61769],[-99.9914,48.61767],[-99.98915,48.61762],[-99.97204,48.61764]]}},{"type":"Feature","properties":{"segmentId":"osm_9775088","name":"83rd Street Northeast"},"geometry":{"type":"LineString","coordinates":[[-99.75425,48.61742],[-99.77619,48.61734],[-99.79803,48.61734]]}},{"type":"Feature","properties":{"segmentId":"osm_9775090","name":"83rd Street Northeast"},"geometry":{"type":"LineString","coordinates":[[-99.95014,48.61754],[-99.96118,48.61755]]}},{"type":"Feature","properties":{"segmentId":"osm_9775091","name":"NE49th Avenue"},"geometry":{"type":"LineString","coordinates":[[-99.63551,48.80534],[-99.63553,48.80553],[-99.63576,48.80589],[-99.6358,48.80673],[-99.63566,48.80778],[-99.63564,48.80973],[-99.63572,48.80993],[-99.63609,48.81035],[-99.63642,48.81104],[-99.63623,48.81139],[-99.63568,48.81195],[-99.6356,48.81213],[-99.63555,48.81743],[-99.63545,48.81972]]}},{"type":"Feature","properties":{"segmentId":"osm_9775096","name":"84th Street Northeast"},"geometry":{"type":"LineString","coordinates":[[-99.95008,48.63206],[-99.97275,48.63209],[-99.98036,48.63217],[-99.9873,48.63214],[-99.99394,48.63219],[-100.01533,48.63217],[-100.04385,48.63223],[-100.09132,48.63226],[-100.0959,48.63216],[-100.0993,48.63222],[-100.11217,48.63224],[-100.1457,48.63219]]}},{"type":"Feature","properties":{"segmentId":"osm_9775108","name":"84th Street Northeast"},"geometry":{"type":"LineString","coordinates":[[-99.6188,48.63187],[-99.68898,48.63189]]}},{"type":"Feature","properties":{"segmentId":"osm_9775112","name":"84th Street Northeast"},"geometry":{"type":"LineString","coordinates":[[-99.90649,48.62902],[-99.90865,48.62979],[-99.91024,48.6306],[-99.91238,48.63181],[-99.91294,48.63195],[-99.91608,48.63203],[-99.92835,48.63198]]}},{"type":"Feature","properties":{"segmentId":"osm_9775115","name":"State Highway 66"},"geometry":{"type":"LineString","coordinates":[[-99.60232,48.63256],[-99.59968,48.63205],[-99.59753,48.63185],[-99.51411,48.6318],[-99.44864,48.63167]]}},{"type":"Feature","properties":{"segmentId":"osm_9775119","name":"1st Avenue"},"geometry":{"type":"LineString","coordinates":[[-99.83517,48.66089],[-99.84864,48.6609]]}},{"type":"Feature","properties":{"segmentId":"osm_9775122","name":"Cucumber Street"},"geometry":{"type":"LineString","coordinates":[[-99.84802,48.66295],[-99.84802,48.66395]]}},{"type":"Feature","properties":{"segmentId":"osm_9775124","name":"3rd Street Northeast"},"geometry":{"type":"LineString","coordinates":[[-99.61263,48.86037],[-99.6155,48.86308],[-99.61552,48.86436]]}},{"type":"Feature","properties":{"segmentId":"osm_9775127","name":"Road A"},"geometry":{"type":"LineString","coordinates":[[-99.73999,48.83437],[-99.73994,48.83475],[-99.7397,48.835],[-99.73917,48.83511],[-99.73803,48.83511],[-99.73761,48.83523],[-99.73733,48.83501],[-99.73728,48.83489],[-99.73725,48.83436]]}},{"type":"Feature","properties":{"segmentId":"osm_9775128","name":"2nd Street East"},"geometry":{"type":"LineString","coordinates":[[-100.05803,48.81004],[-100.05805,48.81507]]}},{"type":"Feature","properties":{"segmentId":"osm_9775129","name":"2nd Avenue North"},"geometry":{"type":"LineString","coordinates":[[-100.05957,48.81506],[-100.06416,48.81508]]}},{"type":"Feature","properties":{"segmentId":"osm_9775134","name":"State Highway 66"},"geometry":{"type":"LineString","coordinates":[[-99.85252,48.662],[-99.85292,48.66226],[-99.85352,48.66282],[-99.85393,48.66335],[-99.85416,48.6638],[-99.85598,48.67014],[-99.85631,48.67108],[-99.85656,48.67155],[-99.85761,48.67278],[-99.85885,48.67373],[-99.86012,48.67439],[-99.86137,48.67484]]}},{"type":"Feature","properties":{"segmentId":"osm_9775139","name":"State Highway 66"},"geometry":{"type":"LineString","coordinates":[[-99.60232,48.63256],[-99.60439,48.63321],[-99.60545,48.63363],[-99.60658,48.63417],[-99.61903,48.6412],[-99.62032,48.64202],[-99.62102,48.64256],[-99.62187,48.64341],[-99.62243,48.64416]]}},{"type":"Feature","properties":{"segmentId":"osm_9775141","name":"Munro Drive"},"geometry":{"type":"LineString","coordinates":[[-99.62784,48.85326],[-99.63018,48.85542],[-99.63057,48.85561],[-99.63097,48.85568],[-99.63362,48.85564]]}},{"type":"Feature","properties":{"segmentId":"osm_9775142","name":"Munro Drive"},"geometry":{"type":"LineString","coordinates":[[-99.629,48.85434],[-99.63265,48.85261]]}},{"type":"Feature","properties":{"segmentId":"osm_9775148","name":"4th Street Northeast"},"geometry":{"type":"LineString","coordinates":[[-99.6136,48.88216],[-99.61364,48.92225],[-99.61391,48.97136],[-99.61382,48.97906]]}},{"type":"Feature","properties":{"segmentId":"osm_9775155","name":"54th Avenue Northeast"},"geometry":{"type":"LineString","coordinates":[[-99.52576,48.86301],[-99.52568,48.9154],[-99.52575,48.92063],[-99.52572,48.92079],[-99.52562,48.92086],[-99.52538,48.92089]]}},{"type":"Feature","properties":{"segmentId":"osm_9775165","name":"Front Street Northeast"},"geometry":{"type":"LineString","coordinates":[[-99.61649,48.85857],[-99.61829,48.86029]]}},{"type":"Feature","properties":{"segmentId":"osm_9775177","name":"102nd Street Northeast"},"geometry":{"type":"LineString","coordinates":[[-99.52574,48.8894],[-99.53105,48.88974],[-99.53224,48.88977],[-99.53254,48.88983],[-99.53291,48.89003],[-99.53321,48.8901],[-99.53565,48.89038],[-99.53598,48.89058],[-99.53709,48.89177],[-99.53738,48.8919],[-99.53767,48.89192],[-99.56331,48.89198],[-99.58387,48.8921],[-99.58884,48.89205],[-99.59806,48.89212],[-99.62249,48.89214],[-99.65504,48.89226]]}},{"type":"Feature","properties":{"segmentId":"osm_9775179","name":"102nd Street Northeast"},"geometry":{"type":"LineString","coordinates":[[-100.05067,48.89238],[-100.03239,48.89232],[-100.0301,48.89233],[-100.02966,48.89241]]}},{"type":"Feature","properties":{"segmentId":"osm_9775180","name":"102nd Street Northeast"},"geometry":{"type":"LineString","coordinates":[[-99.84075,48.89223],[-99.84415,48.89163],[-99.84551,48.89154],[-99.84606,48.8916],[-99.84824,48.89218],[-99.84877,48.89226],[-99.85012,48.89232],[-99.85846,48.89235],[-99.85968,48.89247],[-99.86454,48.89323],[-99.86495,48.89323]]}},{"type":"Feature","properties":{"segmentId":"osm_9775182","name":"102nd Street Northeast"},"geometry":{"type":"LineString","coordinates":[[-99.78902,48.89212],[-99.83142,48.89225]]}},{"type":"Feature","properties":{"segmentId":"osm_9775191","name":"102nd Street Northeast"},"geometry":{"type":"LineString","coordinates":[[-99.74463,48.89208],[-99.68037,48.89229],[-99.65955,48.89226]]}},{"type":"Feature","properties":{"segmentId":"osm_9775192","name":"Bureau of Indian Affairs Road 1"},"geometry":{"type":"LineString","coordinates":[[-99.65829,48.89253],[-99.65732,48.89176],[-99.65707,48.89122],[-99.65713,48.84881]]}},{"type":"Feature","properties":{"segmentId":"osm_9775193","name":"Towner Street"},"geometry":{"type":"LineString","coordinates":[[-99.61565,48.63446],[-99.61562,48.63744]]}},{"type":"Feature","properties":{"segmentId":"osm_9775194","name":"Bureau of Indian Affairs Road 10"},"geometry":{"type":"LineString","coordinates":[[-99.75772,48.83438],[-99.75573,48.83438]]}},{"type":"Feature","properties":{"segmentId":"osm_9775196","name":"Bureau of Indian Affairs Road 10"},"geometry":{"type":"LineString","coordinates":[[-99.76672,48.84237],[-99.7667,48.84882]]}},{"type":"Feature","properties":{"segmentId":"osm_9775199","name":"Bureau of Indian Affairs Road 10"},"geometry":{"type":"LineString","coordinates":[[-99.898,48.83463],[-99.92001,48.83463],[-99.93801,48.83472],[-99.93899,48.83481],[-99.93961,48.83496],[-99.94046,48.83531],[-99.94115,48.83578],[-99.94166,48.83642],[-99.94191,48.83707],[-99.94187,48.84922]]}},{"type":"Feature","properties":{"segmentId":"osm_9775205","name":"Bureau of Indian Affairs Road 10"},"geometry":{"type":"LineString","coordinates":[[-99.65714,48.83434],[-99.67908,48.83434]]}},{"type":"Feature","properties":{"segmentId":"osm_9775206","name":"1st Street Northeast"},"geometry":{"type":"LineString","coordinates":[[-99.61519,48.85917],[-99.61956,48.86327]]}},{"type":"Feature","properties":{"segmentId":"osm_9775207"},"geometry":{"type":"LineString","coordinates":[[-99.62098,48.86656],[-99.62077,48.86549],[-99.62069,48.86535],[-99.62039,48.86514],[-99.62047,48.86436]]}},{"type":"Feature","properties":{"segmentId":"osm_9775210","name":"109th Street Northeast"},"geometry":{"type":"LineString","coordinates":[[-100.0087,48.99362],[-99.98669,48.99357]]}},{"type":"Feature","properties":{"segmentId":"osm_9775214","name":"Bureau of Indian Affairs Road 11"},"geometry":{"type":"LineString","coordinates":[[-99.85427,48.80558],[-99.85399,48.87486],[-99.85399,48.87816],[-99.85408,48.87907],[-99.85426,48.87944]]}},{"type":"Feature","properties":{"segmentId":"osm_9775217","name":"Bureau of Indian Affairs Road 11"},"geometry":{"type":"LineString","coordinates":[[-99.86499,48.8779],[-99.86496,48.88808],[-99.86474,48.88859],[-99.86401,48.8894],[-99.86383,48.88987],[-99.86409,48.89069],[-99.86456,48.89118],[-99.86483,48.89158],[-99.86495,48.89219],[-99.86508,48.90675]]}},{"type":"Feature","properties":{"segmentId":"osm_9775220","name":"3rd Avenue North"},"geometry":{"type":"LineString","coordinates":[[-100.06111,48.81606],[-100.06415,48.81607]]}},{"type":"Feature","properties":{"segmentId":"osm_9775223","name":"2nd Avenue Northeast"},"geometry":{"type":"LineString","coordinates":[[-99.61829,48.86029],[-99.61315,48.86268]]}},{"type":"Feature","properties":{"segmentId":"osm_9775226","name":"2nd Avenue South"},"geometry":{"type":"LineString","coordinates":[[-100.06712,48.81104],[-100.05803,48.81103]]}},{"type":"Feature","properties":{"segmentId":"osm_9775231","name":"Bureau of Indian Affairs Road 12"},"geometry":{"type":"LineString","coordinates":[[-99.67909,48.81986],[-99.681,48.81988]]}},{"type":"Feature","properties":{"segmentId":"osm_9775235","name":"3rd Street West"},"geometry":{"type":"LineString","coordinates":[[-100.06566,48.81005],[-100.06569,48.81306],[-100.06566,48.81402],[-100.0656,48.81408]]}},{"type":"Feature","properties":{"segmentId":"osm_9775237","name":"2nd Street West"},"geometry":{"type":"LineString","coordinates":[[-100.06413,48.80896],[-100.06413,48.81705]]}},{"type":"Feature","properties":{"segmentId":"osm_9775248","name":"85th Street Northeast"},"geometry":{"type":"LineString","coordinates":[[-99.6777,48.6533],[-99.67772,48.64894],[-99.67766,48.64863],[-99.67723,48.64846],[-99.67412,48.64767],[-99.67386,48.64767],[-99.6733,48.6478],[-99.67295,48.64778],[-99.67258,48.64763],[-99.67223,48.64724],[-99.67062,48.64681],[-99.67014,48.64646],[-99.66978,48.6464],[-99.66817,48.64634],[-99.66611,48.64638],[-99.62524,48.64641],[-99.62332,48.64636]]}},{"type":"Feature","properties":{"segmentId":"osm_9775250","name":"85th Street Northeast"},"geometry":{"type":"LineString","coordinates":[[-99.67013,48.64646],[-99.67072,48.64633],[-99.67803,48.64642],[-99.68895,48.64636]]}},{"type":"Feature","properties":{"segmentId":"osm_9775254","name":"85th Street Northeast"},"geometry":{"type":"LineString","coordinates":[[-100.14566,48.6467],[-100.10656,48.6468],[-100.07138,48.64671],[-100.07066,48.64675],[-100.07025,48.64688],[-100.06934,48.64737],[-100.06883,48.64752],[-100.06823,48.64761],[-100.05921,48.64764]]}},{"type":"Feature","properties":{"segmentId":"osm_9775265","name":"85th Street Northeast"},"geometry":{"type":"LineString","coordinates":[[-99.90651,48.64654],[-99.92715,48.64652],[-99.9282,48.64651],[-99.92869,48.64645],[-99.93247,48.64645],[-99.97216,48.64659],[-99.98794,48.64671],[-100.00406,48.6467],[-100.02224,48.64677],[-100.02868,48.6467],[-100.0372,48.64672]]}},{"type":"Feature","properties":{"segmentId":"osm_9775268","name":"85th Street Northeast"},"geometry":{"type":"LineString","coordinates":[[-99.74674,48.64616],[-99.74741,48.64634],[-99.75386,48.64635],[-99.75414,48.6464]]}},{"type":"Feature","properties":{"segmentId":"osm_9775273","name":"Main Avenue West"},"geometry":{"type":"LineString","coordinates":[[-99.63015,48.85218],[-99.6232,48.85543]]}},{"type":"Feature","properties":{"segmentId":"osm_9775282","name":"Bureau of Indian Affairs Road 13"},"geometry":{"type":"LineString","coordinates":[[-99.89824,48.71866],[-99.89824,48.72648],[-99.89831,48.72787],[-99.89822,48.72902],[-99.89832,48.73067],[-99.89851,48.73103],[-99.89831,48.73162],[-99.89825,48.73301],[-99.89831,48.73988],[-99.89828,48.74604],[-99.89818,48.74906],[-99.89829,48.7505],[-99.8982,48.75402],[-99.89823,48.76181],[-99.89815,48.76774],[-99.89826,48.7695],[-99.89822,48.77665]]}},{"type":"Feature","properties":{"segmentId":"osm_9775286","name":"Bureau of Indian Affairs Road 13"},"geometry":{"type":"LineString","coordinates":[[-99.89816,48.8057],[-99.8981,48.81792],[-99.89844,48.81904],[-99.89909,48.82005],[-99.89933,48.82077],[-99.89938,48.82129],[-99.89916,48.82231],[-99.89825,48.8239],[-99.89803,48.825],[-99.89784,48.86977],[-99.89758,48.87056],[-99.89728,48.87107],[-99.89643,48.87194],[-99.89569,48.87246],[-99.88927,48.87647]]}},{"type":"Feature","properties":{"segmentId":"osm_9775292","name":"Bison Drive"},"geometry":{"type":"LineString","coordinates":[[-99.56962,48.87761],[-99.59463,48.8777],[-99.59847,48.87764],[-99.59986,48.87772],[-99.60468,48.8777],[-99.6136,48.87777]]}},{"type":"Feature","properties":{"segmentId":"osm_9775294","name":"Ohmer Avenue"},"geometry":{"type":"LineString","coordinates":[[-100.06113,48.81805],[-100.06112,48.82028]]}},{"type":"Feature","properties":{"segmentId":"osm_9775295","name":"Bureau of Indian Affairs Road 15"},"geometry":{"type":"LineString","coordinates":[[-99.94183,48.8564],[-99.94184,48.86339]]}},{"type":"Feature","properties":{"segmentId":"osm_9775299","name":"31st Avenue Northeast"},"geometry":{"type":"LineString","coordinates":[[-100.02983,48.84923],[-100.02945,48.8693],[-100.0296,48.8779]]}},{"type":"Feature","properties":{"segmentId":"osm_9775304","name":"31st Avenue Northeast"},"geometry":{"type":"LineString","coordinates":[[-100.02966,48.89241],[-100.02958,48.89266],[-100.02974,48.90201],[-100.02931,48.90316],[-100.02825,48.90435],[-100.02796,48.90513],[-100.02804,48.9055],[-100.02855,48.90627],[-100.02948,48.907],[-100.02976,48.90743],[-100.02992,48.92038]]}},{"type":"Feature","properties":{"segmentId":"osm_9775306","name":"31st Avenue Northeast"},"geometry":{"type":"LineString","coordinates":[[-100.02987,48.82025],[-100.02984,48.82758]]}},{"type":"Feature","properties":{"segmentId":"osm_9775309","name":"31st Avenue Northeast"},"geometry":{"type":"LineString","coordinates":[[-100.02955,48.92041],[-100.02932,48.92067],[-100.0292,48.92123],[-100.02926,48.92172],[-100.02986,48.92254],[-100.02984,48.92609],[-100.02972,48.92742],[-100.02972,48.9318]]}},{"type":"Feature","properties":{"segmentId":"osm_9775318","name":"31st Avenue Northeast"},"geometry":{"type":"LineString","coordinates":[[-99.97723,48.5596],[-99.97722,48.5573],[-99.97731,48.55704],[-99.9786,48.55716],[-99.9789,48.55712],[-99.98067,48.55596],[-99.98081,48.55582],[-99.98099,48.55517],[-99.98264,48.55512],[-99.98327,48.55476],[-99.98351,48.55473],[-99.986,48.5547],[-99.98612,48.55477],[-99.98615,48.55587],[-99.98625,48.55594],[-99.9883,48.55597],[-99.98846,48.55591],[-99.98857,48.55569],[-99.98845,48.55454],[-99.98822,48.55423],[-99.98804,48.55286],[-99.98814,48.55265],[-99.9881,48.55246],[-99.98823,48.5524],[-99.98898,48.55236],[-99.99254,48.5524],[-99.99352,48.55233],[-99.9937,48.55242],[-99.99372,48.55258],[-99.99357,48.56168],[-99.99368,48.56583],[-99.99364,48.56745]]}},{"type":"Feature","properties":{"segmentId":"osm_9775322","name":"31st Avenue Northeast"},"geometry":{"type":"LineString","coordinates":[[-100.03031,48.96471],[-100.03047,48.97919]]}},{"type":"Feature","properties":{"segmentId":"osm_9775330","name":"31st Avenue Northeast"},"geometry":{"type":"LineString","coordinates":[[-100.02967,48.7333],[-100.02971,48.75586],[-100.02968,48.76113],[-100.0296,48.76253],[-100.02967,48.76273],[-100.02967,48.7658]]}},{"type":"Feature","properties":{"segmentId":"osm_9775337","name":"31st Avenue Northeast"},"geometry":{"type":"LineString","coordinates":[[-100.02981,48.79124],[-100.02995,48.79008],[-100.02995,48.78884],[-100.02978,48.78779],[-100.0297,48.77993],[-100.02946,48.77678]]}},{"type":"Feature","properties":{"segmentId":"osm_9775338","name":"3rd Avenue South"},"geometry":{"type":"LineString","coordinates":[[-100.05803,48.81004],[-100.0676,48.81004]]}},{"type":"Feature","properties":{"segmentId":"osm_9775342","name":"105th Street Northeast"},"geometry":{"type":"LineString","coordinates":[[-99.89808,48.93272],[-99.89787,48.93296],[-99.89738,48.93332],[-99.89369,48.93488],[-99.89151,48.9354],[-99.88967,48.93564],[-99.8869,48.93569],[-99.87912,48.93558],[-99.86652,48.93554],[-99.8539,48.9356],[-99.85229,48.93571],[-99.84964,48.93647],[-99.84775,48.93676],[-99.84672,48.93669],[-99.84615,48.93651],[-99.84523,48.93605],[-99.84384,48.93572],[-99.84324,48.93566],[-99.83613,48.93571],[-99.80883,48.93568],[-99.80272,48.93572],[-99.80198,48.9356],[-99.80085,48.9351],[-99.80014,48.93493],[-99.79985,48.93493],[-99.79931,48.93505],[-99.79769,48.93557],[-99.7965,48.93564],[-99.78058,48.93546],[-99.77682,48.93536],[-99.77222,48.93549],[-99.76368,48.93555],[-99.75011,48.93554],[-99.73284,48.93566],[-99.72302,48.93563]]}},{"type":"Feature","properties":{"segmentId":"osm_9775343","name":"Cedulie Street"},"geometry":{"type":"LineString","coordinates":[[-99.70888,48.9423],[-99.71004,48.94181]]}},{"type":"Feature","properties":{"segmentId":"osm_9775345","name":"Cedulie Street"},"geometry":{"type":"LineString","coordinates":[[-99.70618,48.94347],[-99.70526,48.94386],[-99.70521,48.94398],[-99.70598,48.94477],[-99.70621,48.94527]]}},{"type":"Feature","properties":{"segmentId":"osm_9775347","name":"39th Avenue Northeast"},"geometry":{"type":"LineString","coordinates":[[-99.81995,48.63795],[-99.8197,48.64007]]}},{"type":"Feature","properties":{"segmentId":"osm_9775349","name":"39th Avenue Northeast"},"geometry":{"type":"LineString","coordinates":[[-99.81984,48.64637],[-99.81989,48.70436]]}},{"type":"Feature","properties":{"segmentId":"osm_9775356","name":"39th Avenue Northeast"},"geometry":{"type":"LineString","coordinates":[[-99.81987,48.62824],[-99.81994,48.62485],[-99.81983,48.61939],[-99.81989,48.61446],[-99.81982,48.61173],[-99.81986,48.61154],[-99.82004,48.61132],[-99.81999,48.61032],[-99.81984,48.61009],[-99.82,48.6098],[-99.82009,48.60566],[-99.81983,48.60523],[-99.81981,48.60498],[-99.81983,48.59516]]}},{"type":"Feature","properties":{"segmentId":"osm_9775364","name":"39th Avenue Northeast"},"geometry":{"type":"LineString","coordinates":[[-99.8541,48.73111],[-99.85444,48.73276],[-99.85448,48.73465],[-99.85427,48.80558]]}},{"type":"Feature","properties":{"segmentId":"osm_9775369","name":"39th Avenue Northeast"},"geometry":{"type":"LineString","coordinates":[[-99.81976,48.5739],[-99.81975,48.57796],[-99.81995,48.58531],[-99.81993,48.58843]]}},{"type":"Feature","properties":{"segmentId":"osm_9775371","name":"39th Avenue Northeast"},"geometry":{"type":"LineString","coordinates":[[-99.8555,48.90675],[-99.85473,48.90705],[-99.85433,48.90741],[-99.85416,48.90773],[-99.85419,48.91264],[-99.85405,48.91313],[-99.85365,48.91354]]}},{"type":"Feature","properties":{"segmentId":"osm_9775374","name":"Bia 3"},"geometry":{"type":"LineString","coordinates":[[-99.67909,48.82122],[-99.67908,48.83434]]}},{"type":"Feature","properties":{"segmentId":"osm_9775379","name":"8th Avenue Northeast"},"geometry":{"type":"LineString","coordinates":[[-99.61042,48.86676],[-99.6088,48.86677]]}},{"type":"Feature","properties":{"segmentId":"osm_9775381","name":"Saint Louis Street"},"geometry":{"type":"LineString","coordinates":[[-99.71197,48.94547],[-99.70927,48.94663]]}},{"type":"Feature","properties":{"segmentId":"osm_9775383","name":"Bia 5"},"geometry":{"type":"LineString","coordinates":[[-99.72295,48.83436],[-99.72283,48.86331]]}},{"type":"Feature","properties":{"segmentId":"osm_9775385","name":"Green Acres"},"geometry":{"type":"LineString","coordinates":[[-99.69997,48.83343],[-99.69936,48.83371],[-99.69806,48.83372],[-99.6977,48.83366],[-99.69733,48.83349]]}},{"type":"Feature","properties":{"segmentId":"osm_9775386","name":"Green Acres"},"geometry":{"type":"LineString","coordinates":[[-99.69733,48.83349],[-99.69743,48.83338],[-99.69752,48.83294]]}},{"type":"Feature","properties":{"segmentId":"osm_9775387","name":"Green Acres"},"geometry":{"type":"LineString","coordinates":[[-99.69752,48.83294],[-99.69957,48.83293]]}},{"type":"Feature","properties":{"segmentId":"osm_9775388","name":"Green Acres"},"geometry":{"type":"LineString","coordinates":[[-99.69957,48.83293],[-99.69965,48.83317],[-99.69997,48.83343]]}},{"type":"Feature","properties":{"segmentId":"osm_9775390","name":"Old US Highway 281"},"geometry":{"type":"LineString","coordinates":[[-100.05117,48.89238],[-100.05117,48.89418],[-100.05108,48.89499],[-100.05004,48.9004],[-100.05,48.90137],[-100.05028,48.90223],[-100.05126,48.90376],[-100.0515,48.90427],[-100.05163,48.90518],[-100.05162,48.90694],[-100.05177,48.90759],[-100.05333,48.90968],[-100.05349,48.91027],[-100.05336,48.9107],[-100.05319,48.91096],[-100.05299,48.91117],[-100.0512,48.91247],[-100.05089,48.91287],[-100.05072,48.91332],[-100.0507,48.91376],[-100.05098,48.91507],[-100.05101,48.91724],[-100.05163,48.9213]]}},{"type":"Feature","properties":{"segmentId":"osm_9775391","name":"State Highway 3"},"geometry":{"type":"LineString","coordinates":[[-100.0511,48.72338],[-100.05156,48.72487],[-100.05161,48.72611],[-100.05152,48.8058]]}},{"type":"Feature","properties":{"segmentId":"osm_9775394","name":"30th Avenue Northeast"},"geometry":{"type":"LineString","coordinates":[[-100.01529,48.67569],[-100.01521,48.71046]]}},{"type":"Feature","properties":{"segmentId":"osm_9775433","name":"United States Highway 281"},"geometry":{"type":"LineString","coordinates":[[-100.05149,48.84912],[-100.05145,48.8623],[-100.05153,48.86435],[-100.05156,48.87929],[-100.05166,48.88127],[-100.05227,48.88574],[-100.05223,48.8871],[-100.05207,48.88823],[-100.05172,48.88958],[-100.04598,48.90489],[-100.04574,48.90589],[-100.04562,48.90717],[-100.04582,48.9088],[-100.0481,48.91695],[-100.04827,48.91888],[-100.04849,48.92746],[-100.04862,48.92853],[-100.04885,48.92952],[-100.05157,48.93826],[-100.05188,48.93986],[-100.05204,48.97329],[-100.05235,48.99463]]}},{"type":"Feature","properties":{"segmentId":"osm_9775441","name":"52nd Avenue Northeast"},"geometry":{"type":"LineString","coordinates":[[-99.56963,48.76188],[-99.56963,48.77636]]}},{"type":"Feature","properties":{"segmentId":"osm_9775446","name":"52nd Avenue Northeast"},"geometry":{"type":"LineString","coordinates":[[-99.5696,48.84866],[-99.56961,48.89651],[-99.56985,48.97252],[-99.56981,48.98806],[-99.56977,48.98837],[-99.56937,48.98935],[-99.56946,48.98973],[-99.56977,48.99013],[-99.56987,48.99337]]}},{"type":"Feature","properties":{"segmentId":"osm_9775458","name":"52nd Avenue Northeast"},"geometry":{"type":"LineString","coordinates":[[-99.53678,48.5449],[-99.53685,48.63419],[-99.53683,48.65092],[-99.5367,48.65155],[-99.5367,48.653],[-99.53683,48.65357]]}},{"type":"Feature","properties":{"segmentId":"osm_9775464","name":"32nd Avenue Northeast"},"geometry":{"type":"LineString","coordinates":[[-99.9717,48.54627],[-99.97166,48.56056],[-99.97151,48.56114],[-99.97081,48.56208],[-99.97066,48.56253],[-99.97067,48.5631],[-99.97082,48.56385],[-99.97094,48.56408],[-99.97161,48.56468],[-99.97176,48.56518],[-99.97177,48.57408]]}},{"type":"Feature","properties":{"segmentId":"osm_9775466","name":"32nd Avenue Northeast"},"geometry":{"type":"LineString","coordinates":[[-99.97191,48.59581],[-99.9719,48.60216],[-99.97198,48.60314]]}},{"type":"Feature","properties":{"segmentId":"osm_9775471","name":"32nd Avenue Northeast"},"geometry":{"type":"LineString","coordinates":[[-99.97213,48.61186],[-99.97204,48.61764],[-99.97213,48.62508],[-99.97213,48.63729],[-99.97206,48.64052],[-99.97223,48.65465],[-99.97213,48.65717],[-99.97221,48.66115]]}},{"type":"Feature","properties":{"segmentId":"osm_9775478","name":"32nd Avenue Northeast"},"geometry":{"type":"LineString","coordinates":[[-99.97198,48.6769],[-99.97195,48.70258],[-99.972,48.70337],[-99.9728,48.70517],[-99.97285,48.70566],[-99.97262,48.70615],[-99.97207,48.70687],[-99.97191,48.70727],[-99.97185,48.71873]]}},{"type":"Feature","properties":{"segmentId":"osm_9775480","name":"32nd Avenue Northeast"},"geometry":{"type":"LineString","coordinates":[[-100.00819,48.95028],[-100.00826,48.96242],[-100.00857,48.97915]]}},{"type":"Feature","properties":{"segmentId":"osm_9775485","name":"32nd Avenue Northeast"},"geometry":{"type":"LineString","coordinates":[[-100.00783,48.73327],[-100.00789,48.75631],[-100.0078,48.76561],[-100.0079,48.76904],[-100.00787,48.77417],[-100.00798,48.78477],[-100.00786,48.78838],[-100.00792,48.79123]]}},{"type":"Feature","properties":{"segmentId":"osm_9775491","name":"96th Street Northeast"},"geometry":{"type":"LineString","coordinates":[[-99.52574,48.80514],[-99.59952,48.80524],[-99.6094,48.80532],[-99.61437,48.80526],[-99.65023,48.80539],[-99.67912,48.8054]]}},{"type":"Feature","properties":{"segmentId":"osm_9775498"},"geometry":{"type":"LineString","coordinates":[[-99.86425,48.80561],[-99.89816,48.8057],[-99.92538,48.80571],[-99.92851,48.80566],[-99.93155,48.80544],[-99.93386,48.80515],[-99.93555,48.80486],[-99.93998,48.80394],[-99.94319,48.80346],[-99.94658,48.80317],[-99.95024,48.80311],[-99.97764,48.80362],[-100.03346,48.80571],[-100.03876,48.8058],[-100.04541,48.80579]]}},{"type":"Feature","properties":{"segmentId":"osm_9775504","name":"State Highway 5"},"geometry":{"type":"LineString","coordinates":[[-100.06543,48.80581],[-100.10415,48.80586],[-100.12901,48.80608],[-100.18295,48.80618]]}},{"type":"Feature","properties":{"segmentId":"osm_9775520","name":"41st Avenue Northeast"},"geometry":{"type":"LineString","coordinates":[[-99.77188,48.63188],[-99.77153,48.63487],[-99.77066,48.63662],[-99.77064,48.63737],[-99.77052,48.63768],[-99.76998,48.6385],[-99.76994,48.63924],[-99.77026,48.64014],[-99.77027,48.64064],[-99.77039,48.64075],[-99.77124,48.64105],[-99.77203,48.64117],[-99.77269,48.64115],[-99.77395,48.6408],[-99.77602,48.64083],[-99.77615,48.65651]]}},{"type":"Feature","properties":{"segmentId":"osm_9775523","name":"41st Avenue Northeast"},"geometry":{"type":"LineString","coordinates":[[-99.81047,48.77647],[-99.81045,48.78883],[-99.81029,48.79682],[-99.81034,48.79922],[-99.81047,48.80045],[-99.8104,48.80465]]}},{"type":"Feature","properties":{"segmentId":"osm_9775530","name":"41st Avenue Northeast"},"geometry":{"type":"LineString","coordinates":[[-99.78183,48.53045],[-99.78047,48.53339],[-99.7805,48.53627],[-99.7804,48.53658],[-99.77622,48.54276],[-99.77617,48.57387]]}},{"type":"Feature","properties":{"segmentId":"osm_9775531"},"geometry":{"type":"LineString","coordinates":[[-99.63265,48.85261],[-99.63355,48.85216],[-99.63424,48.85191],[-99.63474,48.85179],[-99.6352,48.85178]]}},{"type":"Feature","properties":{"segmentId":"osm_9775532","name":"3rd Avenue Northeast"},"geometry":{"type":"LineString","coordinates":[[-99.61919,48.86111],[-99.61604,48.8626]]}},{"type":"Feature","properties":{"segmentId":"osm_9775533","name":"7th Street Northeast"},"geometry":{"type":"LineString","coordinates":[[-99.60896,48.86795],[-99.60879,48.86775],[-99.6088,48.86677]]}},{"type":"Feature","properties":{"segmentId":"osm_9775535","name":"Oakwood Drive"},"geometry":{"type":"LineString","coordinates":[[-99.70857,48.94393],[-99.71064,48.94602]]}},{"type":"Feature","properties":{"segmentId":"osm_9775538","name":"Oakwood Drive"},"geometry":{"type":"LineString","coordinates":[[-99.70838,48.94398],[-99.70787,48.94382],[-99.70753,48.94349],[-99.70722,48.94297]]}},{"type":"Feature","properties":{"segmentId":"osm_9775539","name":"Bureau of Indian Affairs Road 7"},"geometry":{"type":"LineString","coordinates":[[-99.74488,48.8461],[-99.74477,48.87507],[-99.74462,48.89109],[-99.74481,48.90556]]}},{"type":"Feature","properties":{"segmentId":"osm_9775545","name":"2nd Avenue"},"geometry":{"type":"LineString","coordinates":[[-99.61563,48.6364],[-99.61876,48.63642]]}},{"type":"Feature","properties":{"segmentId":"osm_9775558","name":"99th Street Northeast"},"geometry":{"type":"LineString","coordinates":[[-100.00782,48.84924],[-100.02983,48.84923],[-100.05149,48.84912]]}},{"type":"Feature","properties":{"segmentId":"osm_9775560","name":"99th Street Northeast"},"geometry":{"type":"LineString","coordinates":[[-99.54754,48.8486],[-99.58466,48.84869],[-99.60623,48.8487],[-99.60785,48.84864],[-99.60836,48.84871],[-99.61006,48.84873],[-99.61124,48.84884],[-99.61478,48.84878],[-99.63548,48.84886]]}},{"type":"Feature","properties":{"segmentId":"osm_9775561","name":"106th Street Northeast"},"geometry":{"type":"LineString","coordinates":[[-99.8546,48.95007],[-99.86936,48.95011],[-99.87131,48.95034],[-99.87538,48.9511],[-99.87795,48.95146],[-99.88428,48.9518],[-99.88792,48.95176],[-99.88919,48.95183],[-99.89032,48.95201],[-99.8918,48.95245],[-99.8959,48.95421],[-99.89676,48.95444],[-99.8979,48.95465],[-99.89911,48.95475],[-99.90045,48.95471],[-99.90134,48.95461],[-99.90309,48.95419],[-99.90468,48.95349],[-99.90554,48.95291],[-99.90674,48.95193],[-99.90793,48.9512],[-99.90973,48.95054],[-99.9113,48.95023],[-99.91261,48.95014],[-99.95077,48.95006],[-99.95168,48.94996],[-99.9534,48.94954],[-99.95637,48.94828],[-99.9575,48.94788],[-99.95857,48.94765],[-99.96032,48.94748],[-99.96192,48.94752],[-99.96326,48.9477],[-99.96431,48.94799],[-99.9685,48.94961],[-99.9694,48.94985],[-99.97086,48.95005],[-99.97159,48.95009],[-99.98348,48.95009],[-99.98472,48.95015],[-99.98712,48.95047],[-99.98904,48.95066],[-99.99016,48.95065],[-99.99364,48.95022],[-99.99467,48.9502],[-99.99622,48.95034],[-99.99905,48.95087],[-100.00078,48.95099],[-100.00241,48.9509],[-100.00521,48.95046],[-100.00712,48.95029],[-100.01368,48.95031],[-100.01564,48.95022],[-100.01741,48.94994],[-100.02083,48.94923],[-100.02616,48.94873],[-100.02724,48.94857],[-100.03083,48.94781],[-100.03297,48.94755],[-100.03887,48.94746],[-100.04414,48.94776],[-100.05195,48.94775]]}},{"type":"Feature","properties":{"segmentId":"osm_9775571","name":"33rd Avenue Northeast"},"geometry":{"type":"LineString","coordinates":[[-99.98613,48.95032],[-99.98588,48.92121]]}},{"type":"Feature","properties":{"segmentId":"osm_9775590","name":"State Highway 43"},"geometry":{"type":"LineString","coordinates":[[-100.18278,48.95035],[-100.13533,48.95032],[-100.09311,48.95022],[-100.08492,48.95043],[-100.08035,48.95017],[-100.0781,48.95011],[-100.07316,48.95019],[-100.05197,48.95023]]}},{"type":"Feature","properties":{"segmentId":"osm_9775594","name":"79th Street Northeast"},"geometry":{"type":"LineString","coordinates":[[-99.76307,48.55942],[-99.77312,48.55935],[-99.78074,48.55944],[-99.79799,48.55939]]}},{"type":"Feature","properties":{"segmentId":"osm_9775597","name":"79th Street Northeast"},"geometry":{"type":"LineString","coordinates":[[-99.86343,48.55947],[-99.87138,48.55942],[-99.87201,48.55939],[-99.87247,48.55925],[-99.87341,48.55914],[-99.87557,48.55949],[-99.88712,48.55944],[-99.89523,48.5595],[-99.91026,48.55951],[-99.91625,48.55946],[-99.94183,48.55951],[-99.94206,48.55944],[-99.94235,48.55886],[-99.94252,48.55872],[-99.94379,48.55821],[-99.94452,48.55809],[-99.94747,48.55821],[-99.94976,48.55823],[-99.94996,48.55827],[-99.95019,48.55858],[-99.95035,48.55859],[-99.96035,48.55863],[-99.96074,48.55881],[-99.96088,48.55946],[-99.96099,48.55951],[-99.96169,48.55955],[-99.97168,48.5596]]}},{"type":"Feature","properties":{"segmentId":"osm_9775598","name":"79th Street Northeast"},"geometry":{"type":"LineString","coordinates":[[-99.58573,48.55944],[-99.59593,48.55943]]}},{"type":"Feature","properties":{"segmentId":"osm_9775599","name":"79th Street Northeast"},"geometry":{"type":"LineString","coordinates":[[-99.55855,48.55953],[-99.54756,48.55957],[-99.53679,48.55937],[-99.52368,48.55935],[-99.52353,48.55925],[-99.52356,48.5591]]}},{"type":"Feature","properties":{"segmentId":"osm_9775600","name":"79th Street Northeast"},"geometry":{"type":"LineString","coordinates":[[-99.49319,48.55936],[-99.49504,48.55926],[-99.50411,48.55927]]}},{"type":"Feature","properties":{"segmentId":"osm_9775601","name":"79th Street Northeast"},"geometry":{"type":"LineString","coordinates":[[-99.70014,48.55946],[-99.70352,48.5594],[-99.71122,48.55939]]}},{"type":"Feature","properties":{"segmentId":"osm_9775602","name":"79th Street Northeast"},"geometry":{"type":"LineString","coordinates":[[-99.66154,48.55945],[-99.62358,48.55946]]}},{"type":"Feature","properties":{"segmentId":"osm_9775606","name":"92nd Street Northeast"},"geometry":{"type":"LineString","coordinates":[[-99.59157,48.74741],[-99.60272,48.74738],[-99.60914,48.7474],[-99.60984,48.74745],[-99.61128,48.74738],[-99.61496,48.74744],[-99.62202,48.74741],[-99.63214,48.74746],[-99.63539,48.74742],[-99.6465,48.74752]]}},{"type":"Feature","properties":{"segmentId":"osm_9775611","name":"92nd Street Northeast"},"geometry":{"type":"LineString","coordinates":[[-99.67925,48.7474],[-99.68086,48.74751],[-99.69214,48.74742],[-99.69691,48.74742],[-99.69812,48.74754],[-99.70105,48.74745],[-99.71812,48.74754],[-99.72305,48.7475]]}},{"type":"Feature","properties":{"segmentId":"osm_9775629","name":"92nd Street Northeast"},"geometry":{"type":"LineString","coordinates":[[-99.83252,48.74764],[-99.85778,48.74757],[-99.88397,48.74764],[-99.89791,48.7476],[-99.91963,48.74773],[-99.94483,48.74771],[-99.95536,48.74777],[-99.98595,48.74773]]}},{"type":"Feature","properties":{"segmentId":"osm_9775632","name":"92nd Street Northeast"},"geometry":{"type":"LineString","coordinates":[[-100.09544,48.74787],[-100.05156,48.7478]]}},{"type":"Feature","properties":{"segmentId":"osm_9775637","name":"28th Avenue Northeast"},"geometry":{"type":"LineString","coordinates":[[-100.09544,48.80585],[-100.09544,48.74787]]}},{"type":"Feature","properties":{"segmentId":"osm_9775639","name":"92nd Street Northeast"},"geometry":{"type":"LineString","coordinates":[[-99.52583,48.74737],[-99.5306,48.7474],[-99.53167,48.74739],[-99.53202,48.74733],[-99.53271,48.74739],[-99.53314,48.74732],[-99.53359,48.74739],[-99.5345,48.74741],[-99.53537,48.74741],[-99.53577,48.74734],[-99.54146,48.74742],[-99.54235,48.74725],[-99.54626,48.74728],[-99.54775,48.74737]]}},{"type":"Feature","properties":{"segmentId":"osm_9775640","name":"92nd Street Northeast"},"geometry":{"type":"LineString","coordinates":[[-99.58066,48.74738],[-99.58065,48.74371],[-99.58499,48.74371],[-99.58596,48.74373],[-99.58659,48.74383],[-99.58745,48.7437],[-99.58822,48.74369],[-99.58836,48.74299],[-99.58871,48.74278],[-99.58899,48.74242]]}},{"type":"Feature","properties":{"segmentId":"osm_9775641","name":"Bureau of Indian Affairs Road 8"},"geometry":{"type":"LineString","coordinates":[[-99.72289,48.84909],[-99.72459,48.84902],[-99.72602,48.84885],[-99.72675,48.84882],[-99.74485,48.84878]]}},{"type":"Feature","properties":{"segmentId":"osm_9775643","name":"West Rest Line Road"},"geometry":{"type":"LineString","coordinates":[[-99.94197,48.90661],[-99.94198,48.90747]]}},{"type":"Feature","properties":{"segmentId":"osm_9775644"},"geometry":{"type":"LineString","coordinates":[[-100.08477,48.73334],[-100.08477,48.73463],[-100.08483,48.73469],[-100.08499,48.73473],[-100.08604,48.73469],[-100.08647,48.73482],[-100.0907,48.73705],[-100.09114,48.73715],[-100.0918,48.73706],[-100.09542,48.73707]]}},{"type":"Feature","properties":{"segmentId":"osm_9775649","name":"28th Avenue Northeast"},"geometry":{"type":"LineString","coordinates":[[-100.05902,48.60314],[-100.05909,48.63829],[-100.05915,48.63992],[-100.05943,48.64173],[-100.05932,48.64214],[-100.05801,48.64361],[-100.05792,48.64396],[-100.05877,48.64587],[-100.05914,48.64693],[-100.05921,48.64764],[-100.05907,48.65104],[-100.05903,48.67578]]}},{"type":"Feature","properties":{"segmentId":"osm_9775657","name":"99th Street Northeast"},"geometry":{"type":"LineString","coordinates":[[-100.07339,48.84907],[-100.09527,48.84905]]}},{"type":"Feature","properties":{"segmentId":"osm_9775674","name":"28th Avenue Northeast"},"geometry":{"type":"LineString","coordinates":[[-100.0953,48.85429],[-100.09534,48.86719],[-100.09521,48.86739],[-100.09471,48.86764],[-100.09451,48.86786],[-100.09451,48.86833],[-100.09427,48.86872],[-100.09447,48.86949],[-100.09418,48.87037],[-100.09425,48.87059],[-100.09479,48.87112],[-100.0953,48.87181],[-100.09546,48.87224],[-100.09536,48.88943],[-100.09543,48.88969],[-100.09581,48.89014],[-100.09636,48.89048],[-100.09655,48.89067],[-100.0966,48.89099],[-100.09659,48.89113],[-100.09632,48.89154],[-100.0955,48.89228],[-100.09539,48.89248],[-100.09543,48.89681]]}},{"type":"Feature","properties":{"segmentId":"osm_9775679","name":"28th Avenue Northeast"},"geometry":{"type":"LineString","coordinates":[[-100.05902,48.54516],[-100.05894,48.5461],[-100.05893,48.54913],[-100.05916,48.54972],[-100.05902,48.55022],[-100.05892,48.55188],[-100.05898,48.55406],[-100.05873,48.55474],[-100.05903,48.55533],[-100.059,48.55961],[-100.05925,48.57413]]}},{"type":"Feature","properties":{"segmentId":"osm_9775681","name":"28th Avenue Northeast"},"geometry":{"type":"LineString","coordinates":[[-100.09545,48.71886],[-100.0954,48.72778],[-100.09547,48.73274],[-100.09513,48.73385],[-100.09538,48.73451],[-100.09543,48.74215]]}},{"type":"Feature","properties":{"segmentId":"osm_9775688","name":"28th Avenue Northeast"},"geometry":{"type":"LineString","coordinates":[[-100.09537,48.8203],[-100.09541,48.82841],[-100.09521,48.8288],[-100.09502,48.82959],[-100.09521,48.83007],[-100.0952,48.83058],[-100.09544,48.83148],[-100.09539,48.83314],[-100.09548,48.83467]]}},{"type":"Feature","properties":{"segmentId":"osm_9775693"},"geometry":{"type":"LineString","coordinates":[[-99.76679,48.8086],[-99.76685,48.82117]]}},{"type":"Feature","properties":{"segmentId":"osm_9775694","name":"1st Avenue Southeast"},"geometry":{"type":"LineString","coordinates":[[-99.61555,48.85773],[-99.6104,48.86013]]}},{"type":"Feature","properties":{"segmentId":"osm_9775695","name":"Frontage Road"},"geometry":{"type":"LineString","coordinates":[[-100.06087,48.82028],[-100.06078,48.81705]]}},{"type":"Feature","properties":{"segmentId":"osm_9775696","name":"2nd Avenue"},"geometry":{"type":"LineString","coordinates":[[-99.84649,48.66192],[-99.84084,48.66193]]}},{"type":"Feature","properties":{"segmentId":"osm_9775704","name":"95th Street Northeast"},"geometry":{"type":"LineString","coordinates":[[-100.09546,48.79136],[-100.07118,48.79141],[-100.04677,48.79128],[-100.01318,48.7912],[-99.99963,48.79124],[-99.94214,48.79121]]}},{"type":"Feature","properties":{"segmentId":"osm_9775720","name":"95th Street Northeast"},"geometry":{"type":"LineString","coordinates":[[-99.6354,48.79091],[-99.63693,48.79087],[-99.64615,48.79092],[-99.64824,48.79089],[-99.64868,48.79082],[-99.65153,48.79091],[-99.65624,48.79086],[-99.65667,48.79088],[-99.65714,48.79098],[-99.65874,48.79083],[-99.66177,48.79086],[-99.66487,48.79079],[-99.66693,48.79091],[-99.67925,48.79092]]}},{"type":"Feature","properties":{"segmentId":"osm_9775722","name":"95th Street Northeast"},"geometry":{"type":"LineString","coordinates":[[-99.8763,48.79107],[-99.88059,48.79106],[-99.8812,48.79116],[-99.8941,48.79115],[-99.89825,48.79109]]}},{"type":"Feature","properties":{"segmentId":"osm_9775723","name":"95th Street Northeast"},"geometry":{"type":"LineString","coordinates":[[-99.61352,48.79094],[-99.59156,48.79086]]}},{"type":"Feature","properties":{"segmentId":"osm_9775724","name":"4th Avenue North"},"geometry":{"type":"LineString","coordinates":[[-100.05805,48.81705],[-100.06112,48.81705]]}},{"type":"Feature","properties":{"segmentId":"osm_9775725","name":"4th Avenue North"},"geometry":{"type":"LineString","coordinates":[[-100.06265,48.81706],[-100.06413,48.81705]]}},{"type":"Feature","properties":{"segmentId":"osm_9775726","name":"78th Street Northeast"},"geometry":{"type":"LineString","coordinates":[[-99.74849,48.5449],[-99.741,48.54489],[-99.73986,48.54494],[-99.73444,48.5449],[-99.73368,48.54496],[-99.7246,48.54493]]}},{"type":"Feature","properties":{"segmentId":"osm_9775744","name":"78th Street Northeast"},"geometry":{"type":"LineString","coordinates":[[-99.71093,48.54494],[-99.62365,48.54496]]}},{"type":"Feature","properties":{"segmentId":"osm_9775745","name":"1st Avenue North"},"geometry":{"type":"LineString","coordinates":[[-100.05803,48.81406],[-100.0656,48.81408]]}},{"type":"Feature","properties":{"segmentId":"osm_9775753","name":"53rd Avenue Northeast"},"geometry":{"type":"LineString","coordinates":[[-99.54785,48.70428],[-99.54777,48.71561],[-99.54771,48.77632]]}},{"type":"Feature","properties":{"segmentId":"osm_9775756","name":"53rd Avenue Northeast"},"geometry":{"type":"LineString","coordinates":[[-99.5475,48.8341],[-99.5476,48.86308]]}},{"type":"Feature","properties":{"segmentId":"osm_9775758","name":"53rd Avenue Northeast"},"geometry":{"type":"LineString","coordinates":[[-99.51494,48.67629],[-99.51493,48.71837]]}},{"type":"Feature","properties":{"segmentId":"osm_9775759","name":"53rd Avenue Northeast"},"geometry":{"type":"LineString","coordinates":[[-99.51498,48.54488],[-99.51494,48.54875]]}},{"type":"Feature","properties":{"segmentId":"osm_9775772","name":"53rd Avenue Northeast"},"geometry":{"type":"LineString","coordinates":[[-99.51489,48.5883],[-99.5149,48.61726]]}},{"type":"Feature","properties":{"segmentId":"osm_9775774","name":"Neilson Road"},"geometry":{"type":"LineString","coordinates":[[-99.98698,48.878],[-99.98707,48.89178]]}},{"type":"Feature","properties":{"segmentId":"osm_9775775","name":"33rd Avenue Northeast"},"geometry":{"type":"LineString","coordinates":[[-99.98603,48.86791],[-99.98587,48.84925]]}},{"type":"Feature","properties":{"segmentId":"osm_9775785","name":"33rd Avenue Northeast"},"geometry":{"type":"LineString","coordinates":[[-99.94989,48.67561],[-99.94995,48.69234],[-99.94988,48.69754],[-99.95001,48.70647],[-99.94988,48.70925],[-99.95004,48.71378],[-99.94992,48.71721],[-99.94997,48.71872]]}},{"type":"Feature","properties":{"segmentId":"osm_9775786","name":"33rd Avenue Northeast"},"geometry":{"type":"LineString","coordinates":[[-99.96079,48.55905],[-99.95024,48.55898]]}},{"type":"Feature","properties":{"segmentId":"osm_9775793","name":"33rd Avenue Northeast"},"geometry":{"type":"LineString","coordinates":[[-99.98625,48.95211],[-99.9862,48.95033]]}},{"type":"Feature","properties":{"segmentId":"osm_9775795","name":"Rolette Road"},"geometry":{"type":"LineString","coordinates":[[-99.84159,48.54491],[-99.84165,48.58841]]}},{"type":"Feature","properties":{"segmentId":"osm_9775799","name":"Rolette Road"},"geometry":{"type":"LineString","coordinates":[[-99.79803,48.61734],[-99.81089,48.61739]]}},{"type":"Feature","properties":{"segmentId":"osm_9775801","name":"Rolette Road"},"geometry":{"type":"LineString","coordinates":[[-99.92828,48.61744],[-99.95014,48.61754]]}},{"type":"Feature","properties":{"segmentId":"osm_9775803"},"geometry":{"type":"LineString","coordinates":[[-99.52576,48.86301],[-99.56521,48.86315],[-99.59231,48.86318],[-99.59917,48.86334]]}},{"type":"Feature","properties":{"segmentId":"osm_9775805","name":"100th Street Northeast"},"geometry":{"type":"LineString","coordinates":[[-99.62615,48.8633],[-99.6571,48.86331]]}},{"type":"Feature","properties":{"segmentId":"osm_9775807","name":"1st Street East"},"geometry":{"type":"LineString","coordinates":[[-100.05957,48.81003],[-100.05957,48.81506]]}},{"type":"Feature","properties":{"segmentId":"osm_9775808","name":"9th Avenue Northeast"},"geometry":{"type":"LineString","coordinates":[[-99.60896,48.86795],[-99.60906,48.86802],[-99.60933,48.86803],[-99.61178,48.86804]]}},{"type":"Feature","properties":{"segmentId":"osm_9775815","name":"90th Street Northeast"},"geometry":{"type":"LineString","coordinates":[[-99.66702,48.7185],[-99.67901,48.71846],[-99.68066,48.71851],[-99.68882,48.71849],[-99.68936,48.71856],[-99.69169,48.7185],[-99.69555,48.71855],[-99.69631,48.71849],[-99.70028,48.71846],[-99.73271,48.71853]]}},{"type":"Feature","properties":{"segmentId":"osm_9775818","name":"90th Street Northeast"},"geometry":{"type":"LineString","coordinates":[[-99.75383,48.71838],[-99.75415,48.71854],[-99.75479,48.71857],[-99.757,48.71852],[-99.76336,48.71857],[-99.76623,48.7185],[-99.76754,48.71858],[-99.77217,48.71857],[-99.77712,48.71865],[-99.77777,48.71859],[-99.78421,48.71864],[-99.78496,48.71864],[-99.78549,48.71856],[-99.7887,48.7186]]}},{"type":"Feature","properties":{"segmentId":"osm_9775841","name":"90th Street Northeast"},"geometry":{"type":"LineString","coordinates":[[-99.85377,48.71906],[-99.85282,48.71869],[-99.85211,48.71862],[-99.81064,48.71864]]}},{"type":"Feature","properties":{"segmentId":"osm_9775848","name":"1st Avenue South"},"geometry":{"type":"LineString","coordinates":[[-100.06713,48.81205],[-100.05803,48.81205]]}},{"type":"Feature","properties":{"segmentId":"osm_9775851","name":"Bureau of Indian Affairs Road 1"},"geometry":{"type":"LineString","coordinates":[[-99.65717,48.81977],[-99.65714,48.82446]]}},{"type":"Feature","properties":{"segmentId":"osm_9775852","name":"11th Street Southwest"},"geometry":{"type":"LineString","coordinates":[[-99.62815,48.85285],[-99.62671,48.8515]]}},{"type":"Feature","properties":{"segmentId":"osm_9775854","name":"6th Avenue Northeast"},"geometry":{"type":"LineString","coordinates":[[-99.6118,48.86434],[-99.62047,48.86436]]}},{"type":"Feature","properties":{"segmentId":"osm_9794022","name":"109th Street Northeast"},"geometry":{"type":"LineString","coordinates":[[-99.4606,48.99316],[-99.46579,48.99309],[-99.46666,48.99285],[-99.46795,48.99277],[-99.46916,48.99281],[-99.47001,48.99272],[-99.47109,48.99279],[-99.47158,48.99307],[-99.47185,48.99311],[-99.4816,48.99321],[-99.48255,48.99318]]}},{"type":"Feature","properties":{"segmentId":"osm_9794038","name":"80th Street Northeast"},"geometry":{"type":"LineString","coordinates":[[-99.29737,48.57101],[-99.301,48.57343],[-99.30142,48.57357],[-99.31402,48.57354],[-99.32001,48.57461],[-99.32104,48.57469],[-99.32161,48.5746],[-99.32191,48.57435],[-99.322,48.57367],[-99.3222,48.57352],[-99.39418,48.57358],[-99.48259,48.57379]]}},{"type":"Feature","properties":{"segmentId":"osm_9794096","name":"54th Avenue Northeast"},"geometry":{"type":"LineString","coordinates":[[-99.5259,48.71838],[-99.5258,48.76526],[-99.52586,48.78348],[-99.52573,48.80312],[-99.52575,48.83381],[-99.52589,48.83397]]}},{"type":"Feature","properties":{"segmentId":"osm_9794098","name":"90th Street Northeast"},"geometry":{"type":"LineString","coordinates":[[-99.23916,48.71814],[-99.35071,48.7182],[-99.37043,48.71826],[-99.54779,48.71842]]}},{"type":"Feature","properties":{"segmentId":"osm_9794113","name":"78th Street Northeast"},"geometry":{"type":"LineString","coordinates":[[-99.38425,48.54464],[-99.358,48.54458],[-99.27042,48.54459],[-99.20983,48.54452]]}},{"type":"Feature","properties":{"segmentId":"osm_9794114","name":"78th Street Northeast"},"geometry":{"type":"LineString","coordinates":[[-99.47156,48.5448],[-99.48759,48.54482]]}},{"type":"Feature","properties":{"segmentId":"osm_9794300"},"geometry":{"type":"LineString","coordinates":[[-99.37747,48.6207],[-99.37823,48.62253],[-99.3786,48.62308],[-99.37893,48.62349],[-99.37993,48.62433]]}},{"type":"Feature","properties":{"segmentId":"osm_9794426","name":"108th Street Northeast"},"geometry":{"type":"LineString","coordinates":[[-99.35362,48.97919],[-99.35321,48.97894],[-99.35277,48.97891],[-99.30677,48.97899]]}},{"type":"Feature","properties":{"segmentId":"osm_9794448"},"geometry":{"type":"LineString","coordinates":[[-99.39489,48.71543],[-99.39498,48.71151],[-99.39477,48.71125],[-99.39438,48.71116]]}},{"type":"Feature","properties":{"segmentId":"osm_9794452"},"geometry":{"type":"LineString","coordinates":[[-99.38404,48.71117],[-99.38375,48.71111],[-99.37956,48.71114]]}},{"type":"Feature","properties":{"segmentId":"osm_9794527"},"geometry":{"type":"LineString","coordinates":[[-99.38601,48.80505],[-99.386,48.80522],[-99.38442,48.80693],[-99.38452,48.80772]]}},{"type":"Feature","properties":{"segmentId":"osm_9794537"},"geometry":{"type":"LineString","coordinates":[[-99.45267,48.81519],[-99.45219,48.81422],[-99.45184,48.8138],[-99.45122,48.81329],[-99.44969,48.81244],[-99.44853,48.81218]]}},{"type":"Feature","properties":{"segmentId":"osm_9794566"},"geometry":{"type":"LineString","coordinates":[[-99.41755,48.67099],[-99.41782,48.67027],[-99.41777,48.67015],[-99.41735,48.67032],[-99.41617,48.67039],[-99.4159,48.67033],[-99.41535,48.67008],[-99.41485,48.67004]]}},{"type":"Feature","properties":{"segmentId":"osm_9794571"},"geometry":{"type":"LineString","coordinates":[[-99.40704,48.68154],[-99.40654,48.68146],[-99.40595,48.68127]]}},{"type":"Feature","properties":{"segmentId":"osm_9794579"},"geometry":{"type":"LineString","coordinates":[[-99.36224,48.67237],[-99.36317,48.67235],[-99.36374,48.67193]]}},{"type":"Feature","properties":{"segmentId":"osm_9794611","name":"97th Street Northeast"},"geometry":{"type":"LineString","coordinates":[[-99.44945,48.81951],[-99.39253,48.81948],[-99.37262,48.81952]]}},{"type":"Feature","properties":{"segmentId":"osm_9794678"},"geometry":{"type":"LineString","coordinates":[[-99.34588,48.84851],[-99.35407,48.84854],[-99.37267,48.84849]]}},{"type":"Feature","properties":{"segmentId":"osm_9794681"},"geometry":{"type":"LineString","coordinates":[[-99.35069,48.82652],[-99.35067,48.85274]]}},{"type":"Feature","properties":{"segmentId":"osm_9794720"},"geometry":{"type":"LineString","coordinates":[[-99.3835,48.94966],[-99.38349,48.94913]]}},{"type":"Feature","properties":{"segmentId":"osm_9794729"},"geometry":{"type":"LineString","coordinates":[[-99.35976,48.93528],[-99.35944,48.9359],[-99.35954,48.93606],[-99.35971,48.9361],[-99.35983,48.93599],[-99.35967,48.93541]]}},{"type":"Feature","properties":{"segmentId":"osm_9794730"},"geometry":{"type":"LineString","coordinates":[[-99.35059,48.9353],[-99.34487,48.93526],[-99.34449,48.93511],[-99.34344,48.93443],[-99.34286,48.93415],[-99.34185,48.93348],[-99.34006,48.93272]]}},{"type":"Feature","properties":{"segmentId":"osm_9794733"},"geometry":{"type":"LineString","coordinates":[[-99.36236,48.5765],[-99.36236,48.57355]]}},{"type":"Feature","properties":{"segmentId":"osm_9794753"},"geometry":{"type":"LineString","coordinates":[[-99.41432,48.67067],[-99.41443,48.67056],[-99.4148,48.67048],[-99.4157,48.67059],[-99.41617,48.67039],[-99.41678,48.67049],[-99.41691,48.67065],[-99.41673,48.67095],[-99.41676,48.67113]]}},{"type":"Feature","properties":{"segmentId":"osm_9794763"},"geometry":{"type":"LineString","coordinates":[[-99.50446,48.97875],[-99.50626,48.97874]]}},{"type":"Feature","properties":{"segmentId":"osm_9794766"},"geometry":{"type":"LineString","coordinates":[[-99.47953,48.97865],[-99.47936,48.97875],[-99.47909,48.9788],[-99.47459,48.97876]]}},{"type":"Feature","properties":{"segmentId":"osm_9794770"},"geometry":{"type":"LineString","coordinates":[[-99.48239,48.97737],[-99.48185,48.97735],[-99.48126,48.97719],[-99.48097,48.97722],[-99.48068,48.97733],[-99.47965,48.97738],[-99.4792,48.97754]]}},{"type":"Feature","properties":{"segmentId":"osm_9794772"},"geometry":{"type":"LineString","coordinates":[[-99.43834,48.97876],[-99.44147,48.97882],[-99.45354,48.97882]]}},{"type":"Feature","properties":{"segmentId":"osm_9794799"},"geometry":{"type":"LineString","coordinates":[[-99.3789,48.62341],[-99.37848,48.62333],[-99.37828,48.62336],[-99.37626,48.62387],[-99.37576,48.6241]]}},{"type":"Feature","properties":{"segmentId":"osm_9794809"},"geometry":{"type":"LineString","coordinates":[[-99.38334,48.62261],[-99.38232,48.62264],[-99.38005,48.62291],[-99.37929,48.62314],[-99.3789,48.62341]]}},{"type":"Feature","properties":{"segmentId":"osm_9794852"},"geometry":{"type":"LineString","coordinates":[[-99.41899,48.78661],[-99.41934,48.78676],[-99.41943,48.78695],[-99.41902,48.78765],[-99.41848,48.78778],[-99.41778,48.78839],[-99.41745,48.7886],[-99.4166,48.78892],[-99.41646,48.78911],[-99.41651,48.79433],[-99.41682,48.79501],[-99.41664,48.79539],[-99.41662,48.79564],[-99.41669,48.7959],[-99.41709,48.79655],[-99.41666,48.7974],[-99.41658,48.79799],[-99.41668,48.79823],[-99.41706,48.79855],[-99.4171,48.79878],[-99.41653,48.7995],[-99.41643,48.79975],[-99.41643,48.80091],[-99.41628,48.8016],[-99.41627,48.80455],[-99.41602,48.80502]]}},{"type":"Feature","properties":{"segmentId":"osm_9794918"},"geometry":{"type":"LineString","coordinates":[[-99.46052,48.94438],[-99.45905,48.94428],[-99.45855,48.94399],[-99.45824,48.94355],[-99.45772,48.93834],[-99.45836,48.93653],[-99.45858,48.93561],[-99.45852,48.93546],[-99.45831,48.93529]]}},{"type":"Feature","properties":{"segmentId":"osm_9794932"},"geometry":{"type":"LineString","coordinates":[[-99.42552,48.94964],[-99.42565,48.9494],[-99.42596,48.94913],[-99.42764,48.94808]]}},{"type":"Feature","properties":{"segmentId":"osm_9794938","name":"Haskamp Street"},"geometry":{"type":"LineString","coordinates":[[-99.37901,48.62792],[-99.37848,48.62804],[-99.37254,48.62798],[-99.37232,48.62811]]}},{"type":"Feature","properties":{"segmentId":"osm_9794946"},"geometry":{"type":"LineString","coordinates":[[-99.47156,48.60288],[-99.47174,48.60274]]}},{"type":"Feature","properties":{"segmentId":"osm_9795021"},"geometry":{"type":"LineString","coordinates":[[-99.38384,48.62424],[-99.38413,48.62436]]}},{"type":"Feature","properties":{"segmentId":"osm_9795025"},"geometry":{"type":"LineString","coordinates":[[-99.38413,48.62343],[-99.38501,48.62344]]}},{"type":"Feature","properties":{"segmentId":"osm_9795052"},"geometry":{"type":"LineString","coordinates":[[-99.36233,48.6026],[-99.3623,48.59526],[-99.36238,48.58811],[-99.36247,48.58805],[-99.36773,48.58808],[-99.36906,48.58811],[-99.36969,48.58823],[-99.37075,48.5881],[-99.37196,48.58809],[-99.3732,48.58817]]}},{"type":"Feature","properties":{"segmentId":"osm_9795056"},"geometry":{"type":"LineString","coordinates":[[-99.42791,48.61978],[-99.42788,48.61711]]}},{"type":"Feature","properties":{"segmentId":"osm_9795061"},"geometry":{"type":"LineString","coordinates":[[-99.3832,48.94966],[-99.38327,48.95275]]}},{"type":"Feature","properties":{"segmentId":"osm_9795087"},"geometry":{"type":"LineString","coordinates":[[-99.49188,48.90634],[-99.49187,48.90614],[-99.49176,48.90605],[-99.49147,48.90598]]}},{"type":"Feature","properties":{"segmentId":"osm_9795098"},"geometry":{"type":"LineString","coordinates":[[-99.41602,48.80502],[-99.41627,48.8052],[-99.41633,48.80533],[-99.41632,48.80607],[-99.41586,48.80679],[-99.41648,48.80749],[-99.4163,48.80813],[-99.41644,48.80928],[-99.41651,48.82302],[-99.41662,48.82397],[-99.41652,48.82698],[-99.41657,48.83399]]}},{"type":"Feature","properties":{"segmentId":"osm_9795100"},"geometry":{"type":"LineString","coordinates":[[-99.38099,48.646],[-99.37287,48.646]]}},{"type":"Feature","properties":{"segmentId":"osm_9795101"},"geometry":{"type":"LineString","coordinates":[[-99.36578,48.64306],[-99.3659,48.64273],[-99.36577,48.64254],[-99.36494,48.64221],[-99.36355,48.64201],[-99.36309,48.64188],[-99.3629,48.64172],[-99.36306,48.6416]]}},{"type":"Feature","properties":{"segmentId":"osm_9795173"},"geometry":{"type":"LineString","coordinates":[[-99.52572,48.94979],[-99.52548,48.94601]]}},{"type":"Feature","properties":{"segmentId":"osm_9795204"},"geometry":{"type":"LineString","coordinates":[[-99.41145,48.96025],[-99.41157,48.96004],[-99.41181,48.95984],[-99.41243,48.95966]]}},{"type":"Feature","properties":{"segmentId":"osm_9795227"},"geometry":{"type":"LineString","coordinates":[[-99.39442,48.98914],[-99.39445,48.9931],[-99.39437,48.99322],[-99.39419,48.99327],[-99.37296,48.99329],[-99.36733,48.99347],[-99.36647,48.99339],[-99.36007,48.9934],[-99.35609,48.99332],[-99.3511,48.99332]]}},{"type":"Feature","properties":{"segmentId":"osm_9795321"},"geometry":{"type":"LineString","coordinates":[[-99.43869,48.87825],[-99.43745,48.87754],[-99.43622,48.87709],[-99.43353,48.87693],[-99.43205,48.87699],[-99.43169,48.87688],[-99.43115,48.87654],[-99.43076,48.87608],[-99.4304,48.8759],[-99.42995,48.87584],[-99.42731,48.87588],[-99.42696,48.87604],[-99.42528,48.87736],[-99.42404,48.87771],[-99.42299,48.87844],[-99.42247,48.87855],[-99.42087,48.87871],[-99.41987,48.87908],[-99.41844,48.87933],[-99.41805,48.87962],[-99.41793,48.87983],[-99.41808,48.8801],[-99.4185,48.88039],[-99.41868,48.88104],[-99.41854,48.88111],[-99.41686,48.88104]]}},{"type":"Feature","properties":{"segmentId":"osm_9795419"},"geometry":{"type":"LineString","coordinates":[[-99.44972,48.62515],[-99.44956,48.62508],[-99.4489,48.62505],[-99.4488,48.62518],[-99.44903,48.62519],[-99.44926,48.62507]]}},{"type":"Feature","properties":{"segmentId":"osm_9795423"},"geometry":{"type":"LineString","coordinates":[[-99.40604,48.63001],[-99.40606,48.63056],[-99.40591,48.63095],[-99.40598,48.63161]]}},{"type":"Feature","properties":{"segmentId":"osm_9795426"},"geometry":{"type":"LineString","coordinates":[[-99.3967,48.61708],[-99.39666,48.61822]]}},{"type":"Feature","properties":{"segmentId":"osm_9795429"},"geometry":{"type":"LineString","coordinates":[[-99.47809,48.95436],[-99.47864,48.95553],[-99.4787,48.95691],[-99.47857,48.95703],[-99.47172,48.957]]}},{"type":"Feature","properties":{"segmentId":"osm_9795454"},"geometry":{"type":"LineString","coordinates":[[-99.39479,48.87736],[-99.39391,48.87737]]}},{"type":"Feature","properties":{"segmentId":"osm_9795466"},"geometry":{"type":"LineString","coordinates":[[-99.37266,48.87521],[-99.37287,48.87521],[-99.37312,48.87532],[-99.37321,48.87565],[-99.37351,48.87617],[-99.37386,48.87635],[-99.37473,48.87661],[-99.37609,48.87672],[-99.37815,48.87699]]}},{"type":"Feature","properties":{"segmentId":"osm_9795502"},"geometry":{"type":"LineString","coordinates":[[-99.46765,48.64209],[-99.46774,48.64225],[-99.46867,48.64255],[-99.46925,48.64267],[-99.47046,48.64231],[-99.47153,48.64222]]}},{"type":"Feature","properties":{"segmentId":"osm_9795555"},"geometry":{"type":"LineString","coordinates":[[-99.35053,48.92814],[-99.34842,48.92809],[-99.34652,48.92816],[-99.34564,48.92811],[-99.33613,48.92818],[-99.33576,48.92808],[-99.33432,48.92802],[-99.33156,48.92799],[-99.33128,48.92806],[-99.33076,48.928],[-99.32868,48.92802]]}},{"type":"Feature","properties":{"segmentId":"osm_9795558"},"geometry":{"type":"LineString","coordinates":[[-99.35065,48.91372],[-99.35054,48.91384],[-99.34946,48.9142],[-99.3492,48.91445],[-99.34916,48.91459],[-99.34923,48.91467],[-99.34948,48.91469],[-99.34963,48.91462],[-99.34994,48.91404]]}},{"type":"Feature","properties":{"segmentId":"osm_9795565","name":"104th Street Northeast"},"geometry":{"type":"LineString","coordinates":[[-99.37052,48.92081],[-99.35326,48.92085],[-99.33714,48.92079],[-99.33663,48.92087],[-99.33597,48.92117],[-99.3352,48.92205],[-99.33462,48.92222],[-99.33379,48.92283],[-99.33317,48.92305],[-99.33289,48.92305],[-99.33205,48.92282],[-99.33162,48.92245],[-99.33136,48.92234],[-99.33076,48.92236],[-99.33019,48.92247]]}},{"type":"Feature","properties":{"segmentId":"osm_9795572","name":"81st Street Northeast"},"geometry":{"type":"LineString","coordinates":[[-99.42792,48.58812],[-99.43406,48.58814]]}},{"type":"Feature","properties":{"segmentId":"osm_9795578"},"geometry":{"type":"LineString","coordinates":[[-99.42791,48.58087],[-99.4327,48.58089]]}},{"type":"Feature","properties":{"segmentId":"osm_9795580"},"geometry":{"type":"LineString","coordinates":[[-99.42464,48.57364],[-99.42468,48.57305],[-99.42428,48.57264],[-99.42421,48.57222]]}},{"type":"Feature","properties":{"segmentId":"osm_9795581"},"geometry":{"type":"LineString","coordinates":[[-99.40433,48.5736],[-99.4041,48.5715]]}},{"type":"Feature","properties":{"segmentId":"osm_9795650"},"geometry":{"type":"LineString","coordinates":[[-99.50444,48.98028],[-99.50446,48.97875]]}},{"type":"Feature","properties":{"segmentId":"osm_9795656"},"geometry":{"type":"LineString","coordinates":[[-99.48256,48.87021],[-99.47765,48.87024],[-99.47693,48.87023],[-99.47663,48.87014]]}},{"type":"Feature","properties":{"segmentId":"osm_9795658"},"geometry":{"type":"LineString","coordinates":[[-99.46071,48.88444],[-99.4601,48.88453],[-99.45828,48.88455],[-99.45748,48.8843],[-99.45733,48.8843],[-99.45641,48.88459]]}},{"type":"Feature","properties":{"segmentId":"osm_9795669"},"geometry":{"type":"LineString","coordinates":[[-99.41684,48.88568],[-99.41723,48.88544],[-99.41919,48.8856],[-99.42037,48.88553],[-99.42074,48.88539],[-99.42111,48.8849],[-99.42139,48.88409],[-99.42144,48.88327],[-99.4219,48.88231],[-99.42177,48.88209],[-99.42147,48.88199]]}},{"type":"Feature","properties":{"segmentId":"osm_9795677"},"geometry":{"type":"LineString","coordinates":[[-99.47156,48.5448],[-99.46825,48.54476],[-99.46248,48.54481],[-99.45788,48.54476],[-99.45421,48.54477],[-99.45395,48.54482],[-99.45345,48.54476],[-99.45147,48.5448],[-99.44215,48.54476],[-99.44151,48.54486],[-99.44102,48.54475],[-99.44046,48.54474],[-99.42791,48.54475]]}},{"type":"Feature","properties":{"segmentId":"osm_9795680"},"geometry":{"type":"LineString","coordinates":[[-99.3903,48.53013],[-99.39038,48.53028],[-99.39038,48.53082]]}},{"type":"Feature","properties":{"segmentId":"osm_9795719"},"geometry":{"type":"LineString","coordinates":[[-99.50225,48.92327],[-99.50194,48.92318],[-99.50113,48.92327]]}},{"type":"Feature","properties":{"segmentId":"osm_9795722"},"geometry":{"type":"LineString","coordinates":[[-99.50427,48.92085],[-99.5036,48.92025]]}},{"type":"Feature","properties":{"segmentId":"osm_9795726","name":"104th Street Northeast"},"geometry":{"type":"LineString","coordinates":[[-99.43792,48.92104],[-99.43825,48.92076],[-99.43847,48.92068],[-99.46898,48.9208],[-99.46951,48.92089],[-99.47004,48.92084],[-99.47058,48.92071],[-99.47088,48.92061],[-99.47112,48.92041]]}},{"type":"Feature","properties":{"segmentId":"osm_9795737"},"geometry":{"type":"LineString","coordinates":[[-99.41679,48.8929],[-99.41674,48.90124],[-99.41656,48.90289],[-99.41678,48.90336],[-99.41684,48.9037],[-99.41687,48.90554],[-99.41731,48.90632],[-99.41739,48.90666],[-99.41738,48.9068],[-99.417,48.9074],[-99.41693,48.90769],[-99.41671,48.91325],[-99.41666,48.91674],[-99.41671,48.92098],[-99.41679,48.92145],[-99.4167,48.92275],[-99.41676,48.92948],[-99.41664,48.93126],[-99.41584,48.93233],[-99.41559,48.93292],[-99.41574,48.93312],[-99.4162,48.93318],[-99.41645,48.9333],[-99.41672,48.93361],[-99.41671,48.93532]]}},{"type":"Feature","properties":{"segmentId":"osm_9795882"},"geometry":{"type":"LineString","coordinates":[[-99.48265,48.88466],[-99.48838,48.88477],[-99.49337,48.88467]]}},{"type":"Feature","properties":{"segmentId":"osm_9795885"},"geometry":{"type":"LineString","coordinates":[[-99.46869,48.5405],[-99.47073,48.54015]]}},{"type":"Feature","properties":{"segmentId":"osm_9795934"},"geometry":{"type":"LineString","coordinates":[[-99.38557,48.67086],[-99.38596,48.67069],[-99.38596,48.67052],[-99.3854,48.67044],[-99.38472,48.67045],[-99.38449,48.67054],[-99.38439,48.67072]]}},{"type":"Feature","properties":{"segmentId":"osm_9795975","name":"62nd Avenue Northeast"},"geometry":{"type":"LineString","coordinates":[[-99.35069,48.89048],[-99.35068,48.91428],[-99.3506,48.91833],[-99.3507,48.92103],[-99.35052,48.92375],[-99.35063,48.92419],[-99.35064,48.92487],[-99.35048,48.92539],[-99.34999,48.92601],[-99.35005,48.92618],[-99.35047,48.92647],[-99.35061,48.92683],[-99.35052,48.93012],[-99.35059,48.9353]]}},{"type":"Feature","properties":{"segmentId":"osm_9795979"},"geometry":{"type":"LineString","coordinates":[[-99.37521,48.93986],[-99.37495,48.93972]]}},{"type":"Feature","properties":{"segmentId":"osm_9796008"},"geometry":{"type":"LineString","coordinates":[[-99.44974,48.60267],[-99.44968,48.59271]]}},{"type":"Feature","properties":{"segmentId":"osm_9796017"},"geometry":{"type":"LineString","coordinates":[[-99.40602,48.6098],[-99.40757,48.60963],[-99.40771,48.60958],[-99.40779,48.60946]]}},{"type":"Feature","properties":{"segmentId":"osm_9796019"},"geometry":{"type":"LineString","coordinates":[[-99.38355,48.61084],[-99.38323,48.61046],[-99.38315,48.61019],[-99.38358,48.60968],[-99.38378,48.60964],[-99.38415,48.60967]]}},{"type":"Feature","properties":{"segmentId":"osm_9796095","name":"55th Avenue Northeast"},"geometry":{"type":"LineString","coordinates":[[-99.47159,48.61217],[-99.47155,48.56454]]}},{"type":"Feature","properties":{"segmentId":"osm_9796166"},"geometry":{"type":"LineString","coordinates":[[-99.51541,48.86298],[-99.51551,48.86308],[-99.51554,48.86439]]}},{"type":"Feature","properties":{"segmentId":"osm_9796194"},"geometry":{"type":"LineString","coordinates":[[-99.47264,48.93303],[-99.4697,48.93304],[-99.46949,48.93318],[-99.46942,48.93348],[-99.46902,48.93387]]}},{"type":"Feature","properties":{"segmentId":"osm_9796207"},"geometry":{"type":"LineString","coordinates":[[-99.39398,48.91504],[-99.39441,48.91485],[-99.39478,48.91452],[-99.39482,48.9142],[-99.39469,48.91367],[-99.39484,48.91352],[-99.39505,48.91347],[-99.41002,48.91353],[-99.41188,48.91362],[-99.41464,48.91341],[-99.4161,48.91353],[-99.4164,48.91347],[-99.41671,48.91325]]}},{"type":"Feature","properties":{"segmentId":"osm_9796212","name":"103rd Street Northeast"},"geometry":{"type":"LineString","coordinates":[[-99.38905,48.90629],[-99.341,48.90637],[-99.33527,48.90629],[-99.32874,48.90636]]}},{"type":"Feature","properties":{"segmentId":"osm_9796216"},"geometry":{"type":"LineString","coordinates":[[-99.35139,48.89044],[-99.35094,48.89042],[-99.35069,48.89048]]}},{"type":"Feature","properties":{"segmentId":"osm_9796231"},"geometry":{"type":"LineString","coordinates":[[-99.4821,48.79801],[-99.48218,48.79053]]}},{"type":"Feature","properties":{"segmentId":"osm_9796232"},"geometry":{"type":"LineString","coordinates":[[-99.47194,48.79068],[-99.47322,48.79077],[-99.48218,48.79087]]}},{"type":"Feature","properties":{"segmentId":"osm_9796237"},"geometry":{"type":"LineString","coordinates":[[-99.34743,48.7906],[-99.35728,48.79064],[-99.36116,48.79062],[-99.36155,48.79056],[-99.36302,48.79064],[-99.36384,48.79061],[-99.36385,48.79051],[-99.36406,48.79035],[-99.36471,48.79039],[-99.36659,48.79082],[-99.36801,48.7908],[-99.36959,48.79051],[-99.37051,48.79054],[-99.37109,48.7907],[-99.37255,48.79064]]}},{"type":"Feature","properties":{"segmentId":"osm_9796245"},"geometry":{"type":"LineString","coordinates":[[-99.36167,48.80507],[-99.36152,48.80487],[-99.36149,48.80397]]}},{"type":"Feature","properties":{"segmentId":"osm_9796350"},"geometry":{"type":"LineString","coordinates":[[-99.4702,48.61214],[-99.47007,48.61222],[-99.46993,48.61247],[-99.46952,48.61257],[-99.46895,48.61259]]}},{"type":"Feature","properties":{"segmentId":"osm_9796356"},"geometry":{"type":"LineString","coordinates":[[-99.39446,48.71827],[-99.39452,48.72171],[-99.39461,48.72264],[-99.39453,48.72405]]}},{"type":"Feature","properties":{"segmentId":"osm_9796357"},"geometry":{"type":"LineString","coordinates":[[-99.46029,48.79066],[-99.44009,48.7906],[-99.43975,48.79056],[-99.4392,48.79035],[-99.4382,48.7906],[-99.43483,48.7906]]}},{"type":"Feature","properties":{"segmentId":"osm_9796358"},"geometry":{"type":"LineString","coordinates":[[-99.3742,48.73673],[-99.37467,48.73674],[-99.3752,48.73654],[-99.37568,48.73647],[-99.37638,48.73669]]}},{"type":"Feature","properties":{"segmentId":"osm_9796367"},"geometry":{"type":"LineString","coordinates":[[-99.36848,48.8067],[-99.3687,48.807],[-99.36894,48.80716],[-99.36968,48.80734],[-99.37023,48.80767],[-99.3726,48.80783]]}},{"type":"Feature","properties":{"segmentId":"osm_9796371"},"geometry":{"type":"LineString","coordinates":[[-99.37288,48.78154],[-99.3726,48.7821],[-99.37251,48.78442],[-99.37236,48.7848],[-99.37249,48.78526],[-99.37254,48.78763],[-99.37264,48.78811],[-99.37254,48.78858],[-99.3726,48.79841],[-99.3725,48.80191],[-99.37257,48.80391]]}},{"type":"Feature","properties":{"segmentId":"osm_9796397"},"geometry":{"type":"LineString","coordinates":[[-99.38943,48.8195],[-99.38956,48.81962],[-99.39064,48.82304],[-99.39078,48.82308],[-99.39164,48.82305],[-99.39192,48.82317]]}},{"type":"Feature","properties":{"segmentId":"osm_9796432"},"geometry":{"type":"LineString","coordinates":[[-99.48421,48.90633],[-99.48583,48.9058],[-99.48588,48.90517],[-99.48544,48.9045],[-99.48541,48.90404]]}},{"type":"Feature","properties":{"segmentId":"osm_9796487"},"geometry":{"type":"LineString","coordinates":[[-99.48202,48.80505],[-99.48221,48.80483],[-99.48207,48.80366],[-99.4818,48.8032],[-99.4819,48.8031],[-99.48223,48.80303],[-99.48238,48.80293],[-99.48251,48.80255],[-99.48292,48.80253]]}},{"type":"Feature","properties":{"segmentId":"osm_9796572"},"geometry":{"type":"LineString","coordinates":[[-99.43882,48.89332],[-99.43911,48.89335],[-99.43995,48.89312]]}},{"type":"Feature","properties":{"segmentId":"osm_9796575"},"geometry":{"type":"LineString","coordinates":[[-99.41639,48.77622],[-99.41642,48.76171]]}},{"type":"Feature","properties":{"segmentId":"osm_9796577"},"geometry":{"type":"LineString","coordinates":[[-99.41917,48.96414],[-99.41908,48.96558],[-99.41919,48.96597]]}},{"type":"Feature","properties":{"segmentId":"osm_9796585"},"geometry":{"type":"LineString","coordinates":[[-99.50404,48.77472],[-99.50403,48.77626]]}},{"type":"Feature","properties":{"segmentId":"osm_9796590"},"geometry":{"type":"LineString","coordinates":[[-99.39443,48.99317],[-99.39437,48.99912]]}},{"type":"Feature","properties":{"segmentId":"osm_9796592"},"geometry":{"type":"LineString","coordinates":[[-99.36515,48.99339],[-99.36544,48.99496],[-99.36546,48.99678]]}},{"type":"Feature","properties":{"segmentId":"osm_9796601"},"geometry":{"type":"LineString","coordinates":[[-99.36278,48.53008],[-99.37014,48.53014],[-99.38426,48.53011]]}},{"type":"Feature","properties":{"segmentId":"osm_9796614"},"geometry":{"type":"LineString","coordinates":[[-99.35076,48.86301],[-99.35066,48.85379],[-99.35072,48.85305],[-99.35082,48.85287]]}},{"type":"Feature","properties":{"segmentId":"osm_9796617"},"geometry":{"type":"LineString","coordinates":[[-99.37554,48.73648],[-99.37469,48.73624]]}},{"type":"Feature","properties":{"segmentId":"osm_9796637"},"geometry":{"type":"LineString","coordinates":[[-99.4822,48.77618],[-99.48218,48.79053],[-99.48247,48.79067],[-99.49294,48.79062],[-99.4932,48.79072]]}},{"type":"Feature","properties":{"segmentId":"osm_9796655"},"geometry":{"type":"LineString","coordinates":[[-99.42336,48.87511],[-99.42398,48.87496],[-99.42416,48.87499],[-99.42437,48.87507],[-99.42504,48.87561],[-99.42537,48.87576],[-99.42684,48.87581],[-99.42731,48.87588]]}},{"type":"Feature","properties":{"segmentId":"osm_9796754"},"geometry":{"type":"LineString","coordinates":[[-99.45782,48.71761],[-99.45753,48.71776],[-99.45717,48.7178]]}},{"type":"Feature","properties":{"segmentId":"osm_9796771"},"geometry":{"type":"LineString","coordinates":[[-99.42174,48.88272],[-99.42223,48.8827],[-99.4229,48.88294],[-99.42329,48.88288]]}},{"type":"Feature","properties":{"segmentId":"osm_9796776"},"geometry":{"type":"LineString","coordinates":[[-99.41711,48.88106],[-99.41724,48.88123],[-99.41731,48.88261],[-99.41717,48.88272]]}},{"type":"Feature","properties":{"segmentId":"osm_9796795"},"geometry":{"type":"LineString","coordinates":[[-99.41337,48.96375],[-99.41317,48.96346],[-99.41312,48.96317],[-99.41197,48.96187],[-99.41167,48.96064],[-99.41145,48.96025],[-99.41095,48.95976]]}},{"type":"Feature","properties":{"segmentId":"osm_9796799"},"geometry":{"type":"LineString","coordinates":[[-99.35065,48.78469],[-99.34873,48.78479],[-99.34694,48.78468],[-99.34098,48.78478],[-99.34028,48.78467],[-99.33987,48.78453],[-99.33936,48.78421],[-99.33897,48.78384]]}},{"type":"Feature","properties":{"segmentId":"osm_9796876"},"geometry":{"type":"LineString","coordinates":[[-99.41492,48.75222],[-99.4154,48.75201],[-99.41499,48.7506],[-99.41499,48.75006],[-99.41525,48.74854],[-99.41557,48.74791],[-99.4157,48.74736],[-99.4159,48.74726]]}},{"type":"Feature","properties":{"segmentId":"osm_9796880"},"geometry":{"type":"LineString","coordinates":[[-99.40566,48.73274],[-99.40559,48.7311],[-99.40591,48.73034]]}},{"type":"Feature","properties":{"segmentId":"osm_9796899"},"geometry":{"type":"LineString","coordinates":[[-99.37901,48.62792],[-99.38001,48.62883],[-99.38002,48.62898]]}},{"type":"Feature","properties":{"segmentId":"osm_9796900"},"geometry":{"type":"LineString","coordinates":[[-99.4902,48.77621],[-99.49028,48.77605],[-99.49014,48.77224]]}},{"type":"Feature","properties":{"segmentId":"osm_9796929"},"geometry":{"type":"LineString","coordinates":[[-99.48247,48.53031],[-99.48248,48.53244]]}},{"type":"Feature","properties":{"segmentId":"osm_9796932"},"geometry":{"type":"LineString","coordinates":[[-99.38042,48.73613],[-99.38028,48.736],[-99.38014,48.736],[-99.3792,48.73614],[-99.37748,48.73614],[-99.37704,48.73591],[-99.37698,48.73572]]}},{"type":"Feature","properties":{"segmentId":"osm_9796934"},"geometry":{"type":"LineString","coordinates":[[-99.37649,48.73576],[-99.37467,48.73516]]}},{"type":"Feature","properties":{"segmentId":"osm_9796963"},"geometry":{"type":"LineString","coordinates":[[-99.50004,48.84265],[-99.4999,48.84235],[-99.49901,48.84181]]}},{"type":"Feature","properties":{"segmentId":"osm_9796965"},"geometry":{"type":"LineString","coordinates":[[-99.48618,48.7412],[-99.48793,48.74088],[-99.49031,48.74012],[-99.49562,48.74002],[-99.49632,48.73984]]}},{"type":"Feature","properties":{"segmentId":"osm_9796999","name":"1st Avenue West"},"geometry":{"type":"LineString","coordinates":[[-99.38052,48.62804],[-99.38132,48.62803],[-99.38414,48.6266]]}},{"type":"Feature","properties":{"segmentId":"osm_9797044"},"geometry":{"type":"LineString","coordinates":[[-99.48916,48.56999],[-99.48891,48.57007],[-99.48879,48.57038],[-99.48826,48.57042],[-99.48804,48.57057]]}},{"type":"Feature","properties":{"segmentId":"osm_9797048"},"geometry":{"type":"LineString","coordinates":[[-99.36218,48.70394],[-99.36852,48.70394],[-99.37033,48.70388],[-99.37041,48.70392],[-99.37019,48.7042],[-99.37019,48.70445],[-99.37049,48.70534],[-99.3713,48.70577],[-99.37237,48.70673],[-99.37441,48.70739]]}},{"type":"Feature","properties":{"segmentId":"osm_9797056"},"geometry":{"type":"LineString","coordinates":[[-99.3622,48.6913],[-99.36409,48.69127],[-99.36506,48.69119],[-99.36616,48.69128],[-99.3683,48.69127],[-99.36922,48.69113],[-99.37021,48.69113]]}},{"type":"Feature","properties":{"segmentId":"osm_9797135"},"geometry":{"type":"LineString","coordinates":[[-99.36356,48.65401],[-99.36353,48.65333],[-99.36339,48.65328],[-99.36227,48.65324]]}},{"type":"Feature","properties":{"segmentId":"osm_9797165"},"geometry":{"type":"LineString","coordinates":[[-99.39454,48.72202],[-99.39475,48.72219],[-99.39575,48.72237],[-99.39594,48.72251],[-99.396,48.72269],[-99.39567,48.72293],[-99.39483,48.72308],[-99.39456,48.72319]]}},{"type":"Feature","properties":{"segmentId":"osm_9797174"},"geometry":{"type":"LineString","coordinates":[[-99.47242,48.70415],[-99.47236,48.70426],[-99.47172,48.70433],[-99.47157,48.70423]]}},{"type":"Feature","properties":{"segmentId":"osm_9797189","name":"109th Street Northeast"},"geometry":{"type":"LineString","coordinates":[[-99.59184,48.99344],[-99.54778,48.99334],[-99.52739,48.99322],[-99.52067,48.99336],[-99.50814,48.99317],[-99.50127,48.99316],[-99.49926,48.9932],[-99.49814,48.99338],[-99.49683,48.9932],[-99.49363,48.9932]]}},{"type":"Feature","properties":{"segmentId":"osm_9797239"},"geometry":{"type":"LineString","coordinates":[[-99.49309,48.66073],[-99.4907,48.66074],[-99.49056,48.66079],[-99.49047,48.66092],[-99.49055,48.66206],[-99.49073,48.66224],[-99.49108,48.66232],[-99.4912,48.66244],[-99.49115,48.66266],[-99.49074,48.66302]]}},{"type":"Feature","properties":{"segmentId":"osm_9797244","name":"86th Street Northeast"},"geometry":{"type":"LineString","coordinates":[[-99.47793,48.66067],[-99.47645,48.66068],[-99.47567,48.66088],[-99.47465,48.6607],[-99.45097,48.66067]]}},{"type":"Feature","properties":{"segmentId":"osm_9797249"},"geometry":{"type":"LineString","coordinates":[[-99.44171,48.66065],[-99.44169,48.66013]]}},{"type":"Feature","properties":{"segmentId":"osm_9797250"},"geometry":{"type":"LineString","coordinates":[[-99.4467,48.66068],[-99.44669,48.65714],[-99.44661,48.65677],[-99.44673,48.65632],[-99.4467,48.65135]]}},{"type":"Feature","properties":{"segmentId":"osm_9797257","name":"Thien Street"},"geometry":{"type":"LineString","coordinates":[[-99.38039,48.62472],[-99.38414,48.62787]]}},{"type":"Feature","properties":{"segmentId":"osm_9797269","name":"89th Street Northeast"},"geometry":{"type":"LineString","coordinates":[[-99.38404,48.70393],[-99.44966,48.70408]]}},{"type":"Feature","properties":{"segmentId":"osm_9797276","name":"81st Street Northeast"},"geometry":{"type":"LineString","coordinates":[[-99.49316,48.5883],[-99.47153,48.58826]]}},{"type":"Feature","properties":{"segmentId":"osm_9797284","name":"81st Street Northeast"},"geometry":{"type":"LineString","coordinates":[[-99.3842,48.58812],[-99.40802,48.58803],[-99.42432,48.58815]]}},{"type":"Feature","properties":{"segmentId":"osm_9797291","name":"83rd Street Northeast"},"geometry":{"type":"LineString","coordinates":[[-99.38416,48.61708],[-99.41378,48.61707],[-99.49313,48.61727]]}},{"type":"Feature","properties":{"segmentId":"osm_9797301","name":"3rd Avenue"},"geometry":{"type":"LineString","coordinates":[[-99.38012,48.94967],[-99.38013,48.95275]]}},{"type":"Feature","properties":{"segmentId":"osm_9797311","name":"107th Street Northeast"},"geometry":{"type":"LineString","coordinates":[[-99.43841,48.96406],[-99.40787,48.96419],[-99.40499,48.96411],[-99.40157,48.9642],[-99.39535,48.96421],[-99.39447,48.96417]]}},{"type":"Feature","properties":{"segmentId":"osm_9797318","name":"108th Street Northeast"},"geometry":{"type":"LineString","coordinates":[[-99.39442,48.97876],[-99.37305,48.97884],[-99.37274,48.9787],[-99.37273,48.97692],[-99.37265,48.97676],[-99.37248,48.97667]]}},{"type":"Feature","properties":{"segmentId":"osm_9797328","name":"State Highway 4"},"geometry":{"type":"LineString","coordinates":[[-99.36574,48.97888],[-99.35705,48.9789]]}},{"type":"Feature","properties":{"segmentId":"osm_9797332","name":"108th Street Northeast"},"geometry":{"type":"LineString","coordinates":[[-99.50446,48.97875],[-99.48239,48.97877]]}},{"type":"Feature","properties":{"segmentId":"osm_9797342","name":"91st Street Northeast"},"geometry":{"type":"LineString","coordinates":[[-99.26311,48.73264],[-99.39036,48.73272]]}},{"type":"Feature","properties":{"segmentId":"osm_9797387","name":"60th Avenue Northeast"},"geometry":{"type":"LineString","coordinates":[[-99.36257,48.64602],[-99.3624,48.64609],[-99.36229,48.64623],[-99.36227,48.64643],[-99.36217,48.71823]]}},{"type":"Feature","properties":{"segmentId":"osm_9797393","name":"60th Avenue Northeast"},"geometry":{"type":"LineString","coordinates":[[-99.36231,48.61687],[-99.36222,48.62436]]}},{"type":"Feature","properties":{"segmentId":"osm_9797397","name":"60th Avenue Northeast"},"geometry":{"type":"LineString","coordinates":[[-99.37319,48.63153],[-99.37321,48.64577],[-99.37308,48.64594],[-99.37287,48.646]]}},{"type":"Feature","properties":{"segmentId":"osm_9797399","name":"60th Avenue Northeast"},"geometry":{"type":"LineString","coordinates":[[-99.39479,48.87736],[-99.39485,48.87897],[-99.39502,48.87969],[-99.39478,48.88178],[-99.39484,48.89181]]}},{"type":"Feature","properties":{"segmentId":"osm_9797401","name":"60th Avenue Northeast"},"geometry":{"type":"LineString","coordinates":[[-99.39469,48.834],[-99.3947,48.84054]]}},{"type":"Feature","properties":{"segmentId":"osm_9797405","name":"60th Avenue Northeast"},"geometry":{"type":"LineString","coordinates":[[-99.39439,48.76165],[-99.39455,48.80481],[-99.39438,48.80501]]}},{"type":"Feature","properties":{"segmentId":"osm_9797410","name":"60th Avenue Northeast"},"geometry":{"type":"LineString","coordinates":[[-99.393,48.9154],[-99.39318,48.91547],[-99.39445,48.91562],[-99.39465,48.91571],[-99.3948,48.91592],[-99.39468,48.92889],[-99.39459,48.92968],[-99.39566,48.9304],[-99.39619,48.93061],[-99.39739,48.9308],[-99.39763,48.93099],[-99.39741,48.93139],[-99.39717,48.93157],[-99.39697,48.93162],[-99.39562,48.93138],[-99.39471,48.93158],[-99.39462,48.93189],[-99.39454,48.94962]]}},{"type":"Feature","properties":{"segmentId":"osm_9797413","name":"60th Avenue Northeast"},"geometry":{"type":"LineString","coordinates":[[-99.36237,48.56486],[-99.3623,48.56632],[-99.36236,48.56719]]}},{"type":"Feature","properties":{"segmentId":"osm_9797418","name":"5th Avenue West"},"geometry":{"type":"LineString","coordinates":[[-99.37824,48.62458],[-99.37707,48.62514]]}},{"type":"Feature","properties":{"segmentId":"osm_9797422","name":"Main Street"},"geometry":{"type":"LineString","coordinates":[[-99.38327,48.95275],[-99.37259,48.95278]]}},{"type":"Feature","properties":{"segmentId":"osm_9797423","name":"Main Street"},"geometry":{"type":"LineString","coordinates":[[-99.37707,48.62514],[-99.37902,48.62671],[-99.37914,48.62692],[-99.38411,48.63115]]}},{"type":"Feature","properties":{"segmentId":"osm_9797425"},"geometry":{"type":"LineString","coordinates":[[-99.38186,48.62803],[-99.38414,48.62806]]}},{"type":"Feature","properties":{"segmentId":"osm_9797427","name":"Head Street"},"geometry":{"type":"LineString","coordinates":[[-99.46053,48.71139],[-99.46045,48.71833]]}},{"type":"Feature","properties":{"segmentId":"osm_9797452","name":"77th Street Northeast"},"geometry":{"type":"LineString","coordinates":[[-99.38426,48.53011],[-99.49321,48.53034]]}},{"type":"Feature","properties":{"segmentId":"osm_9797455","name":"Loft Street"},"geometry":{"type":"LineString","coordinates":[[-99.37859,48.95184],[-99.37882,48.95175],[-99.38323,48.9517]]}},{"type":"Feature","properties":{"segmentId":"osm_9797533","name":"Bisbee Road"},"geometry":{"type":"LineString","coordinates":[[-99.34115,48.60369],[-99.36268,48.61406],[-99.36455,48.61505],[-99.36591,48.61598],[-99.37493,48.62355],[-99.37549,48.62397],[-99.37595,48.62417],[-99.37707,48.62514]]}},{"type":"Feature","properties":{"segmentId":"osm_9797535","name":"106th Street Northeast"},"geometry":{"type":"LineString","coordinates":[[-99.37256,48.94969],[-99.37463,48.94969]]}},{"type":"Feature","properties":{"segmentId":"osm_9797539","name":"106th Street Northeast"},"geometry":{"type":"LineString","coordinates":[[-99.4259,48.94964],[-99.43806,48.9496],[-99.44675,48.94967],[-99.44749,48.94979],[-99.44954,48.9504],[-99.45021,48.95047],[-99.45082,48.95043],[-99.45427,48.94978],[-99.45528,48.94971],[-99.50277,48.94972],[-99.52596,48.94979]]}},{"type":"Feature","properties":{"segmentId":"osm_9797540","name":"County Road 4"},"geometry":{"type":"LineString","coordinates":[[-99.37256,48.94969],[-99.28551,48.94996],[-99.26284,48.94997]]}},{"type":"Feature","properties":{"segmentId":"osm_9797556","name":"88th Street Northeast"},"geometry":{"type":"LineString","coordinates":[[-99.49307,48.68976],[-99.487,48.6898],[-99.48494,48.68965],[-99.4844,48.68952],[-99.48409,48.68956],[-99.48339,48.68981],[-99.48276,48.68976],[-99.47893,48.68979],[-99.47152,48.68971]]}},{"type":"Feature","properties":{"segmentId":"osm_9797563","name":"88th Street Northeast"},"geometry":{"type":"LineString","coordinates":[[-99.47152,48.68971],[-99.46857,48.68968],[-99.46783,48.68946],[-99.46662,48.68968],[-99.46373,48.68974],[-99.46346,48.68996],[-99.46323,48.69],[-99.46277,48.68969],[-99.46078,48.68968],[-99.46012,48.6896],[-99.45478,48.68958],[-99.45382,48.68953],[-99.4531,48.68953],[-99.45251,48.68963],[-99.43873,48.68959],[-99.43784,48.68981],[-99.43739,48.68966],[-99.43688,48.6896],[-99.4346,48.68957],[-99.43322,48.68962],[-99.42752,48.68954]]}},{"type":"Feature","properties":{"segmentId":"osm_9797567","name":"88th Street Northeast"},"geometry":{"type":"LineString","coordinates":[[-99.38405,48.6895],[-99.40593,48.68954]]}},{"type":"Feature","properties":{"segmentId":"osm_9797606","name":"55th Avenue Northeast"},"geometry":{"type":"LineString","coordinates":[[-99.50401,48.79063],[-99.50462,48.79783],[-99.5045,48.79795],[-99.50459,48.80029],[-99.50455,48.80128],[-99.50462,48.8017],[-99.50451,48.80217],[-99.50403,48.80269],[-99.50403,48.80276],[-99.50433,48.80293],[-99.50448,48.80313],[-99.50428,48.80505]]}},{"type":"Feature","properties":{"segmentId":"osm_9797609","name":"55th Avenue Northeast"},"geometry":{"type":"LineString","coordinates":[[-99.51136,48.86317],[-99.51055,48.86317],[-99.51031,48.8633],[-99.51028,48.86377],[-99.50686,48.86677],[-99.50679,48.86776],[-99.5062,48.86868],[-99.50537,48.86976],[-99.50458,48.87037],[-99.50457,48.8802],[-99.50415,48.88067],[-99.50448,48.88158],[-99.50467,48.88353],[-99.5046,48.88426]]}},{"type":"Feature","properties":{"segmentId":"osm_9797612","name":"55th Avenue Northeast"},"geometry":{"type":"LineString","coordinates":[[-99.50396,48.71838],[-99.50405,48.76179]]}},{"type":"Feature","properties":{"segmentId":"osm_9797625","name":"55th Avenue Northeast"},"geometry":{"type":"LineString","coordinates":[[-99.50448,48.94973],[-99.50446,48.97875]]}},{"type":"Feature","properties":{"segmentId":"osm_9797627","name":"55th Avenue Northeast"},"geometry":{"type":"LineString","coordinates":[[-99.50457,48.90646],[-99.50456,48.92079]]}},{"type":"Feature","properties":{"segmentId":"osm_9797629","name":"55th Avenue Northeast"},"geometry":{"type":"LineString","coordinates":[[-99.47157,48.70414],[-99.47155,48.71833]]}},{"type":"Feature","properties":{"segmentId":"osm_9797631","name":"55th Avenue Northeast"},"geometry":{"type":"LineString","coordinates":[[-99.4715,48.67518],[-99.47147,48.6823],[-99.47157,48.68424],[-99.47152,48.68971]]}},{"type":"Feature","properties":{"segmentId":"osm_9797634","name":"55th Avenue Northeast"},"geometry":{"type":"LineString","coordinates":[[-99.47151,48.53029],[-99.47156,48.5448]]}},{"type":"Feature","properties":{"segmentId":"osm_9797647","name":"99th Street Northeast"},"geometry":{"type":"LineString","coordinates":[[-99.41496,48.8484],[-99.37267,48.84849]]}},{"type":"Feature","properties":{"segmentId":"osm_9797649","name":"99th Street Northeast"},"geometry":{"type":"LineString","coordinates":[[-99.46058,48.84849],[-99.48827,48.84849],[-99.48991,48.84891],[-99.49162,48.84944],[-99.49208,48.84979],[-99.49222,48.85032],[-99.4924,48.85053],[-99.49389,48.85106],[-99.49486,48.85119],[-99.49898,48.85121],[-99.4993,48.8511],[-99.49939,48.85095],[-99.49946,48.84859],[-99.49968,48.84848],[-99.49998,48.84848]]}},{"type":"Feature","properties":{"segmentId":"osm_9797656","name":"56th Avenue Northeast"},"geometry":{"type":"LineString","coordinates":[[-99.44973,48.48846],[-99.44968,48.53027]]}},{"type":"Feature","properties":{"segmentId":"osm_9797659","name":"56th Avenue Northeast"},"geometry":{"type":"LineString","coordinates":[[-99.48207,48.71835],[-99.4822,48.77618]]}},{"type":"Feature","properties":{"segmentId":"osm_9797661","name":"56th Avenue Northeast"},"geometry":{"type":"LineString","coordinates":[[-99.44968,48.56092],[-99.44973,48.56667]]}},{"type":"Feature","properties":{"segmentId":"osm_9797663","name":"56th Avenue Northeast"},"geometry":{"type":"LineString","coordinates":[[-99.44974,48.60267],[-99.44969,48.63167]]}},{"type":"Feature","properties":{"segmentId":"osm_9797665","name":"56th Avenue Northeast"},"geometry":{"type":"LineString","coordinates":[[-99.48229,48.81951],[-99.48224,48.82205],[-99.48233,48.82532],[-99.48253,48.86297]]}},{"type":"Feature","properties":{"segmentId":"osm_9797670","name":"56th Avenue Northeast"},"geometry":{"type":"LineString","coordinates":[[-99.4827,48.94972],[-99.48427,48.95179],[-99.48439,48.952],[-99.48441,48.95228],[-99.48436,48.95246],[-99.48412,48.9527],[-99.48274,48.95347],[-99.48256,48.95368],[-99.48248,48.95397],[-99.48233,48.96964],[-99.48239,48.97877]]}},{"type":"Feature","properties":{"segmentId":"osm_9797673","name":"56th Avenue Northeast"},"geometry":{"type":"LineString","coordinates":[[-99.44934,48.66198],[-99.44955,48.66241],[-99.44965,48.66322],[-99.44966,48.70516],[-99.44989,48.70616]]}},{"type":"Feature","properties":{"segmentId":"osm_9797689","name":"93rd Street Northeast"},"geometry":{"type":"LineString","coordinates":[[-99.41693,48.76171],[-99.38831,48.76164],[-99.32375,48.7616],[-99.26305,48.76163]]}},{"type":"Feature","properties":{"segmentId":"osm_9797695","name":"Main Avenue"},"geometry":{"type":"LineString","coordinates":[[-99.46051,48.71528],[-99.45692,48.71664]]}},{"type":"Feature","properties":{"segmentId":"osm_9797701","name":"State Highway 4"},"geometry":{"type":"LineString","coordinates":[[-99.35362,48.97919],[-99.3528,48.97949],[-99.35207,48.97992],[-99.35156,48.98035],[-99.35104,48.98106]]}},{"type":"Feature","properties":{"segmentId":"osm_9797703","name":"State Highway 4"},"geometry":{"type":"LineString","coordinates":[[-99.37267,48.89185],[-99.37266,48.86297]]}},{"type":"Feature","properties":{"segmentId":"osm_9797709","name":"State Highway 4"},"geometry":{"type":"LineString","coordinates":[[-99.35061,48.9937],[-99.35041,48.99428],[-99.35,48.99498],[-99.34929,48.99582],[-99.34824,48.99686]]}},{"type":"Feature","properties":{"segmentId":"osm_9797712","name":"State Highway 4"},"geometry":{"type":"LineString","coordinates":[[-99.37267,48.89185],[-99.37256,48.94969]]}},{"type":"Feature","properties":{"segmentId":"osm_9797725","name":"Eastling Street"},"geometry":{"type":"LineString","coordinates":[[-99.37866,48.62429],[-99.37993,48.62433]]}},{"type":"Feature","properties":{"segmentId":"osm_9797726","name":"Eastling Street"},"geometry":{"type":"LineString","coordinates":[[-99.38351,48.62433],[-99.38116,48.62432]]}},{"type":"Feature","properties":{"segmentId":"osm_9797728","name":"4th Avenue West"},"geometry":{"type":"LineString","coordinates":[[-99.38116,48.62432],[-99.3776,48.62613]]}},{"type":"Feature","properties":{"segmentId":"osm_9797743","name":"4th Street"},"geometry":{"type":"LineString","coordinates":[[-99.37414,48.62671],[-99.37407,48.62689],[-99.37416,48.62744],[-99.37438,48.628],[-99.37437,48.62906]]}},{"type":"Feature","properties":{"segmentId":"osm_9797815","name":"2nd Avenue West"},"geometry":{"type":"LineString","coordinates":[[-99.45883,48.71352],[-99.45651,48.71442]]}},{"type":"Feature","properties":{"segmentId":"osm_9797816","name":"2nd Avenue West"},"geometry":{"type":"LineString","coordinates":[[-99.38413,48.62556],[-99.38321,48.62577],[-99.37901,48.62792]]}},{"type":"Feature","properties":{"segmentId":"osm_9797836"},"geometry":{"type":"LineString","coordinates":[[-99.27013,48.80513],[-99.28904,48.80512],[-99.29039,48.80517],[-99.29236,48.80538],[-99.29393,48.80567],[-99.29494,48.80592],[-99.29712,48.80665],[-99.29914,48.8076],[-99.30039,48.8084],[-99.30162,48.80936],[-99.35905,48.86016],[-99.36034,48.86121],[-99.36121,48.86178],[-99.36241,48.86231],[-99.36331,48.86259],[-99.36475,48.86287],[-99.3665,48.86298],[-99.39184,48.86292],[-99.46388,48.86299],[-99.50138,48.86294],[-99.52576,48.86301]]}},{"type":"Feature","properties":{"segmentId":"osm_9797859","name":"104th Street Northeast"},"geometry":{"type":"LineString","coordinates":[[-99.52538,48.92089],[-99.50456,48.92079]]}},{"type":"Feature","properties":{"segmentId":"osm_9797862","name":"2nd Street"},"geometry":{"type":"LineString","coordinates":[[-99.45697,48.7129],[-99.45692,48.71304],[-99.46036,48.71701],[-99.46048,48.71726]]}},{"type":"Feature","properties":{"segmentId":"osm_9797866","name":"2nd Street"},"geometry":{"type":"LineString","coordinates":[[-99.37754,48.62803],[-99.37748,48.63154]]}},{"type":"Feature","properties":{"segmentId":"osm_9797867","name":"2nd Street"},"geometry":{"type":"LineString","coordinates":[[-99.45692,48.71304],[-99.45664,48.71303]]}},{"type":"Feature","properties":{"segmentId":"osm_9797907","name":"86th Street Northeast"},"geometry":{"type":"LineString","coordinates":[[-99.29743,48.66052],[-99.35334,48.66046],[-99.3841,48.66051]]}},{"type":"Feature","properties":{"segmentId":"osm_9797913","name":"86th Street Northeast"},"geometry":{"type":"LineString","coordinates":[[-99.4479,48.66096],[-99.44726,48.66077],[-99.44656,48.66066],[-99.43079,48.66059],[-99.42964,48.66035],[-99.42901,48.66006],[-99.42863,48.65979]]}},{"type":"Feature","properties":{"segmentId":"osm_9797917","name":"105th Street Northeast"},"geometry":{"type":"LineString","coordinates":[[-99.35059,48.9353],[-99.37255,48.93528]]}},{"type":"Feature","properties":{"segmentId":"osm_9797920","name":"105th Street Northeast"},"geometry":{"type":"LineString","coordinates":[[-99.41671,48.93532],[-99.41709,48.93522],[-99.4339,48.93511],[-99.46056,48.9353]]}},{"type":"Feature","properties":{"segmentId":"osm_9797937","name":"87th Street Northeast"},"geometry":{"type":"LineString","coordinates":[[-99.23178,48.675],[-99.25043,48.67494],[-99.30082,48.67501],[-99.36604,48.67496],[-99.46361,48.6752],[-99.49309,48.67522]]}},{"type":"Feature","properties":{"segmentId":"osm_9797943","name":"County Road 2"},"geometry":{"type":"LineString","coordinates":[[-99.44989,48.70616],[-99.4502,48.70681],[-99.45061,48.70739],[-99.45526,48.71294],[-99.45878,48.71706],[-99.45995,48.71807],[-99.46013,48.71833]]}},{"type":"Feature","properties":{"segmentId":"osm_9797945","name":"County Road 2"},"geometry":{"type":"LineString","coordinates":[[-99.4479,48.66096],[-99.4487,48.66135],[-99.44934,48.66198]]}},{"type":"Feature","properties":{"segmentId":"osm_9797958","name":"98th Street Northeast"},"geometry":{"type":"LineString","coordinates":[[-99.4605,48.83401],[-99.43961,48.83396],[-99.37264,48.834]]}},{"type":"Feature","properties":{"segmentId":"osm_9797995","name":"97th Street Northeast"},"geometry":{"type":"LineString","coordinates":[[-99.37262,48.81952],[-99.33185,48.81954],[-99.33134,48.81952],[-99.33073,48.81941],[-99.33002,48.8194],[-99.32878,48.81954],[-99.31318,48.81959]]}},{"type":"Feature","properties":{"segmentId":"osm_9798003","name":"97th Street Northeast"},"geometry":{"type":"LineString","coordinates":[[-99.52577,48.81956],[-99.48229,48.81951],[-99.46041,48.81955]]}},{"type":"Feature","properties":{"segmentId":"osm_9798012","name":"Minnesota Street"},"geometry":{"type":"LineString","coordinates":[[-99.38116,48.62432],[-99.38107,48.62358]]}},{"type":"Feature","properties":{"segmentId":"osm_9798022","name":"County Road 4"},"geometry":{"type":"LineString","coordinates":[[-99.37463,48.94969],[-99.39454,48.94962]]}},{"type":"Feature","properties":{"segmentId":"osm_9798023","name":"57th Avenue Northeast"},"geometry":{"type":"LineString","coordinates":[[-99.42787,48.66059],[-99.42784,48.67511]]}},{"type":"Feature","properties":{"segmentId":"osm_9798035","name":"57th Avenue Northeast"},"geometry":{"type":"LineString","coordinates":[[-99.46013,48.71833],[-99.46025,48.71898],[-99.4601,48.71997],[-99.46017,48.72466],[-99.46015,48.7671],[-99.46031,48.795],[-99.4603,48.80689],[-99.46072,48.87209],[-99.46052,48.94973]]}},{"type":"Feature","properties":{"segmentId":"osm_9798039","name":"57th Avenue Northeast"},"geometry":{"type":"LineString","coordinates":[[-99.46053,48.70411],[-99.46053,48.71139]]}},{"type":"Feature","properties":{"segmentId":"osm_9798042","name":"57th Avenue Northeast"},"geometry":{"type":"LineString","coordinates":[[-99.42791,48.53022],[-99.42783,48.54179],[-99.42795,48.55182],[-99.42792,48.57365]]}},{"type":"Feature","properties":{"segmentId":"osm_9798045","name":"57th Avenue Northeast"},"geometry":{"type":"LineString","coordinates":[[-99.42785,48.63165],[-99.42782,48.65834],[-99.42791,48.6589],[-99.42828,48.65946],[-99.42863,48.65979]]}},{"type":"Feature","properties":{"segmentId":"osm_9798050","name":"Hansen Street"},"geometry":{"type":"LineString","coordinates":[[-99.38002,48.62898],[-99.37984,48.62909],[-99.37437,48.62906]]}},{"type":"Feature","properties":{"segmentId":"osm_9798052","name":"Lincoln Street"},"geometry":{"type":"LineString","coordinates":[[-99.38252,48.62487],[-99.38351,48.62568]]}},{"type":"Feature","properties":{"segmentId":"osm_9798054","name":"6th Avenue East"},"geometry":{"type":"LineString","coordinates":[[-99.37383,48.62544],[-99.37444,48.62534],[-99.375,48.62548],[-99.37513,48.62545],[-99.37576,48.62554]]}},{"type":"Feature","properties":{"segmentId":"osm_9798079","name":"62nd Avenue Northeast"},"geometry":{"type":"LineString","coordinates":[[-99.3453,48.94975],[-99.34995,48.95478],[-99.35037,48.95544],[-99.35057,48.95604],[-99.35063,48.95665],[-99.35076,48.9805],[-99.35079,48.98085],[-99.35104,48.98106]]}},{"type":"Feature","properties":{"segmentId":"osm_9798089","name":"62nd Avenue Northeast"},"geometry":{"type":"LineString","coordinates":[[-99.35076,48.86301],[-99.3507,48.87748]]}},{"type":"Feature","properties":{"segmentId":"osm_9798092","name":"State Highway 4"},"geometry":{"type":"LineString","coordinates":[[-99.35076,48.98298],[-99.35073,48.99296]]}},{"type":"Feature","properties":{"segmentId":"osm_9798093","name":"62nd Avenue Northeast"},"geometry":{"type":"LineString","coordinates":[[-99.35142,48.94973],[-99.3513,48.94942],[-99.35067,48.94884],[-99.35062,48.94851],[-99.35059,48.94683],[-99.35068,48.94506],[-99.35049,48.94342],[-99.35058,48.94257],[-99.35058,48.94022]]}},{"type":"Feature","properties":{"segmentId":"osm_9798101","name":"62nd Avenue Northeast"},"geometry":{"type":"LineString","coordinates":[[-99.35062,48.80508],[-99.35071,48.7182]]}},{"type":"Feature","properties":{"segmentId":"osm_9798122","name":"58th Avenue Northeast"},"geometry":{"type":"LineString","coordinates":[[-99.40596,48.63464],[-99.40596,48.66058]]}},{"type":"Feature","properties":{"segmentId":"osm_9798140","name":"58th Avenue Northeast"},"geometry":{"type":"LineString","coordinates":[[-99.43825,48.7328],[-99.43829,48.76173]]}},{"type":"Feature","properties":{"segmentId":"osm_9798157","name":"58th Avenue Northeast"},"geometry":{"type":"LineString","coordinates":[[-99.4383,48.8123],[-99.43846,48.80632],[-99.43825,48.80532],[-99.43849,48.80319],[-99.43846,48.80252],[-99.43834,48.80181],[-99.43818,48.80159],[-99.43743,48.80115],[-99.43686,48.80103],[-99.4375,48.80046],[-99.43664,48.79978],[-99.43702,48.79916],[-99.43842,48.79868],[-99.43836,48.79055]]}},{"type":"Feature","properties":{"segmentId":"osm_9798162","name":"58th Avenue Northeast"},"geometry":{"type":"LineString","coordinates":[[-99.40608,48.55129],[-99.40607,48.55204],[-99.40587,48.55281],[-99.40606,48.55369],[-99.40602,48.55603],[-99.40611,48.55945],[-99.40602,48.60862]]}},{"type":"Feature","properties":{"segmentId":"osm_9798167","name":"58th Avenue Northeast"},"geometry":{"type":"LineString","coordinates":[[-99.43867,48.86297],[-99.43872,48.86857],[-99.43854,48.87473],[-99.43873,48.87842],[-99.4385,48.8798],[-99.43871,48.88035],[-99.43874,48.88182],[-99.43881,48.89712],[-99.43876,48.89951],[-99.43869,48.9001],[-99.43847,48.90033],[-99.43865,48.90107]]}},{"type":"Feature","properties":{"segmentId":"osm_9798169","name":"58th Avenue Northeast"},"geometry":{"type":"LineString","coordinates":[[-99.43854,48.84848],[-99.43861,48.85424]]}},{"type":"Feature","properties":{"segmentId":"osm_9798170","name":"58th Avenue Northeast"},"geometry":{"type":"LineString","coordinates":[[-99.40596,48.67506],[-99.40591,48.70401]]}},{"type":"Feature","properties":{"segmentId":"osm_9798176"},"geometry":{"type":"LineString","coordinates":[[-99.37469,48.62477],[-99.37452,48.62477],[-99.37441,48.62467],[-99.3746,48.62466],[-99.37469,48.62477],[-99.37489,48.62484],[-99.37576,48.62554]]}},{"type":"Feature","properties":{"segmentId":"osm_9798181","name":"3rd Street"},"geometry":{"type":"LineString","coordinates":[[-99.45771,48.7126],[-99.45806,48.71262],[-99.46051,48.71547]]}},{"type":"Feature","properties":{"segmentId":"osm_9798183","name":"3rd Street"},"geometry":{"type":"LineString","coordinates":[[-99.45807,48.71246],[-99.45806,48.71262]]}},{"type":"Feature","properties":{"segmentId":"osm_9798184","name":"3rd Street"},"geometry":{"type":"LineString","coordinates":[[-99.37597,48.62802],[-99.37594,48.62907]]}},{"type":"Feature","properties":{"segmentId":"osm_9798218","name":"85th Street Northeast"},"geometry":{"type":"LineString","coordinates":[[-99.38411,48.64602],[-99.49309,48.64626]]}},{"type":"Feature","properties":{"segmentId":"osm_9798223","name":"85th Street Northeast"},"geometry":{"type":"LineString","coordinates":[[-99.37287,48.646],[-99.36289,48.64597],[-99.36257,48.64602]]}},{"type":"Feature","properties":{"segmentId":"osm_9798305","name":"Borgerding Street"},"geometry":{"type":"LineString","coordinates":[[-99.37919,48.62533],[-99.38195,48.62771]]}},{"type":"Feature","properties":{"segmentId":"osm_9798313","name":"96th Street Northeast"},"geometry":{"type":"LineString","coordinates":[[-99.39438,48.80501],[-99.38551,48.80506],[-99.29294,48.80511],[-99.29266,48.80515],[-99.29236,48.80538]]}},{"type":"Feature","properties":{"segmentId":"osm_9798323","name":"96th Street Northeast"},"geometry":{"type":"LineString","coordinates":[[-99.52574,48.80514],[-99.51067,48.80515],[-99.51045,48.80526],[-99.51007,48.80568],[-99.50959,48.80577],[-99.50924,48.80568],[-99.50895,48.80526],[-99.50848,48.80516],[-99.50449,48.80515],[-99.50428,48.80505],[-99.50385,48.80515],[-99.49734,48.80509],[-99.49589,48.80492],[-99.49307,48.80512],[-99.49055,48.80523],[-99.48695,48.80508],[-99.48281,48.80504],[-99.4603,48.80506]]}},{"type":"Feature","properties":{"segmentId":"osm_9798331","name":"102nd Street Northeast"},"geometry":{"type":"LineString","coordinates":[[-99.48265,48.89185],[-99.52574,48.89189]]}},{"type":"Feature","properties":{"segmentId":"osm_9798335","name":"102nd Street Northeast"},"geometry":{"type":"LineString","coordinates":[[-99.46071,48.89179],[-99.44395,48.89184],[-99.42148,48.89178],[-99.38068,48.89186],[-99.31247,48.89187],[-99.29828,48.89196],[-99.28488,48.89213],[-99.26677,48.89203],[-99.2431,48.89201]]}},{"type":"Feature","properties":{"segmentId":"osm_9798366","name":"5th Avenue East"},"geometry":{"type":"LineString","coordinates":[[-99.376,48.62574],[-99.37414,48.62671]]}},{"type":"Feature","properties":{"segmentId":"osm_9798426","name":"1st Avenue West"},"geometry":{"type":"LineString","coordinates":[[-99.45967,48.71448],[-99.45857,48.71491]]}},{"type":"Feature","properties":{"segmentId":"osm_9798427","name":"Rolla Street"},"geometry":{"type":"LineString","coordinates":[[-99.38012,48.95072],[-99.38318,48.9507]]}},{"type":"Feature","properties":{"segmentId":"osm_9798428","name":"59th Avenue Northeast"},"geometry":{"type":"LineString","coordinates":[[-99.41649,48.96415],[-99.4164,48.97876]]}},{"type":"Feature","properties":{"segmentId":"osm_9798429","name":"59th Avenue Northeast"},"geometry":{"type":"LineString","coordinates":[[-99.41641,48.71829],[-99.41645,48.73278]]}},{"type":"Feature","properties":{"segmentId":"osm_9798432","name":"59th Avenue Northeast"},"geometry":{"type":"LineString","coordinates":[[-99.3843,48.4867],[-99.38415,48.62262]]}},{"type":"Feature","properties":{"segmentId":"osm_9798437","name":"59th Avenue Northeast"},"geometry":{"type":"LineString","coordinates":[[-99.41657,48.83399],[-99.4168,48.87739],[-99.41683,48.88091],[-99.41698,48.88225],[-99.41679,48.88251],[-99.41541,48.88342],[-99.41545,48.88356],[-99.41559,48.88367],[-99.41577,48.8837],[-99.41648,48.88362],[-99.4168,48.88374],[-99.41691,48.8839],[-99.41675,48.88445],[-99.41684,48.88568],[-99.41686,48.89181]]}},{"type":"Feature","properties":{"segmentId":"osm_9798438","name":"59th Avenue Northeast"},"geometry":{"type":"LineString","coordinates":[[-99.41645,48.73951],[-99.41647,48.74725]]}},{"type":"Feature","properties":{"segmentId":"osm_9798441","name":"59th Avenue Northeast"},"geometry":{"type":"LineString","coordinates":[[-99.41671,48.93532],[-99.41655,48.94966]]}},{"type":"Feature","properties":{"segmentId":"osm_9798444","name":"59th Avenue Northeast"},"geometry":{"type":"LineString","coordinates":[[-99.38407,48.63157],[-99.38413,48.64064],[-99.38403,48.70762],[-99.38408,48.71826]]}},{"type":"Feature","properties":{"segmentId":"osm_9798445","name":"Lasalle Street"},"geometry":{"type":"LineString","coordinates":[[-99.38415,48.62262],[-99.38411,48.63115],[-99.38421,48.63157]]}},{"type":"Feature","properties":{"segmentId":"osm_9798475","name":"94th Street Northeast"},"geometry":{"type":"LineString","coordinates":[[-99.26301,48.77612],[-99.32386,48.77607],[-99.35066,48.77613]]}},{"type":"Feature","properties":{"segmentId":"osm_9798487","name":"82nd Street Northeast"},"geometry":{"type":"LineString","coordinates":[[-99.40603,48.60258],[-99.43658,48.60266],[-99.44483,48.60262],[-99.44974,48.60267]]}},{"type":"Feature","properties":{"segmentId":"osm_9798501","name":"82nd Street Northeast"},"geometry":{"type":"LineString","coordinates":[[-99.47155,48.60266],[-99.47174,48.60274],[-99.48017,48.60275]]}},{"type":"Feature","properties":{"segmentId":"osm_9798553","name":"101st Street Northeast"},"geometry":{"type":"LineString","coordinates":[[-99.37266,48.87743],[-99.30685,48.87751]]}},{"type":"Feature","properties":{"segmentId":"osm_9798595","name":"4th Avenue East"},"geometry":{"type":"LineString","coordinates":[[-99.3776,48.62613],[-99.37435,48.62786]]}},{"type":"Feature","properties":{"segmentId":"osm_9798633","name":"61st Avenue Northeast"},"geometry":{"type":"LineString","coordinates":[[-99.37265,48.71826],[-99.37261,48.76165]]}},{"type":"Feature","properties":{"segmentId":"osm_9798643","name":"State Highway 4"},"geometry":{"type":"LineString","coordinates":[[-99.37256,48.94969],[-99.37274,48.97464]]}},{"type":"Feature","properties":{"segmentId":"osm_9798648","name":"61st Avenue Northeast"},"geometry":{"type":"LineString","coordinates":[[-99.3726,48.80506],[-99.37266,48.86297]]}},{"type":"Feature","properties":{"segmentId":"osm_9798699","name":"100th Street Northeast"},"geometry":{"type":"LineString","coordinates":[[-99.36418,48.86278],[-99.364,48.86292],[-99.3637,48.863],[-99.33856,48.86305],[-99.33705,48.863],[-99.33244,48.86307],[-99.31993,48.86306],[-99.31905,48.86319],[-99.31526,48.86413],[-99.30693,48.86571]]}},{"type":"Feature","properties":{"segmentId":"osm_9798714","name":"3rd Avenue West"},"geometry":{"type":"LineString","coordinates":[[-99.37902,48.62671],[-99.38351,48.62433],[-99.38384,48.62424],[-99.38413,48.62404]]}},{"type":"Feature","properties":{"segmentId":"osm_9798715","name":"3rd Avenue West"},"geometry":{"type":"LineString","coordinates":[[-99.46053,48.71148],[-99.45568,48.71343]]}},{"type":"Feature","properties":{"segmentId":"osm_9798737","name":"Wall Street"},"geometry":{"type":"LineString","coordinates":[[-99.37383,48.62544],[-99.37681,48.62803]]}},{"type":"Feature","properties":{"segmentId":"osm_9798743","name":"103rd Street Northeast"},"geometry":{"type":"LineString","coordinates":[[-99.50457,48.90646],[-99.50436,48.90636],[-99.4867,48.90632],[-99.46065,48.90636]]}},{"type":"Feature","properties":{"segmentId":"osm_23226147","name":"Highway 10"},"geometry":{"type":"LineString","coordinates":[[-100.0524,48.99927],[-100.0524,48.99934]]}},{"type":"Feature","properties":{"segmentId":"osm_42431712"},"geometry":{"type":"LineString","coordinates":[[-99.52571,48.90639],[-99.52251,48.9064],[-99.5223,48.90644],[-99.52205,48.90659],[-99.5219,48.90742],[-99.52156,48.90744],[-99.52073,48.90736]]}},{"type":"Feature","properties":{"segmentId":"osm_84084575"},"geometry":{"type":"LineString","coordinates":[[-100.05152,48.8058],[-100.05143,48.80673],[-100.05148,48.81107]]}},{"type":"Feature","properties":{"segmentId":"osm_84084583","name":"48th Avenue Northeast"},"geometry":{"type":"LineString","coordinates":[[-99.62375,48.50153],[-99.62365,48.54496]]}},{"type":"Feature","properties":{"segmentId":"osm_84084584","name":"State Highway 30"},"geometry":{"type":"LineString","coordinates":[[-99.62338,48.6618],[-99.6233,48.70637],[-99.62325,48.70916],[-99.6231,48.71024],[-99.62279,48.71146]]}},{"type":"Feature","properties":{"segmentId":"osm_84084585","name":"State Highway 66"},"geometry":{"type":"LineString","coordinates":[[-99.62338,48.66083],[-99.72489,48.66087],[-99.72756,48.66108],[-99.74639,48.66326],[-99.74855,48.6634],[-99.74975,48.66342],[-99.75257,48.66332],[-99.75507,48.66304],[-99.75682,48.66274],[-99.76332,48.66131],[-99.76547,48.66102],[-99.76702,48.66089],[-99.76904,48.66083],[-99.79089,48.66085]]}},{"type":"Feature","properties":{"segmentId":"osm_90758899","name":"Grace Street"},"geometry":{"type":"LineString","coordinates":[[-99.71457,48.94293],[-99.7205,48.94296],[-99.72141,48.94286],[-99.72236,48.9425]]}},{"type":"Feature","properties":{"segmentId":"osm_90758900","name":"Church Street"},"geometry":{"type":"LineString","coordinates":[[-99.71094,48.9444],[-99.70824,48.94557]]}},{"type":"Feature","properties":{"segmentId":"osm_91937188"},"geometry":{"type":"LineString","coordinates":[[-100.05544,49.00187],[-100.05569,49.00201],[-100.05615,49.00209],[-100.0574,49.00207],[-100.05848,49.00218],[-100.05986,49.00268],[-100.06025,49.00306],[-100.06029,49.00348],[-100.05987,49.00432],[-100.05921,49.00478],[-100.05744,49.00555],[-100.05696,49.00586],[-100.05658,49.00624],[-100.05642,49.00668],[-100.0564,49.00716],[-100.05656,49.00769],[-100.05735,49.00895],[-100.05799,49.01084],[-100.05828,49.01125],[-100.05851,49.01146],[-100.05885,49.01162],[-100.06172,49.01244],[-100.06247,49.0125],[-100.064,49.01241],[-100.06547,49.01264],[-100.06581,49.01262],[-100.06641,49.01249],[-100.0668,49.01219],[-100.06696,49.01179],[-100.06691,49.01133],[-100.06679,49.01109],[-100.06661,49.01085],[-100.06598,49.0103],[-100.0643,49.0096],[-100.06392,49.00925],[-100.06386,49.00901],[-100.06409,49.00857],[-100.06566,49.00725],[-100.06605,49.00639],[-100.06623,49.00618],[-100.06772,49.00505],[-100.06845,49.0047],[-100.06921,49.00452],[-100.07317,49.00446],[-100.07397,49.00418],[-100.0743,49.00388],[-100.07436,49.00367],[-100.07424,49.0033],[-100.07357,49.00296],[-100.07251,49.00262],[-100.0712,49.00238],[-100.07097,49.00229],[-100.0701,49.00156],[-100.06909,49.00095],[-100.06829,49.00071],[-100.06738,49.00057]]}},{"type":"Feature","properties":{"segmentId":"osm_91937261"},"geometry":{"type":"LineString","coordinates":[[-100.05493,49.00063],[-100.05498,49.0009],[-100.05544,49.00187]]}},{"type":"Feature","properties":{"segmentId":"osm_91938045"},"geometry":{"type":"LineString","coordinates":[[-100.05438,48.9999],[-100.05438,48.99927]]}},{"type":"Feature","properties":{"segmentId":"osm_91938306"},"geometry":{"type":"LineString","coordinates":[[-100.06953,48.99934],[-100.06947,48.99957],[-100.06912,48.9999],[-100.06866,49.00008],[-100.06784,49.00015],[-100.06738,49.00057]]}},{"type":"Feature","properties":{"segmentId":"osm_91939581"},"geometry":{"type":"LineString","coordinates":[[-100.05438,48.9999],[-100.05449,49.00024],[-100.05493,49.00063]]}},{"type":"Feature","properties":{"segmentId":"osm_91939584"},"geometry":{"type":"LineString","coordinates":[[-100.06738,49.00057],[-100.06604,49.00061],[-100.06536,49.00076],[-100.06394,49.00121],[-100.06294,49.0014],[-100.06219,49.00148],[-100.06119,49.0015],[-100.05641,49.00106],[-100.05576,49.00094],[-100.05493,49.00063]]}},{"type":"Feature","properties":{"segmentId":"osm_103577890","name":"Road 90W"},"geometry":{"type":"LineString","coordinates":[[-99.48127,49.00693],[-99.48133,49.007],[-99.48141,49.01435]]}},{"type":"Feature","properties":{"segmentId":"osm_103582110","name":"Road 87W"},"geometry":{"type":"LineString","coordinates":[[-99.41417,49.00699],[-99.41419,49.01443]]}},{"type":"Feature","properties":{"segmentId":"osm_103899810"},"geometry":{"type":"LineString","coordinates":[[-99.81759,49.00503],[-99.8176,49.01406]]}},{"type":"Feature","properties":{"segmentId":"osm_103901155"},"geometry":{"type":"LineString","coordinates":[[-99.59339,49.00448],[-99.59347,49.00469],[-99.59348,49.01424]]}},{"type":"Feature","properties":{"segmentId":"osm_103904593","name":"Provincial Trunk Highway 18"},"geometry":{"type":"LineString","coordinates":[[-99.65885,48.99928],[-99.65896,48.99935]]}},{"type":"Feature","properties":{"segmentId":"osm_103905143"},"geometry":{"type":"LineString","coordinates":[[-99.68323,49.00682],[-99.68319,49.01414]]}},{"type":"Feature","properties":{"segmentId":"osm_103907572"},"geometry":{"type":"LineString","coordinates":[[-99.54862,49.00047],[-99.54855,49.00364],[-99.54868,49.01426]]}},{"type":"Feature","properties":{"segmentId":"osm_103912334","name":"Provincial Trunk Highway 18"},"geometry":{"type":"LineString","coordinates":[[-99.65896,48.99935],[-99.65949,48.99984],[-99.66011,49.00015]]}},{"type":"Feature","properties":{"segmentId":"osm_118979540"},"geometry":{"type":"LineString","coordinates":[[-99.72096,48.84887],[-99.71916,48.84902],[-99.69646,48.84905],[-99.68927,48.84903],[-99.67997,48.84884],[-99.65713,48.84881],[-99.64139,48.84887],[-99.63999,48.84895],[-99.63922,48.84906]]}},{"type":"Feature","properties":{"segmentId":"osm_118979541"},"geometry":{"type":"LineString","coordinates":[[-99.73068,48.84498],[-99.72547,48.84755]]}},{"type":"Feature","properties":{"segmentId":"osm_139421363","name":"Highway 10"},"geometry":{"type":"LineString","coordinates":[[-100.0526,49.00163],[-100.05263,48.99995],[-100.0524,48.99934]]}},{"type":"Feature","properties":{"segmentId":"osm_139421364","name":"United States Highway 281"},"geometry":{"type":"LineString","coordinates":[[-100.0524,48.99927],[-100.0524,48.99919]]}},{"type":"Feature","properties":{"segmentId":"osm_139421366","name":"Highway 10"},"geometry":{"type":"LineString","coordinates":[[-100.05226,49.00029],[-100.05228,49.00073],[-100.0526,49.00163]]}},{"type":"Feature","properties":{"segmentId":"osm_139421368","name":"Highway 10"},"geometry":{"type":"LineString","coordinates":[[-100.0526,49.00163],[-100.05267,49.00361]]}},{"type":"Feature","properties":{"segmentId":"osm_161269733"},"geometry":{"type":"LineString","coordinates":[[-100.13553,48.67878],[-100.01184,48.66951],[-100.00903,48.66916],[-99.96493,48.66255],[-99.96213,48.66218],[-99.95818,48.66185],[-99.9541,48.66172],[-99.90648,48.66088],[-99.84658,48.6599],[-99.84651,48.65997],[-99.84654,48.66014],[-99.84635,48.66017]]}},{"type":"Feature","properties":{"segmentId":"osm_161269735","name":"26th Avenue Northeast"},"geometry":{"type":"LineString","coordinates":[[-100.10262,48.67782],[-100.10268,48.6824],[-100.1025,48.68264],[-100.10202,48.68296],[-100.10189,48.68323],[-100.10198,48.68351],[-100.10211,48.68362],[-100.10253,48.68377],[-100.10277,48.68398],[-100.1028,48.68411],[-100.10273,48.69991],[-100.10275,48.70075],[-100.10287,48.70148],[-100.10196,48.7023],[-100.10183,48.70291],[-100.1015,48.70325],[-100.10064,48.70351],[-100.10024,48.70385],[-100.09999,48.70481]]}},{"type":"Feature","properties":{"segmentId":"osm_161270288"},"geometry":{"type":"LineString","coordinates":[[-99.37228,48.62131],[-99.37197,48.62146],[-99.37283,48.62223]]}},{"type":"Feature","properties":{"segmentId":"osm_161270290"},"geometry":{"type":"LineString","coordinates":[[-99.3884,48.62181],[-99.39186,48.62117],[-99.39449,48.62079],[-99.3963,48.62057],[-99.40097,48.62026],[-99.43774,48.61924],[-99.43947,48.61925],[-99.52587,48.62371],[-99.53683,48.6243],[-99.54006,48.62457],[-99.6017,48.63139],[-99.60488,48.63187],[-99.63841,48.63842],[-99.7251,48.65987],[-99.7289,48.66067],[-99.73215,48.66119],[-99.7465,48.66286],[-99.74924,48.663],[-99.75108,48.66298],[-99.7534,48.66282],[-99.75642,48.66239],[-99.77019,48.65926],[-99.77352,48.6588],[-99.77612,48.65865],[-99.77745,48.65864],[-99.7908,48.65888]]}},{"type":"Feature","properties":{"segmentId":"osm_161270291"},"geometry":{"type":"LineString","coordinates":[[-99.79115,48.65889],[-99.7908,48.65888]]}},{"type":"Feature","properties":{"segmentId":"osm_161270301","name":"41st Avenue Northeast"},"geometry":{"type":"LineString","coordinates":[[-99.77607,48.67493],[-99.77628,48.67738],[-99.77621,48.6811],[-99.7761,48.68197],[-99.77624,48.68356],[-99.77608,48.69315],[-99.77614,48.69971]]}},{"type":"Feature","properties":{"segmentId":"osm_161270302","name":"51st Avenue Northeast"},"geometry":{"type":"LineString","coordinates":[[-99.55868,48.63184],[-99.55874,48.7043]]}},{"type":"Feature","properties":{"segmentId":"osm_161270303","name":"53rd Avenue Northeast"},"geometry":{"type":"LineString","coordinates":[[-99.51489,48.6318],[-99.51492,48.65342],[-99.515,48.6535],[-99.51492,48.65362],[-99.51491,48.6541],[-99.51498,48.66197],[-99.51492,48.66325],[-99.51494,48.66517],[-99.51506,48.66569],[-99.51493,48.66619],[-99.5149,48.66942],[-99.51505,48.66948],[-99.51542,48.66943],[-99.51582,48.66913],[-99.5161,48.66913],[-99.51627,48.66923],[-99.5162,48.66972],[-99.51609,48.66985],[-99.51572,48.67007],[-99.51517,48.67025],[-99.51488,48.67041],[-99.51493,48.67086],[-99.51552,48.67161],[-99.51547,48.67171],[-99.51513,48.67175],[-99.51498,48.67186],[-99.51491,48.67528]]}},{"type":"Feature","properties":{"segmentId":"osm_161270308","name":"53rd Avenue Northeast"},"geometry":{"type":"LineString","coordinates":[[-99.5149,48.61726],[-99.51495,48.62514],[-99.51484,48.62727],[-99.51456,48.62789],[-99.51485,48.6284],[-99.51487,48.63025],[-99.51478,48.63054],[-99.51489,48.6318]]}},{"type":"Feature","properties":{"segmentId":"osm_161326682","name":"77th Street Northeast"},"geometry":{"type":"LineString","coordinates":[[-100.16766,48.53071],[-100.1449,48.53071],[-100.10958,48.5306],[-100.05121,48.53069],[-100.01025,48.53063],[-99.97804,48.53048],[-99.96951,48.53051]]}},{"type":"Feature","properties":{"segmentId":"osm_161326684","name":"79th Street Northeast"},"geometry":{"type":"LineString","coordinates":[[-100.22618,48.55959],[-100.20919,48.55957],[-100.19442,48.5597],[-100.18425,48.55957],[-100.1831,48.55963],[-100.17407,48.55968],[-100.13963,48.55968],[-100.13752,48.55972],[-100.12384,48.55967],[-100.10382,48.55971],[-100.08085,48.55957]]}},{"type":"Feature","properties":{"segmentId":"osm_161392878"},"geometry":{"type":"LineString","coordinates":[[-99.41905,48.67068],[-99.41635,48.67124]]}},{"type":"Feature","properties":{"segmentId":"osm_161392881"},"geometry":{"type":"LineString","coordinates":[[-99.45007,48.70656],[-99.44972,48.7067],[-99.44957,48.707],[-99.44967,48.70736]]}},{"type":"Feature","properties":{"segmentId":"osm_161392882"},"geometry":{"type":"LineString","coordinates":[[-99.47838,48.73715],[-99.47745,48.73692],[-99.47728,48.73694],[-99.47696,48.73711]]}},{"type":"Feature","properties":{"segmentId":"osm_172734942","name":"United States Highway 281"},"geometry":{"type":"LineString","coordinates":[[-100.05239,48.99738],[-100.05217,48.99801],[-100.05216,48.99858],[-100.0524,48.99919]]}},{"type":"Feature","properties":{"segmentId":"osm_296359054"},"geometry":{"type":"LineString","coordinates":[[-99.74042,48.84035],[-99.74052,48.84055],[-99.74061,48.84132],[-99.74093,48.84175]]}},{"type":"Feature","properties":{"segmentId":"osm_296366068","name":"Hospital Road"},"geometry":{"type":"LineString","coordinates":[[-99.74937,48.84207],[-99.74957,48.84158],[-99.74963,48.84105],[-99.75,48.84034],[-99.75014,48.83981],[-99.7501,48.83853],[-99.74977,48.83791],[-99.74959,48.83774]]}},{"type":"Feature","properties":{"segmentId":"osm_296533267"},"geometry":{"type":"LineString","coordinates":[[-99.74999,48.82823],[-99.75094,48.82822],[-99.75239,48.8284],[-99.75487,48.82798],[-99.75499,48.8279],[-99.755,48.82777],[-99.75455,48.82628],[-99.75444,48.82609],[-99.75429,48.826]]}},{"type":"Feature","properties":{"segmentId":"osm_296559732","name":"87th Street Northeast"},"geometry":{"type":"LineString","coordinates":[[-99.77314,48.6753],[-99.77325,48.67537],[-99.77795,48.67526],[-99.79592,48.67534]]}},{"type":"Feature","properties":{"segmentId":"osm_299614583"},"geometry":{"type":"LineString","coordinates":[[-99.69957,48.83256],[-99.69957,48.83293]]}},{"type":"Feature","properties":{"segmentId":"osm_318281088"},"geometry":{"type":"LineString","coordinates":[[-99.75266,48.83722],[-99.75272,48.83724],[-99.7527,48.83809]]}},{"type":"Feature","properties":{"segmentId":"osm_319792661"},"geometry":{"type":"LineString","coordinates":[[-100.04239,48.85083],[-100.04247,48.85103],[-100.04236,48.85184],[-100.04184,48.85297],[-100.04182,48.85319],[-100.04103,48.85349],[-100.04095,48.85357]]}},{"type":"Feature","properties":{"segmentId":"osm_320101347"},"geometry":{"type":"LineString","coordinates":[[-100.06325,48.81844],[-100.06255,48.81841],[-100.06236,48.81849],[-100.06229,48.81861],[-100.06232,48.81934],[-100.06304,48.81984],[-100.06313,48.82027]]}},{"type":"Feature","properties":{"segmentId":"osm_320101349"},"geometry":{"type":"LineString","coordinates":[[-100.0383,48.81121],[-100.03815,48.81123],[-100.03814,48.81143],[-100.03788,48.81161],[-100.03733,48.81151],[-100.03718,48.81135],[-100.03783,48.80838],[-100.03806,48.8078],[-100.03833,48.80757]]}},{"type":"Feature","properties":{"segmentId":"osm_320101351"},"geometry":{"type":"LineString","coordinates":[[-100.03833,48.80757],[-100.03832,48.80579]]}},{"type":"Feature","properties":{"segmentId":"osm_320101352"},"geometry":{"type":"LineString","coordinates":[[-100.08053,48.80474],[-100.08056,48.80452],[-100.08045,48.80432],[-100.08064,48.80328],[-100.08095,48.80235],[-100.08096,48.80155],[-100.08053,48.80108],[-100.08051,48.79983],[-100.08062,48.79938],[-100.08067,48.79816],[-100.08103,48.79754]]}},{"type":"Feature","properties":{"segmentId":"osm_320101354"},"geometry":{"type":"LineString","coordinates":[[-100.07884,48.79863],[-100.07805,48.79871],[-100.07681,48.79871]]}},{"type":"Feature","properties":{"segmentId":"osm_320102062"},"geometry":{"type":"LineString","coordinates":[[-100.0706,48.9873],[-100.06961,48.98772],[-100.06923,48.98797],[-100.06832,48.98909],[-100.06727,48.99058],[-100.06722,48.99077],[-100.06734,48.99101],[-100.06757,48.99227],[-100.06796,48.99305],[-100.06813,48.99369],[-100.06828,48.99504]]}},{"type":"Feature","properties":{"segmentId":"osm_364065238","name":"Park Loop Road"},"geometry":{"type":"LineString","coordinates":[[-100.0706,48.9873],[-100.06958,48.98656],[-100.06864,48.98612],[-100.06743,48.98579],[-100.06643,48.98562]]}},{"type":"Feature","properties":{"segmentId":"osm_384322208","name":"1st Avenue West"},"geometry":{"type":"LineString","coordinates":[[-99.46051,48.71416],[-99.45967,48.71448]]}},{"type":"Feature","properties":{"segmentId":"osm_384322209","name":"2nd Avenue West"},"geometry":{"type":"LineString","coordinates":[[-99.46052,48.71288],[-99.45883,48.71352]]}},{"type":"Feature","properties":{"segmentId":"osm_467965428","name":"Highway 10"},"geometry":{"type":"LineString","coordinates":[[-100.05226,49.00005],[-100.05226,49.00029]]}},{"type":"Feature","properties":{"segmentId":"osm_467965433","name":"Highway 10"},"geometry":{"type":"LineString","coordinates":[[-100.0524,48.99934],[-100.05226,49.00005]]}},{"type":"Feature","properties":{"segmentId":"osm_468179998","name":"60th Avenue Northeast"},"geometry":{"type":"LineString","coordinates":[[-99.39454,48.94962],[-99.39445,48.96794],[-99.39457,48.96853],[-99.39514,48.96949],[-99.39512,48.96979]]}},{"type":"Feature","properties":{"segmentId":"osm_468180089","name":"2nd Avenue"},"geometry":{"type":"LineString","coordinates":[[-99.37859,48.95184],[-99.37855,48.95275]]}},{"type":"Feature","properties":{"segmentId":"osm_468180112","name":"4th Avenue"},"geometry":{"type":"LineString","coordinates":[[-99.38165,48.95072],[-99.38168,48.95275]]}},{"type":"Feature","properties":{"segmentId":"osm_499117324","name":"78th Street Northeast"},"geometry":{"type":"LineString","coordinates":[[-99.96641,48.54505],[-99.96723,48.5456],[-99.96835,48.54621],[-99.96952,48.54654],[-99.96987,48.54657],[-99.97051,48.54647],[-99.97274,48.54576],[-99.9757,48.54514],[-99.97645,48.54506],[-100.08079,48.54519],[-100.14586,48.54521],[-100.21519,48.54504],[-100.27155,48.54482],[-100.29863,48.54483]]}},{"type":"Feature","properties":{"segmentId":"osm_502828013","name":"106th Street Northeast"},"geometry":{"type":"LineString","coordinates":[[-99.657,48.95019],[-99.6164,48.95012],[-99.5551,48.94991],[-99.55247,48.94994],[-99.52596,48.94979]]}},{"type":"Feature","properties":{"segmentId":"osm_502828021","name":"Bureau of Indian Affairs Road 1"},"geometry":{"type":"LineString","coordinates":[[-99.65714,48.83434],[-99.65713,48.84881]]}},{"type":"Feature","properties":{"segmentId":"osm_502828026"},"geometry":{"type":"LineString","coordinates":[[-99.62288,48.86328],[-99.62615,48.8633]]}},{"type":"Feature","properties":{"segmentId":"osm_502828030","name":"Bureau of Indian Affairs Road 6"},"geometry":{"type":"LineString","coordinates":[[-99.76661,48.86309],[-99.76659,48.86711],[-99.76667,48.86748],[-99.76689,48.86786],[-99.76747,48.86841],[-99.76915,48.86933],[-99.77025,48.87036],[-99.77085,48.87073],[-99.77347,48.87158],[-99.77438,48.87179],[-99.77622,48.8719],[-99.78087,48.87189],[-99.78162,48.872],[-99.78527,48.8733],[-99.78579,48.8736],[-99.78743,48.87491],[-99.78871,48.87564],[-99.78997,48.87605],[-99.79214,48.87664],[-99.79567,48.87749],[-99.79641,48.87761],[-99.79776,48.87772],[-99.80566,48.87774],[-99.80647,48.87763],[-99.80907,48.87694],[-99.81007,48.8768],[-99.81098,48.87677],[-99.81267,48.87691],[-99.81569,48.87756],[-99.8169,48.87776],[-99.81745,48.87779],[-99.82346,48.87782],[-99.82395,48.87779],[-99.82599,48.87747],[-99.8272,48.87739],[-99.828,48.87745],[-99.83059,48.87781],[-99.83518,48.87788],[-99.83617,48.87801],[-99.84118,48.879],[-99.84192,48.87923],[-99.84426,48.88027],[-99.84583,48.88072],[-99.84681,48.88088],[-99.84836,48.88098],[-99.8504,48.8808],[-99.85171,48.88048],[-99.85269,48.88015],[-99.85667,48.87836],[-99.85832,48.87797],[-99.85884,48.87792],[-99.86338,48.87789],[-99.88506,48.87787],[-99.88608,48.87776],[-99.88739,48.87744],[-99.88833,48.87704],[-99.88927,48.87647]]}},{"type":"Feature","properties":{"segmentId":"osm_502828038","name":"55th Avenue Northeast"},"geometry":{"type":"LineString","coordinates":[[-99.50455,48.92137],[-99.50449,48.93524]]}},{"type":"Feature","properties":{"segmentId":"osm_502828041","name":"Bureau of Indian Affairs Road 10"},"geometry":{"type":"LineString","coordinates":[[-99.75573,48.83438],[-99.73349,48.83436]]}},{"type":"Feature","properties":{"segmentId":"osm_502828046"},"geometry":{"type":"LineString","coordinates":[[-99.75574,48.83558],[-99.75573,48.83438]]}},{"type":"Feature","properties":{"segmentId":"osm_502885586","name":"102nd Street Northeast"},"geometry":{"type":"LineString","coordinates":[[-99.65955,48.89226],[-99.65879,48.89231],[-99.65829,48.89253]]}},{"type":"Feature","properties":{"segmentId":"osm_504325939"},"geometry":{"type":"LineString","coordinates":[[-99.93338,48.73609],[-99.93416,48.73546],[-99.93443,48.73542],[-99.93471,48.73557]]}},{"type":"Feature","properties":{"segmentId":"osm_504325961","name":"81st Street Northeast"},"geometry":{"type":"LineString","coordinates":[[-99.99376,48.58859],[-100.01533,48.58866]]}},{"type":"Feature","properties":{"segmentId":"osm_504325963","name":"81st Street Northeast"},"geometry":{"type":"LineString","coordinates":[[-99.95006,48.5885],[-99.97999,48.58857]]}},{"type":"Feature","properties":{"segmentId":"osm_504325964","name":"81st Street Northeast"},"geometry":{"type":"LineString","coordinates":[[-100.07397,48.58864],[-100.13462,48.58878]]}},{"type":"Feature","properties":{"segmentId":"osm_504325965","name":"81st Street Northeast"},"geometry":{"type":"LineString","coordinates":[[-100.07388,48.58864],[-100.07397,48.58864]]}},{"type":"Feature","properties":{"segmentId":"osm_504325970","name":"84th Street Northeast"},"geometry":{"type":"LineString","coordinates":[[-99.68898,48.63189],[-99.7137,48.63187]]}},{"type":"Feature","properties":{"segmentId":"osm_504325971","name":"84th Street Northeast"},"geometry":{"type":"LineString","coordinates":[[-99.72807,48.63189],[-99.798,48.63189]]}},{"type":"Feature","properties":{"segmentId":"osm_504325972","name":"84th Street Northeast"},"geometry":{"type":"LineString","coordinates":[[-99.80415,48.63189],[-99.8231,48.63194],[-99.82597,48.63188],[-99.84171,48.63188]]}},{"type":"Feature","properties":{"segmentId":"osm_504325974","name":"84th Street Northeast"},"geometry":{"type":"LineString","coordinates":[[-99.84171,48.63188],[-99.86359,48.63189]]}},{"type":"Feature","properties":{"segmentId":"osm_504325975","name":"84th Street Northeast"},"geometry":{"type":"LineString","coordinates":[[-99.86359,48.63189],[-99.86489,48.63197],[-99.86875,48.63197],[-99.86887,48.63183],[-99.86898,48.63112],[-99.86923,48.63063],[-99.86982,48.62997],[-99.87057,48.62947],[-99.87203,48.62935],[-99.87306,48.62955],[-99.87409,48.63021],[-99.87461,48.63089],[-99.87488,48.63194],[-99.87942,48.63195],[-99.87971,48.63186],[-99.88008,48.63145],[-99.88076,48.63138],[-99.88108,48.63148],[-99.88131,48.63192],[-99.88144,48.63197],[-99.88459,48.63195]]}},{"type":"Feature","properties":{"segmentId":"osm_504325977","name":"36th Avenue Northeast"},"geometry":{"type":"LineString","coordinates":[[-99.88458,48.62457],[-99.88463,48.64616],[-99.88456,48.64639],[-99.88454,48.64757],[-99.88452,48.65876]]}},{"type":"Feature","properties":{"segmentId":"osm_504325978"},"geometry":{"type":"LineString","coordinates":[[-99.85564,48.67127],[-99.85652,48.67247],[-99.87104,48.68995]]}},{"type":"Feature","properties":{"segmentId":"osm_504325979"},"geometry":{"type":"LineString","coordinates":[[-99.92104,48.73318],[-99.91238,48.72794],[-99.91146,48.72718],[-99.90551,48.72142],[-99.90417,48.7203],[-99.88475,48.70816],[-99.88367,48.70741],[-99.88172,48.70628],[-99.88121,48.7059],[-99.88032,48.70493],[-99.87999,48.70441],[-99.87962,48.70351],[-99.87848,48.69957],[-99.87809,48.69873],[-99.87759,48.69792],[-99.87104,48.68995]]}},{"type":"Feature","properties":{"segmentId":"osm_504325980"},"geometry":{"type":"LineString","coordinates":[[-99.92259,48.73119],[-99.92276,48.731],[-99.92303,48.73093],[-99.92329,48.73097],[-99.9237,48.73123],[-99.92371,48.73168],[-99.92383,48.73205],[-99.92378,48.73235],[-99.92321,48.73318]]}},{"type":"Feature","properties":{"segmentId":"osm_504325981"},"geometry":{"type":"LineString","coordinates":[[-99.92888,48.7379],[-99.92104,48.73318]]}},{"type":"Feature","properties":{"segmentId":"osm_504325982"},"geometry":{"type":"LineString","coordinates":[[-99.92807,48.7374],[-99.92838,48.73717],[-99.92877,48.73706]]}},{"type":"Feature","properties":{"segmentId":"osm_504325983"},"geometry":{"type":"LineString","coordinates":[[-99.92844,48.73806],[-99.92871,48.73831],[-99.92917,48.73844],[-99.93056,48.73916],[-99.93098,48.73929]]}},{"type":"Feature","properties":{"segmentId":"osm_504325985","name":"29th Avenue Northeast"},"geometry":{"type":"LineString","coordinates":[[-100.03712,48.71545],[-100.0371,48.71879]]}},{"type":"Feature","properties":{"segmentId":"osm_504325987","name":"28th Avenue Northeast"},"geometry":{"type":"LineString","coordinates":[[-100.05902,48.70477],[-100.05895,48.7054],[-100.05895,48.70786],[-100.05852,48.70928],[-100.05833,48.71882]]}},{"type":"Feature","properties":{"segmentId":"osm_504325995","name":"90th Street Northeast"},"geometry":{"type":"LineString","coordinates":[[-99.85266,48.71865],[-99.8545,48.71864]]}},{"type":"Feature","properties":{"segmentId":"osm_504325996","name":"90th Street Northeast"},"geometry":{"type":"LineString","coordinates":[[-99.9859,48.71876],[-100.01524,48.71879]]}},{"type":"Feature","properties":{"segmentId":"osm_504325997","name":"90th Street Northeast"},"geometry":{"type":"LineString","coordinates":[[-100.01524,48.71879],[-100.02972,48.71878]]}},{"type":"Feature","properties":{"segmentId":"osm_504325998","name":"90th Street Northeast"},"geometry":{"type":"LineString","coordinates":[[-100.02972,48.71878],[-100.04523,48.7188],[-100.0454,48.71876],[-100.04592,48.7184],[-100.04611,48.71835],[-100.04634,48.71839],[-100.04702,48.71878],[-100.04892,48.7188],[-100.08543,48.71882],[-100.08862,48.71889],[-100.13857,48.71885],[-100.18935,48.71893]]}},{"type":"Feature","properties":{"segmentId":"osm_504412725"},"geometry":{"type":"LineString","coordinates":[[-99.91986,48.94929],[-99.91946,48.94933],[-99.91897,48.94951],[-99.91869,48.94981],[-99.91866,48.95014]]}},{"type":"Feature","properties":{"segmentId":"osm_504412728","name":"104th Street Northeast"},"geometry":{"type":"LineString","coordinates":[[-99.94201,48.92115],[-99.91675,48.92129],[-99.9002,48.92126],[-99.89857,48.92127],[-99.89824,48.92137]]}},{"type":"Feature","properties":{"segmentId":"osm_504412731","name":"107th Street Northeast"},"geometry":{"type":"LineString","coordinates":[[-100.05203,48.96469],[-100.04017,48.96471],[-100.03709,48.96466],[-100.03031,48.96471]]}},{"type":"Feature","properties":{"segmentId":"osm_504412733"},"geometry":{"type":"LineString","coordinates":[[-100.02234,48.95197],[-100.02201,48.95216],[-100.02046,48.95216]]}},{"type":"Feature","properties":{"segmentId":"osm_504412734"},"geometry":{"type":"LineString","coordinates":[[-100.08119,48.91197],[-100.0816,48.91145],[-100.08155,48.91082],[-100.08168,48.91007],[-100.08189,48.90975],[-100.08225,48.90948]]}},{"type":"Feature","properties":{"segmentId":"osm_504412769","name":"29th Avenue Northeast"},"geometry":{"type":"LineString","coordinates":[[-100.07065,48.92861],[-100.07068,48.92895],[-100.07091,48.92916],[-100.07272,48.92994],[-100.0737,48.93027]]}},{"type":"Feature","properties":{"segmentId":"osm_504412770","name":"29th Avenue Northeast"},"geometry":{"type":"LineString","coordinates":[[-100.07363,48.92132],[-100.07372,48.92481]]}},{"type":"Feature","properties":{"segmentId":"osm_504412774"},"geometry":{"type":"LineString","coordinates":[[-100.08147,48.84907],[-100.08193,48.84815],[-100.08191,48.84725],[-100.08239,48.84651],[-100.08245,48.84629],[-100.08243,48.84586],[-100.08219,48.84545]]}},{"type":"Feature","properties":{"segmentId":"osm_504412781","name":"28th Avenue Northeast"},"geometry":{"type":"LineString","coordinates":[[-100.09836,48.9069],[-100.09811,48.90767],[-100.09781,48.90814],[-100.09722,48.90863],[-100.0958,48.90956],[-100.09561,48.9098],[-100.09553,48.91008],[-100.09564,48.92412]]}},{"type":"Feature","properties":{"segmentId":"osm_504412782","name":"28th Avenue Northeast"},"geometry":{"type":"LineString","coordinates":[[-100.09564,48.92412],[-100.09562,48.9267],[-100.09594,48.92732],[-100.09569,48.92783],[-100.09565,48.92811],[-100.09569,48.93084],[-100.09577,48.93104],[-100.09647,48.93135],[-100.09672,48.93151],[-100.09684,48.93169],[-100.09655,48.93202],[-100.0957,48.93235],[-100.09562,48.93252],[-100.09573,48.93324],[-100.09585,48.94136]]}},{"type":"Feature","properties":{"segmentId":"osm_504412785","name":"28th Avenue Northeast"},"geometry":{"type":"LineString","coordinates":[[-100.09587,48.95023],[-100.09595,48.95467],[-100.09581,48.95506],[-100.09592,48.95941],[-100.0958,48.95953],[-100.0958,48.9597],[-100.09589,48.95987],[-100.096,48.96473]]}},{"type":"Feature","properties":{"segmentId":"osm_504412825"},"geometry":{"type":"LineString","coordinates":[[-99.92067,48.97905],[-99.92046,48.95014]]}},{"type":"Feature","properties":{"segmentId":"osm_504412827"},"geometry":{"type":"LineString","coordinates":[[-99.93551,48.98172],[-99.93518,48.98185],[-99.93444,48.98255],[-99.93441,48.98266],[-99.93456,48.98295]]}},{"type":"Feature","properties":{"segmentId":"osm_504453137","name":"89th Street Northeast"},"geometry":{"type":"LineString","coordinates":[[-99.97258,48.70467],[-99.9729,48.7046],[-99.97956,48.70459],[-99.99331,48.70469],[-100.01522,48.70466]]}},{"type":"Feature","properties":{"segmentId":"osm_504453172"},"geometry":{"type":"LineString","coordinates":[[-100.06247,48.82679],[-100.06246,48.82027]]}},{"type":"Feature","properties":{"segmentId":"osm_504453173","name":"2nd Street West"},"geometry":{"type":"LineString","coordinates":[[-100.06413,48.80825],[-100.06413,48.80896]]}},{"type":"Feature","properties":{"segmentId":"osm_504453179","name":"101th Street Northeast"},"geometry":{"type":"LineString","coordinates":[[-100.11693,48.87818],[-100.11129,48.87819],[-100.10739,48.87805],[-100.10594,48.87807],[-100.1055,48.87796],[-100.10511,48.87745],[-100.10483,48.87721],[-100.10429,48.87709],[-100.10297,48.87716],[-100.10255,48.87725],[-100.10156,48.87793],[-100.10118,48.87802],[-100.09543,48.87795]]}},{"type":"Feature","properties":{"segmentId":"osm_504453184"},"geometry":{"type":"LineString","coordinates":[[-100.0232,48.8523],[-100.02343,48.85302],[-100.02432,48.85345],[-100.02474,48.85357]]}},{"type":"Feature","properties":{"segmentId":"osm_504453187","name":"Bia 25"},"geometry":{"type":"LineString","coordinates":[[-100.02983,48.84923],[-100.02988,48.84355],[-100.02977,48.84001]]}},{"type":"Feature","properties":{"segmentId":"osm_504453188"},"geometry":{"type":"LineString","coordinates":[[-100.02984,48.84239],[-100.02772,48.84237]]}},{"type":"Feature","properties":{"segmentId":"osm_504453192"},"geometry":{"type":"LineString","coordinates":[[-100.03738,48.83926],[-100.03759,48.8401]]}},{"type":"Feature","properties":{"segmentId":"osm_504453193"},"geometry":{"type":"LineString","coordinates":[[-100.03529,48.83841],[-100.03512,48.83868],[-100.03505,48.83908]]}},{"type":"Feature","properties":{"segmentId":"osm_504453198"},"geometry":{"type":"LineString","coordinates":[[-100.03503,48.83512],[-100.0352,48.83514],[-100.03527,48.83521],[-100.03522,48.83656]]}},{"type":"Feature","properties":{"segmentId":"osm_504453200"},"geometry":{"type":"LineString","coordinates":[[-100.04387,48.8347],[-100.04202,48.83587],[-100.04107,48.83593],[-100.04098,48.83606],[-100.04095,48.83653],[-100.04084,48.83666],[-100.03928,48.8371],[-100.03826,48.83723]]}},{"type":"Feature","properties":{"segmentId":"osm_504453201","name":"102nd Street Northeast"},"geometry":{"type":"LineString","coordinates":[[-99.83142,48.89225],[-99.84075,48.89223]]}},{"type":"Feature","properties":{"segmentId":"osm_504453208"},"geometry":{"type":"LineString","coordinates":[[-99.82089,48.85569],[-99.82074,48.85586],[-99.82047,48.85688],[-99.82014,48.85713],[-99.81916,48.8575],[-99.819,48.8578],[-99.81913,48.85874],[-99.81923,48.85896],[-99.82075,48.86002],[-99.82096,48.86025],[-99.82106,48.8605],[-99.82102,48.86458]]}},{"type":"Feature","properties":{"segmentId":"osm_504453209"},"geometry":{"type":"LineString","coordinates":[[-99.81821,48.85346],[-99.81931,48.8541],[-99.82073,48.85555],[-99.82089,48.85569],[-99.82135,48.8559],[-99.82231,48.8561],[-99.82487,48.85614],[-99.8252,48.8561]]}},{"type":"Feature","properties":{"segmentId":"osm_504453212"},"geometry":{"type":"LineString","coordinates":[[-100.03879,48.81775],[-100.03819,48.81782],[-100.03754,48.81776],[-100.03544,48.81773],[-100.03333,48.81779]]}},{"type":"Feature","properties":{"segmentId":"osm_504453213"},"geometry":{"type":"LineString","coordinates":[[-100.04069,48.81118],[-100.0383,48.81121]]}},{"type":"Feature","properties":{"segmentId":"osm_504453216"},"geometry":{"type":"LineString","coordinates":[[-100.0515,48.84186],[-100.06594,48.84187]]}},{"type":"Feature","properties":{"segmentId":"osm_504453217"},"geometry":{"type":"LineString","coordinates":[[-100.07358,48.86606],[-100.07345,48.86601],[-100.07343,48.86554]]}},{"type":"Feature","properties":{"segmentId":"osm_504453221","name":"95th Street Northeast"},"geometry":{"type":"LineString","coordinates":[[-99.94214,48.79121],[-99.92012,48.79123]]}},{"type":"Feature","properties":{"segmentId":"osm_504453222"},"geometry":{"type":"LineString","coordinates":[[-99.86781,48.81284],[-99.86652,48.81289],[-99.86635,48.81296],[-99.86624,48.81316],[-99.86626,48.81352],[-99.86605,48.81374]]}},{"type":"Feature","properties":{"segmentId":"osm_504453223"},"geometry":{"type":"LineString","coordinates":[[-99.87157,48.79647],[-99.87159,48.79609]]}},{"type":"Feature","properties":{"segmentId":"osm_504453224"},"geometry":{"type":"LineString","coordinates":[[-99.87455,48.79761],[-99.87458,48.79788],[-99.87473,48.79806],[-99.8751,48.79819],[-99.87562,48.79815],[-99.87627,48.7984]]}},{"type":"Feature","properties":{"segmentId":"osm_504453226"},"geometry":{"type":"LineString","coordinates":[[-99.86304,48.79801],[-99.86445,48.79806]]}},{"type":"Feature","properties":{"segmentId":"osm_504453227"},"geometry":{"type":"LineString","coordinates":[[-99.86797,48.79647],[-99.86797,48.79793]]}},{"type":"Feature","properties":{"segmentId":"osm_504453230"},"geometry":{"type":"LineString","coordinates":[[-99.84317,48.82005],[-99.84345,48.81977],[-99.84337,48.81926]]}},{"type":"Feature","properties":{"segmentId":"osm_504453238","name":"2nd Avenue North"},"geometry":{"type":"LineString","coordinates":[[-100.05805,48.81507],[-100.05957,48.81506]]}},{"type":"Feature","properties":{"segmentId":"osm_504453239","name":"1st Street East"},"geometry":{"type":"LineString","coordinates":[[-100.05957,48.81571],[-100.05957,48.81676]]}},{"type":"Feature","properties":{"segmentId":"osm_504453240"},"geometry":{"type":"LineString","coordinates":[[-99.78616,48.81977],[-99.78517,48.81979]]}},{"type":"Feature","properties":{"segmentId":"osm_504453242","name":"93rd Street Northeast"},"geometry":{"type":"LineString","coordinates":[[-99.52581,48.76176],[-99.53744,48.76178],[-99.54772,48.76187]]}},{"type":"Feature","properties":{"segmentId":"osm_504453243","name":"93rd Street Northeast"},"geometry":{"type":"LineString","coordinates":[[-99.74496,48.76206],[-99.7693,48.76211],[-99.77345,48.76205],[-99.78145,48.76207],[-99.78633,48.76197],[-99.78857,48.76202]]}},{"type":"Feature","properties":{"segmentId":"osm_504453244","name":"42nd Avenue"},"geometry":{"type":"LineString","coordinates":[[-99.78847,48.80549],[-99.78842,48.82265],[-99.78859,48.82285]]}},{"type":"Feature","properties":{"segmentId":"osm_504453250"},"geometry":{"type":"LineString","coordinates":[[-99.79999,48.81766],[-99.80239,48.81639],[-99.80409,48.81495],[-99.80455,48.81465],[-99.80635,48.81307],[-99.81042,48.81044]]}},{"type":"Feature","properties":{"segmentId":"osm_504453258"},"geometry":{"type":"LineString","coordinates":[[-99.80965,48.80551],[-99.80559,48.80564],[-99.80436,48.80564],[-99.80378,48.80553],[-99.80317,48.80553],[-99.80248,48.80561],[-99.80037,48.80554],[-99.80004,48.80563],[-99.79958,48.80552]]}},{"type":"Feature","properties":{"segmentId":"osm_504453259"},"geometry":{"type":"LineString","coordinates":[[-99.78237,48.80546],[-99.78216,48.80588],[-99.78174,48.80616],[-99.78153,48.80622]]}},{"type":"Feature","properties":{"segmentId":"osm_504453266"},"geometry":{"type":"LineString","coordinates":[[-99.85427,48.80958],[-99.85964,48.80959],[-99.8599,48.80969]]}},{"type":"Feature","properties":{"segmentId":"osm_504453268"},"geometry":{"type":"LineString","coordinates":[[-99.81837,48.91351],[-99.81883,48.91364],[-99.81904,48.91377]]}},{"type":"Feature","properties":{"segmentId":"osm_504453270"},"geometry":{"type":"LineString","coordinates":[[-99.8983,48.82143],[-99.89936,48.82153]]}},{"type":"Feature","properties":{"segmentId":"osm_504453276"},"geometry":{"type":"LineString","coordinates":[[-99.75947,48.83439],[-99.76078,48.83437],[-99.76137,48.8343]]}},{"type":"Feature","properties":{"segmentId":"osm_504453284"},"geometry":{"type":"LineString","coordinates":[[-99.76468,48.84272],[-99.76498,48.84253],[-99.76515,48.84212]]}},{"type":"Feature","properties":{"segmentId":"osm_504453285"},"geometry":{"type":"LineString","coordinates":[[-99.75977,48.83765],[-99.75964,48.83832],[-99.75989,48.83891],[-99.75983,48.83914]]}},{"type":"Feature","properties":{"segmentId":"osm_504453286","name":"44th Avenue Northeast"},"geometry":{"type":"LineString","coordinates":[[-99.74494,48.80809],[-99.74488,48.8461]]}},{"type":"Feature","properties":{"segmentId":"osm_504453288","name":"Cuthbert Grant Way"},"geometry":{"type":"LineString","coordinates":[[-99.74273,48.84642],[-99.74265,48.84616],[-99.74259,48.84493],[-99.74225,48.84447]]}},{"type":"Feature","properties":{"segmentId":"osm_595525163"},"geometry":{"type":"LineString","coordinates":[[-99.82995,48.99449],[-99.83171,48.99492],[-99.83251,48.99572],[-99.83322,48.99615],[-99.83381,48.99643],[-99.83415,48.99644],[-99.83476,48.99683],[-99.83504,48.9971],[-99.83548,48.99719],[-99.83589,48.99717],[-99.83701,48.99671],[-99.83719,48.99608],[-99.83745,48.99584],[-99.83719,48.99463],[-99.83685,48.99417],[-99.83643,48.99402],[-99.83648,48.99382],[-99.83665,48.99365],[-99.84352,48.99368],[-99.84436,48.99334],[-99.84516,48.99324],[-99.84548,48.99302],[-99.84607,48.99294],[-99.84656,48.99236],[-99.84634,48.99204],[-99.84632,48.99179],[-99.84649,48.99159],[-99.84648,48.99139],[-99.84617,48.99125],[-99.84594,48.99095],[-99.84581,48.99019],[-99.84555,48.98989],[-99.84533,48.98945],[-99.8456,48.98883],[-99.84635,48.98834],[-99.84677,48.98795],[-99.84681,48.98774],[-99.84481,48.98656],[-99.84391,48.98657]]}},{"type":"Feature","properties":{"segmentId":"osm_790460811"},"geometry":{"type":"LineString","coordinates":[[-99.41427,48.61203],[-99.41364,48.6111],[-99.41343,48.61094],[-99.4124,48.61069],[-99.41199,48.61073],[-99.41174,48.61069],[-99.41069,48.60985]]}},{"type":"Feature","properties":{"segmentId":"osm_790460842","name":"77th Street Northeast"},"geometry":{"type":"LineString","coordinates":[[-99.92823,48.53053],[-99.83381,48.53042],[-99.81521,48.53043],[-99.80995,48.53047],[-99.80731,48.53055],[-99.80489,48.53048],[-99.75457,48.53041]]}},{"type":"Feature","properties":{"segmentId":"osm_790460844","name":"77th Street Northeast"},"geometry":{"type":"LineString","coordinates":[[-99.75457,48.53041],[-99.744,48.53048],[-99.7437,48.53056],[-99.74344,48.53091],[-99.74321,48.53103],[-99.74283,48.53103],[-99.74218,48.53093],[-99.74166,48.53062],[-99.74135,48.53051],[-99.74031,48.53047],[-99.73929,48.53048],[-99.7387,48.53056],[-99.7378,48.53046],[-99.72069,48.53051],[-99.71096,48.53047]]}},{"type":"Feature","properties":{"segmentId":"osm_790460845","name":"42nd Avenue Northeast"},"geometry":{"type":"LineString","coordinates":[[-99.75437,48.53025],[-99.75437,48.53041]]}},{"type":"Feature","properties":{"segmentId":"osm_790460889","name":"50th Avenue Northeast"},"geometry":{"type":"LineString","coordinates":[[-99.58057,48.63184],[-99.5803,48.64634],[-99.58035,48.65021],[-99.57998,48.65059],[-99.57982,48.65106],[-99.57992,48.65129],[-99.58048,48.65167],[-99.5801,48.66083],[-99.58041,48.67532]]}},{"type":"Feature","properties":{"segmentId":"osm_790460890","name":"50th Avenue Northeast"},"geometry":{"type":"LineString","coordinates":[[-99.58045,48.5973],[-99.58047,48.60283]]}},{"type":"Feature","properties":{"segmentId":"osm_790460893","name":"51st Avenue Northeast"},"geometry":{"type":"LineString","coordinates":[[-99.55863,48.53336],[-99.55876,48.53359],[-99.55881,48.5384],[-99.55852,48.53854]]}},{"type":"Feature","properties":{"segmentId":"osm_790460897","name":"77th Street Northeast"},"geometry":{"type":"LineString","coordinates":[[-99.55846,48.53046],[-99.56899,48.5305]]}},{"type":"Feature","properties":{"segmentId":"osm_790585598","name":"32nd Avenue Northeast"},"geometry":{"type":"LineString","coordinates":[[-99.97177,48.57408],[-99.97187,48.58854]]}},{"type":"Feature","properties":{"segmentId":"osm_790585599","name":"78th Street Northeast"},"geometry":{"type":"LineString","coordinates":[[-99.86341,48.54497],[-99.87592,48.54497],[-99.87706,48.54489],[-99.8845,48.54497],[-99.88469,48.54487],[-99.9282,48.54504],[-99.94671,48.54495],[-99.96641,48.54505]]}},{"type":"Feature","properties":{"segmentId":"osm_790585600","name":"79th Street Northeast"},"geometry":{"type":"LineString","coordinates":[[-99.84158,48.55945],[-99.86343,48.55947]]}},{"type":"Feature","properties":{"segmentId":"osm_790585601","name":"79th Street Northeast"},"geometry":{"type":"LineString","coordinates":[[-99.80886,48.55939],[-99.83469,48.55939],[-99.84158,48.55945]]}},{"type":"Feature","properties":{"segmentId":"osm_790585602","name":"36th Avenue Northeast"},"geometry":{"type":"LineString","coordinates":[[-99.88456,48.60531],[-99.88456,48.60542]]}},{"type":"Feature","properties":{"segmentId":"osm_790585603","name":"36th Avenue Northeast"},"geometry":{"type":"LineString","coordinates":[[-99.88455,48.58846],[-99.88456,48.60531]]}},{"type":"Feature","properties":{"segmentId":"osm_790585604","name":"36th Avenue Northeast"},"geometry":{"type":"LineString","coordinates":[[-99.88456,48.60542],[-99.88455,48.61744]]}},{"type":"Feature","properties":{"segmentId":"osm_790585605","name":"36th Avenue Northeast"},"geometry":{"type":"LineString","coordinates":[[-99.88454,48.53047],[-99.8846,48.53094],[-99.88451,48.54043],[-99.88463,48.54077],[-99.88473,48.54203],[-99.88469,48.54487]]}},{"type":"Feature","properties":{"segmentId":"osm_791116383","name":"28th Avenue Northeast"},"geometry":{"type":"LineString","coordinates":[[-100.059,48.58863],[-100.05902,48.60314]]}},{"type":"Feature","properties":{"segmentId":"osm_791116385","name":"28th Avenue Northeast"},"geometry":{"type":"LineString","coordinates":[[-100.05908,48.67949],[-100.059,48.68691],[-100.05908,48.68718],[-100.05943,48.68726]]}},{"type":"Feature","properties":{"segmentId":"osm_791116387","name":"33rd Avenue Northeast"},"geometry":{"type":"LineString","coordinates":[[-99.94992,48.67088],[-99.94989,48.67561]]}},{"type":"Feature","properties":{"segmentId":"osm_791116388","name":"33rd Avenue Northeast"},"geometry":{"type":"LineString","coordinates":[[-99.94992,48.67081],[-99.94992,48.67088]]}},{"type":"Feature","properties":{"segmentId":"osm_791116389","name":"33rd Avenue Northeast"},"geometry":{"type":"LineString","coordinates":[[-99.94994,48.66191],[-99.94992,48.67081]]}},{"type":"Feature","properties":{"segmentId":"osm_791116400","name":"40th Avenue Northeast"},"geometry":{"type":"LineString","coordinates":[[-99.79812,48.68983],[-99.79816,48.69652],[-99.79802,48.6971],[-99.79797,48.6983],[-99.79798,48.70435]]}},{"type":"Feature","properties":{"segmentId":"osm_791116426","name":"28th Avenue Northeast"},"geometry":{"type":"LineString","coordinates":[[-100.05897,48.53068],[-100.05904,48.53509],[-100.05902,48.54516]]}},{"type":"Feature","properties":{"segmentId":"osm_791116428","name":"80th Street Northeast"},"geometry":{"type":"LineString","coordinates":[[-100.0371,48.57409],[-100.10273,48.57418]]}},{"type":"Feature","properties":{"segmentId":"osm_791116429","name":"80th Street Northeast"},"geometry":{"type":"LineString","coordinates":[[-99.84162,48.57391],[-99.86346,48.57394]]}},{"type":"Feature","properties":{"segmentId":"osm_791116430","name":"80th Street Northeast"},"geometry":{"type":"LineString","coordinates":[[-99.71093,48.57388],[-99.79632,48.57388],[-99.80748,48.57382],[-99.80875,48.57388],[-99.84162,48.57391]]}},{"type":"Feature","properties":{"segmentId":"osm_791116434","name":"80th Street Northeast"},"geometry":{"type":"LineString","coordinates":[[-99.70692,48.57388],[-99.71093,48.57388]]}},{"type":"Feature","properties":{"segmentId":"osm_791116436","name":"81st Street Northeast"},"geometry":{"type":"LineString","coordinates":[[-99.58081,48.5884],[-99.60043,48.58839]]}},{"type":"Feature","properties":{"segmentId":"osm_791116438"},"geometry":{"type":"LineString","coordinates":[[-99.65693,48.62243],[-99.65671,48.62246],[-99.65651,48.62261],[-99.65656,48.62302],[-99.65676,48.6234]]}},{"type":"Feature","properties":{"segmentId":"osm_791116441"},"geometry":{"type":"LineString","coordinates":[[-99.64524,48.65548],[-99.64463,48.65551],[-99.64452,48.65556]]}},{"type":"Feature","properties":{"segmentId":"osm_791116444"},"geometry":{"type":"LineString","coordinates":[[-99.59173,48.63122],[-99.59168,48.63074],[-99.59141,48.63042]]}},{"type":"Feature","properties":{"segmentId":"osm_791116446"},"geometry":{"type":"LineString","coordinates":[[-99.59585,48.55992],[-99.59664,48.56001],[-99.59684,48.56015],[-99.59678,48.5606],[-99.59667,48.56066],[-99.5964,48.56065]]}},{"type":"Feature","properties":{"segmentId":"osm_791116476","name":"37th Avenue Northeast"},"geometry":{"type":"LineString","coordinates":[[-99.86344,48.56863],[-99.86347,48.57192]]}},{"type":"Feature","properties":{"segmentId":"osm_791116477","name":"37th Avenue Northeast"},"geometry":{"type":"LineString","coordinates":[[-99.86348,48.58841],[-99.86357,48.6174]]}},{"type":"Feature","properties":{"segmentId":"osm_791116478","name":"37th Avenue Northeast"},"geometry":{"type":"LineString","coordinates":[[-99.86346,48.57394],[-99.8634,48.58463],[-99.86348,48.58841]]}},{"type":"Feature","properties":{"segmentId":"osm_791116479","name":"37th Avenue Northeast"},"geometry":{"type":"LineString","coordinates":[[-99.86369,48.67533],[-99.86376,48.68215],[-99.8637,48.68693],[-99.86377,48.68818],[-99.86369,48.68944],[-99.86369,48.70439]]}},{"type":"Feature","properties":{"segmentId":"osm_791116480","name":"39th Avenue Northeast"},"geometry":{"type":"LineString","coordinates":[[-99.81989,48.70436],[-99.81985,48.71861]]}},{"type":"Feature","properties":{"segmentId":"osm_791116484"},"geometry":{"type":"LineString","coordinates":[[-99.91954,48.56676],[-99.92737,48.5668],[-99.9282,48.56666]]}},{"type":"Feature","properties":{"segmentId":"osm_791116486","name":"41st Avenue Northeast"},"geometry":{"type":"LineString","coordinates":[[-99.77617,48.57387],[-99.77623,48.58053],[-99.77614,48.60285]]}},{"type":"Feature","properties":{"segmentId":"osm_791116487","name":"82nd Street Northeast"},"geometry":{"type":"LineString","coordinates":[[-99.79804,48.60285],[-99.84167,48.60292]]}},{"type":"Feature","properties":{"segmentId":"osm_791116488","name":"35th Avenue Northeast"},"geometry":{"type":"LineString","coordinates":[[-99.90641,48.60295],[-99.90636,48.61387],[-99.90645,48.61743]]}},{"type":"Feature","properties":{"segmentId":"osm_791116490","name":"89th Street Northeast"},"geometry":{"type":"LineString","coordinates":[[-99.44966,48.70408],[-99.49307,48.7042]]}},{"type":"Feature","properties":{"segmentId":"osm_791116492","name":"87th Street Northeast"},"geometry":{"type":"LineString","coordinates":[[-99.6889,48.67531],[-99.75423,48.67539]]}},{"type":"Feature","properties":{"segmentId":"osm_791116498","name":"87th Street Northeast"},"geometry":{"type":"LineString","coordinates":[[-99.62334,48.67533],[-99.64518,48.67533]]}},{"type":"Feature","properties":{"segmentId":"osm_791116499","name":"87th Street Northeast"},"geometry":{"type":"LineString","coordinates":[[-99.56185,48.67536],[-99.56356,48.67531],[-99.57369,48.67535],[-99.57662,48.67531],[-99.57767,48.67538],[-99.57825,48.67531],[-99.57995,48.6753],[-99.5813,48.67536],[-99.58279,48.67533],[-99.58319,48.67536],[-99.58374,48.67556],[-99.5841,48.67561],[-99.58435,48.67556],[-99.58465,48.67538],[-99.58717,48.67531],[-99.58784,48.67539],[-99.58861,48.67561],[-99.5889,48.67552],[-99.58919,48.67532],[-99.62334,48.67533]]}},{"type":"Feature","properties":{"segmentId":"osm_791116502","name":"87th Street Northeast"},"geometry":{"type":"LineString","coordinates":[[-99.49309,48.67522],[-99.5587,48.67531]]}},{"type":"Feature","properties":{"segmentId":"osm_791116503","name":"86th Street Northeast"},"geometry":{"type":"LineString","coordinates":[[-99.5587,48.66084],[-99.62338,48.66083]]}},{"type":"Feature","properties":{"segmentId":"osm_791116507","name":"81st Street Northeast"},"geometry":{"type":"LineString","coordinates":[[-99.80539,48.5884],[-99.80252,48.58834],[-99.79869,48.58836]]}},{"type":"Feature","properties":{"segmentId":"osm_791116508","name":"82nd Street Northeast"},"geometry":{"type":"LineString","coordinates":[[-99.73274,48.60287],[-99.7379,48.60287]]}},{"type":"Feature","properties":{"segmentId":"osm_791116509","name":"43rd Avenue Northeast"},"geometry":{"type":"LineString","coordinates":[[-99.73273,48.57387],[-99.73262,48.58113],[-99.73277,48.58916],[-99.7327,48.59547],[-99.73274,48.60287]]}},{"type":"Feature","properties":{"segmentId":"osm_791116513","name":"90th Street Northeast"},"geometry":{"type":"LineString","coordinates":[[-99.73271,48.71853],[-99.75256,48.71855],[-99.75349,48.71851],[-99.75383,48.71838]]}},{"type":"Feature","properties":{"segmentId":"osm_791116514","name":"90th Street Northeast"},"geometry":{"type":"LineString","coordinates":[[-99.61814,48.71846],[-99.66702,48.7185]]}},{"type":"Feature","properties":{"segmentId":"osm_791116515","name":"90th Street Northeast"},"geometry":{"type":"LineString","coordinates":[[-99.54779,48.71842],[-99.61814,48.71846]]}},{"type":"Feature","properties":{"segmentId":"osm_791116527","name":"81st Street Northeast"},"geometry":{"type":"LineString","coordinates":[[-99.5368,48.58834],[-99.49316,48.5883]]}},{"type":"Feature","properties":{"segmentId":"osm_791116529","name":"52nd Avenue Northeast"},"geometry":{"type":"LineString","coordinates":[[-99.53683,48.65357],[-99.53684,48.67583],[-99.5369,48.67609],[-99.53717,48.67635],[-99.53725,48.67658],[-99.53723,48.67673],[-99.53695,48.67702],[-99.53685,48.67727],[-99.53691,48.68222],[-99.53621,48.68361],[-99.53608,48.68413],[-99.53615,48.68426],[-99.53675,48.68475],[-99.53658,48.68581],[-99.53665,48.68817]]}},{"type":"Feature","properties":{"segmentId":"osm_791116531"},"geometry":{"type":"LineString","coordinates":[[-99.515,48.6535],[-99.51542,48.65355],[-99.52285,48.65355]]}},{"type":"Feature","properties":{"segmentId":"osm_791116532"},"geometry":{"type":"LineString","coordinates":[[-99.51645,48.63345],[-99.51617,48.63368],[-99.51491,48.6337]]}},{"type":"Feature","properties":{"segmentId":"osm_791116534","name":"53rd Avenue Northeast"},"geometry":{"type":"LineString","coordinates":[[-99.51495,48.57383],[-99.5149,48.58113]]}},{"type":"Feature","properties":{"segmentId":"osm_791116539","name":"86th Street Northeast"},"geometry":{"type":"LineString","coordinates":[[-99.3841,48.66051],[-99.42269,48.66061]]}},{"type":"Feature","properties":{"segmentId":"osm_791116546","name":"55th Avenue Northeast"},"geometry":{"type":"LineString","coordinates":[[-99.47152,48.64621],[-99.47156,48.61722]]}},{"type":"Feature","properties":{"segmentId":"osm_791116547","name":"55th Avenue Northeast"},"geometry":{"type":"LineString","coordinates":[[-99.47158,48.67319],[-99.47152,48.67213],[-99.47159,48.66627],[-99.4715,48.65632],[-99.47152,48.64621]]}},{"type":"Feature","properties":{"segmentId":"osm_791116550","name":"31st Avenue Northeast"},"geometry":{"type":"LineString","coordinates":[[-99.99385,48.61129],[-99.99394,48.63219]]}},{"type":"Feature","properties":{"segmentId":"osm_791116552","name":"31st Avenue Northeast"},"geometry":{"type":"LineString","coordinates":[[-99.99368,48.57408],[-99.99383,48.60314]]}},{"type":"Feature","properties":{"segmentId":"osm_791116555","name":"31st Avenue Northeast"},"geometry":{"type":"LineString","coordinates":[[-99.99394,48.63219],[-99.99397,48.66271],[-99.99404,48.66692],[-99.99381,48.67558]]}},{"type":"Feature","properties":{"segmentId":"osm_791116557","name":"79th Street Northeast"},"geometry":{"type":"LineString","coordinates":[[-99.97688,48.5596],[-99.99815,48.55965],[-99.99942,48.55945],[-99.9997,48.55956],[-100.00189,48.55958],[-100.059,48.55961]]}},{"type":"Feature","properties":{"segmentId":"osm_791116558","name":"33rd Avenue Northeast"},"geometry":{"type":"LineString","coordinates":[[-99.94994,48.66191],[-99.95013,48.62305],[-99.95011,48.60297]]}},{"type":"Feature","properties":{"segmentId":"osm_791116560"},"geometry":{"type":"LineString","coordinates":[[-99.96098,48.66474],[-99.96104,48.66336]]}},{"type":"Feature","properties":{"segmentId":"osm_791116563","name":"State Highway 66"},"geometry":{"type":"LineString","coordinates":[[-99.79107,48.66085],[-99.80107,48.66076],[-99.80895,48.66087],[-99.83098,48.66089]]}},{"type":"Feature","properties":{"segmentId":"osm_791116564","name":"State Highway 66"},"geometry":{"type":"LineString","coordinates":[[-99.79089,48.66085],[-99.79107,48.66085]]}},{"type":"Feature","properties":{"segmentId":"osm_791116573","name":"Rolette Road"},"geometry":{"type":"LineString","coordinates":[[-99.84176,48.65937],[-99.84176,48.66]]}},{"type":"Feature","properties":{"segmentId":"osm_791116574"},"geometry":{"type":"LineString","coordinates":[[-99.84177,48.6606],[-99.83347,48.66062]]}},{"type":"Feature","properties":{"segmentId":"osm_791116575"},"geometry":{"type":"LineString","coordinates":[[-99.83639,48.66061],[-99.8364,48.66089]]}},{"type":"Feature","properties":{"segmentId":"osm_791116576","name":"3rd Avenue"},"geometry":{"type":"LineString","coordinates":[[-99.83644,48.66297],[-99.83828,48.66295]]}},{"type":"Feature","properties":{"segmentId":"osm_791116578","name":"Main Street"},"geometry":{"type":"LineString","coordinates":[[-99.84492,48.66496],[-99.84493,48.66698]]}},{"type":"Feature","properties":{"segmentId":"osm_791116581"},"geometry":{"type":"LineString","coordinates":[[-99.83987,48.6609],[-99.83987,48.66061]]}},{"type":"Feature","properties":{"segmentId":"osm_791116584","name":"West Park Street"},"geometry":{"type":"LineString","coordinates":[[-99.84084,48.66193],[-99.84083,48.66154]]}},{"type":"Feature","properties":{"segmentId":"osm_791116593","name":"35th Avenue Northeast"},"geometry":{"type":"LineString","coordinates":[[-99.90644,48.66116],[-99.90637,48.67309]]}},{"type":"Feature","properties":{"segmentId":"osm_791116594","name":"35th Avenue Northeast"},"geometry":{"type":"LineString","coordinates":[[-99.90651,48.64654],[-99.90644,48.66116]]}},{"type":"Feature","properties":{"segmentId":"osm_791116595","name":"35th Avenue Northeast"},"geometry":{"type":"LineString","coordinates":[[-99.90649,48.62895],[-99.90661,48.63179],[-99.90675,48.63211],[-99.90746,48.63301],[-99.90771,48.63356],[-99.90763,48.63403],[-99.90677,48.63521],[-99.9066,48.63575],[-99.90645,48.64016],[-99.90651,48.64654]]}},{"type":"Feature","properties":{"segmentId":"osm_791116597","name":"85th Street Northeast"},"geometry":{"type":"LineString","coordinates":[[-100.0372,48.64672],[-100.04321,48.64681],[-100.04417,48.64672],[-100.04554,48.64644],[-100.04706,48.64643],[-100.04835,48.64635],[-100.04894,48.64641],[-100.05038,48.64671],[-100.05158,48.64674],[-100.05361,48.64651],[-100.05425,48.6463],[-100.05505,48.6459],[-100.05568,48.64575],[-100.05873,48.64579]]}},{"type":"Feature","properties":{"segmentId":"osm_791116598","name":"85th Street Northeast"},"geometry":{"type":"LineString","coordinates":[[-99.79798,48.64638],[-99.8129,48.6464],[-99.83092,48.64634],[-99.85303,48.64644],[-99.88456,48.64644],[-99.90651,48.64654]]}},{"type":"Feature","properties":{"segmentId":"osm_791116601","name":"85th Street Northeast"},"geometry":{"type":"LineString","coordinates":[[-99.77258,48.64634],[-99.78176,48.64639],[-99.79723,48.64637]]}},{"type":"Feature","properties":{"segmentId":"osm_791116605","name":"41st Avenue Northeast"},"geometry":{"type":"LineString","coordinates":[[-99.77612,48.7043],[-99.77612,48.70599],[-99.77602,48.70683],[-99.7762,48.71277],[-99.77621,48.71725],[-99.77642,48.71752],[-99.77746,48.71834],[-99.77807,48.71859]]}},{"type":"Feature","properties":{"segmentId":"osm_791116608","name":"88th Street Northeast"},"geometry":{"type":"LineString","coordinates":[[-99.79812,48.68983],[-99.81988,48.68986]]}},{"type":"Feature","properties":{"segmentId":"osm_791116611","name":"88th Street Northeast"},"geometry":{"type":"LineString","coordinates":[[-99.68892,48.68981],[-99.70814,48.68982]]}},{"type":"Feature","properties":{"segmentId":"osm_791116612","name":"44th Avenue Northeast"},"geometry":{"type":"LineString","coordinates":[[-99.71079,48.66084],[-99.71076,48.67533]]}},{"type":"Feature","properties":{"segmentId":"osm_791116616","name":"44th Avenue Northeast"},"geometry":{"type":"LineString","coordinates":[[-99.71084,48.65632],[-99.71078,48.65768]]}},{"type":"Feature","properties":{"segmentId":"osm_791116617","name":"85th Street Northeast"},"geometry":{"type":"LineString","coordinates":[[-99.68895,48.64636],[-99.70407,48.64636],[-99.7045,48.64648]]}},{"type":"Feature","properties":{"segmentId":"osm_791116618","name":"85th Street Northeast"},"geometry":{"type":"LineString","coordinates":[[-99.62332,48.64636],[-99.55868,48.64632]]}},{"type":"Feature","properties":{"segmentId":"osm_791116620","name":"46th Avenue Northeast"},"geometry":{"type":"LineString","coordinates":[[-99.66726,48.54496],[-99.66714,48.60291]]}},{"type":"Feature","properties":{"segmentId":"osm_791116622","name":"80th Street Northeast"},"geometry":{"type":"LineString","coordinates":[[-99.60224,48.5739],[-99.60886,48.57395],[-99.64539,48.57395]]}},{"type":"Feature","properties":{"segmentId":"osm_791116624","name":"80th Street Northeast"},"geometry":{"type":"LineString","coordinates":[[-99.64539,48.57395],[-99.66718,48.57391]]}},{"type":"Feature","properties":{"segmentId":"osm_791116626","name":"80th Street Northeast"},"geometry":{"type":"LineString","coordinates":[[-99.48268,48.57379],[-99.49318,48.57381]]}},{"type":"Feature","properties":{"segmentId":"osm_791116627","name":"80th Street Northeast"},"geometry":{"type":"LineString","coordinates":[[-99.48259,48.57379],[-99.48268,48.57379]]}},{"type":"Feature","properties":{"segmentId":"osm_791116637"},"geometry":{"type":"LineString","coordinates":[[-99.34116,48.61515],[-99.34975,48.61522],[-99.35032,48.61518]]}},{"type":"Feature","properties":{"segmentId":"osm_791116641","name":"Borgerding Street"},"geometry":{"type":"LineString","coordinates":[[-99.37824,48.62458],[-99.37919,48.62533]]}},{"type":"Feature","properties":{"segmentId":"osm_791116643"},"geometry":{"type":"LineString","coordinates":[[-99.38195,48.62771],[-99.38241,48.62803]]}},{"type":"Feature","properties":{"segmentId":"osm_791116644"},"geometry":{"type":"LineString","coordinates":[[-99.37229,48.63153],[-99.37232,48.62811]]}},{"type":"Feature","properties":{"segmentId":"osm_791116645","name":"Schoener Street"},"geometry":{"type":"LineString","coordinates":[[-99.37576,48.62554],[-99.3784,48.62776],[-99.37825,48.62804]]}},{"type":"Feature","properties":{"segmentId":"osm_791116646","name":"Wisconsin Street"},"geometry":{"type":"LineString","coordinates":[[-99.38265,48.62326],[-99.38267,48.6243]]}},{"type":"Feature","properties":{"segmentId":"osm_791116647","name":"Thien Street"},"geometry":{"type":"LineString","coordinates":[[-99.37993,48.62433],[-99.38039,48.62472]]}},{"type":"Feature","properties":{"segmentId":"osm_791116648","name":"Borgerding Street"},"geometry":{"type":"LineString","coordinates":[[-99.37866,48.62429],[-99.37838,48.62427],[-99.37824,48.62433],[-99.37818,48.62439],[-99.37824,48.62458]]}},{"type":"Feature","properties":{"segmentId":"osm_791116696","name":"82nd Street Northeast"},"geometry":{"type":"LineString","coordinates":[[-99.60231,48.60286],[-99.60391,48.6029],[-99.62348,48.60289]]}},{"type":"Feature","properties":{"segmentId":"osm_791116697"},"geometry":{"type":"LineString","coordinates":[[-99.62997,48.60467],[-99.62948,48.60451],[-99.62349,48.60452]]}},{"type":"Feature","properties":{"segmentId":"osm_791116698","name":"82nd Street Northeast"},"geometry":{"type":"LineString","coordinates":[[-99.62348,48.60289],[-99.64531,48.60293],[-99.7099,48.60288],[-99.71049,48.60279]]}},{"type":"Feature","properties":{"segmentId":"osm_791116715","name":"45th Avenue Northeast"},"geometry":{"type":"LineString","coordinates":[[-99.68889,48.70429],[-99.68888,48.71761],[-99.68882,48.71849]]}},{"type":"Feature","properties":{"segmentId":"osm_791116717","name":"83rd Street Northeast"},"geometry":{"type":"LineString","coordinates":[[-99.70547,48.61736],[-99.68901,48.61737]]}},{"type":"Feature","properties":{"segmentId":"osm_791116719","name":"Main Street"},"geometry":{"type":"LineString","coordinates":[[-99.61874,48.63539],[-99.61876,48.63642]]}},{"type":"Feature","properties":{"segmentId":"osm_791116720","name":"84th Street Northeast"},"geometry":{"type":"LineString","coordinates":[[-99.60599,48.63182],[-99.60718,48.63187],[-99.6188,48.63187]]}},{"type":"Feature","properties":{"segmentId":"osm_791116721","name":"84th Street Northeast"},"geometry":{"type":"LineString","coordinates":[[-99.60261,48.63113],[-99.60314,48.63134],[-99.60599,48.63182]]}},{"type":"Feature","properties":{"segmentId":"osm_791116722","name":"2nd Avenue"},"geometry":{"type":"LineString","coordinates":[[-99.61412,48.6364],[-99.61563,48.6364]]}},{"type":"Feature","properties":{"segmentId":"osm_791116723","name":"Madison Street"},"geometry":{"type":"LineString","coordinates":[[-99.61718,48.63538],[-99.61722,48.6364]]}},{"type":"Feature","properties":{"segmentId":"osm_791116725"},"geometry":{"type":"LineString","coordinates":[[-99.61876,48.63642],[-99.6196,48.63642]]}},{"type":"Feature","properties":{"segmentId":"osm_791116726","name":"Main Street"},"geometry":{"type":"LineString","coordinates":[[-99.61876,48.63642],[-99.61879,48.64069],[-99.61871,48.64102]]}},{"type":"Feature","properties":{"segmentId":"osm_791116727","name":"83rd Street Northeast"},"geometry":{"type":"LineString","coordinates":[[-99.58052,48.61731],[-99.60238,48.61733]]}},{"type":"Feature","properties":{"segmentId":"osm_791116728","name":"83rd Street Northeast"},"geometry":{"type":"LineString","coordinates":[[-99.53681,48.61727],[-99.58052,48.61731]]}},{"type":"Feature","properties":{"segmentId":"osm_791116729","name":"83rd Street Northeast"},"geometry":{"type":"LineString","coordinates":[[-99.49313,48.61727],[-99.53681,48.61727]]}},{"type":"Feature","properties":{"segmentId":"osm_791116730","name":"57th Avenue Northeast"},"geometry":{"type":"LineString","coordinates":[[-99.42792,48.57365],[-99.42788,48.61711]]}},{"type":"Feature","properties":{"segmentId":"osm_791116732","name":"78th Street Northeast"},"geometry":{"type":"LineString","coordinates":[[-99.48773,48.54482],[-99.49319,48.54483]]}},{"type":"Feature","properties":{"segmentId":"osm_791116733","name":"78th Street Northeast"},"geometry":{"type":"LineString","coordinates":[[-99.48759,48.54482],[-99.48773,48.54482]]}},{"type":"Feature","properties":{"segmentId":"osm_791116734","name":"78th Street Northeast"},"geometry":{"type":"LineString","coordinates":[[-99.62365,48.54496],[-99.61393,48.54496]]}},{"type":"Feature","properties":{"segmentId":"osm_791116738","name":"47th Avenue Northeast"},"geometry":{"type":"LineString","coordinates":[[-99.64539,48.57395],[-99.64534,48.58845]]}},{"type":"Feature","properties":{"segmentId":"osm_791116739","name":"47th Avenue Northeast"},"geometry":{"type":"LineString","coordinates":[[-99.64543,48.54498],[-99.64539,48.57395]]}},{"type":"Feature","properties":{"segmentId":"osm_791116740","name":"47th Avenue Northeast"},"geometry":{"type":"LineString","coordinates":[[-99.64525,48.63188],[-99.64518,48.67533]]}},{"type":"Feature","properties":{"segmentId":"osm_791116741","name":"47th Avenue Northeast"},"geometry":{"type":"LineString","coordinates":[[-99.64518,48.67533],[-99.64519,48.68897]]}},{"type":"Feature","properties":{"segmentId":"osm_791116742","name":"State Highway 66"},"geometry":{"type":"LineString","coordinates":[[-99.37229,48.63153],[-99.36231,48.63149],[-99.25372,48.6315]]}},{"type":"Feature","properties":{"segmentId":"osm_791116743","name":"State Highway 66"},"geometry":{"type":"LineString","coordinates":[[-99.44864,48.63167],[-99.44842,48.63167]]}},{"type":"Feature","properties":{"segmentId":"osm_791116782","name":"77th Street Northeast"},"geometry":{"type":"LineString","coordinates":[[-99.60229,48.53047],[-99.60864,48.53047]]}},{"type":"Feature","properties":{"segmentId":"osm_791116791"},"geometry":{"type":"LineString","coordinates":[[-99.47151,48.53029],[-99.47151,48.51582]]}},{"type":"Feature","properties":{"segmentId":"osm_800865631"},"geometry":{"type":"LineString","coordinates":[[-99.85355,48.94971],[-99.85284,48.94921],[-99.8528,48.94912]]}},{"type":"Feature","properties":{"segmentId":"osm_802009260"},"geometry":{"type":"LineString","coordinates":[[-99.88906,48.93819],[-99.88856,48.93841],[-99.88818,48.93844],[-99.8879,48.93831],[-99.88741,48.9384],[-99.88691,48.93874],[-99.88671,48.93911],[-99.88651,48.93924],[-99.88494,48.93977],[-99.88426,48.93991]]}},{"type":"Feature","properties":{"segmentId":"osm_802009263"},"geometry":{"type":"LineString","coordinates":[[-99.88836,48.93568],[-99.88839,48.93546],[-99.88799,48.93542],[-99.8871,48.9355],[-99.88533,48.93548]]}},{"type":"Feature","properties":{"segmentId":"osm_802009270"},"geometry":{"type":"LineString","coordinates":[[-99.87211,48.93556],[-99.87248,48.93532],[-99.87257,48.93508],[-99.87293,48.93462],[-99.87265,48.93391],[-99.87274,48.9335]]}},{"type":"Feature","properties":{"segmentId":"osm_802009271"},"geometry":{"type":"LineString","coordinates":[[-99.87274,48.93556],[-99.87248,48.93532]]}},{"type":"Feature","properties":{"segmentId":"osm_803394306"},"geometry":{"type":"LineString","coordinates":[[-99.71761,48.95012],[-99.71764,48.94526]]}},{"type":"Feature","properties":{"segmentId":"osm_803759346"},"geometry":{"type":"LineString","coordinates":[[-99.70991,48.84379],[-99.70992,48.84401],[-99.71011,48.84425],[-99.71047,48.84504]]}},{"type":"Feature","properties":{"segmentId":"osm_803759431"},"geometry":{"type":"LineString","coordinates":[[-99.72773,48.84011],[-99.72776,48.84084]]}},{"type":"Feature","properties":{"segmentId":"osm_803759432"},"geometry":{"type":"LineString","coordinates":[[-99.72661,48.84115],[-99.72712,48.84123],[-99.72755,48.84099],[-99.72829,48.84133]]}},{"type":"Feature","properties":{"segmentId":"osm_803759433"},"geometry":{"type":"LineString","coordinates":[[-99.73331,48.84037],[-99.73333,48.83854],[-99.7322,48.83854]]}},{"type":"Feature","properties":{"segmentId":"osm_803781825"},"geometry":{"type":"LineString","coordinates":[[-99.74201,48.85433],[-99.74049,48.85361]]}},{"type":"Feature","properties":{"segmentId":"osm_803859846"},"geometry":{"type":"LineString","coordinates":[[-99.69534,48.84868],[-99.69683,48.84869]]}},{"type":"Feature","properties":{"segmentId":"osm_803859953"},"geometry":{"type":"LineString","coordinates":[[-99.72033,48.85046],[-99.72217,48.8508],[-99.72288,48.85086]]}},{"type":"Feature","properties":{"segmentId":"osm_803899361"},"geometry":{"type":"LineString","coordinates":[[-99.72593,48.8781],[-99.72555,48.87814],[-99.72453,48.87856]]}},{"type":"Feature","properties":{"segmentId":"osm_804469138"},"geometry":{"type":"LineString","coordinates":[[-99.84772,48.93931],[-99.84657,48.93919],[-99.84554,48.93893]]}},{"type":"Feature","properties":{"segmentId":"osm_806227286"},"geometry":{"type":"LineString","coordinates":[[-99.93103,48.71879],[-99.93118,48.71866]]}},{"type":"Feature","properties":{"segmentId":"osm_806227287"},"geometry":{"type":"LineString","coordinates":[[-99.92836,48.71868],[-99.92812,48.71854]]}},{"type":"Feature","properties":{"segmentId":"osm_807245550"},"geometry":{"type":"LineString","coordinates":[[-99.78261,48.8253],[-99.78244,48.82513]]}},{"type":"Feature","properties":{"segmentId":"osm_807245573"},"geometry":{"type":"LineString","coordinates":[[-99.78581,48.83042],[-99.78588,48.83145]]}},{"type":"Feature","properties":{"segmentId":"osm_807245643"},"geometry":{"type":"LineString","coordinates":[[-99.78843,48.8358],[-99.78849,48.83865]]}},{"type":"Feature","properties":{"segmentId":"osm_807245726","name":"Crissler Drive Northeast"},"geometry":{"type":"LineString","coordinates":[[-99.78845,48.84885],[-99.78845,48.85756]]}},{"type":"Feature","properties":{"segmentId":"osm_807245727"},"geometry":{"type":"LineString","coordinates":[[-99.78842,48.84392],[-99.78845,48.84885]]}},{"type":"Feature","properties":{"segmentId":"osm_807274171","name":"Bia 21"},"geometry":{"type":"LineString","coordinates":[[-99.83229,48.83447],[-99.83227,48.84537]]}},{"type":"Feature","properties":{"segmentId":"osm_807274235"},"geometry":{"type":"LineString","coordinates":[[-99.82329,48.84466],[-99.82331,48.8434],[-99.82299,48.84228],[-99.82243,48.84163],[-99.82143,48.84123]]}},{"type":"Feature","properties":{"segmentId":"osm_807274291"},"geometry":{"type":"LineString","coordinates":[[-99.80462,48.83367],[-99.80496,48.83357],[-99.80519,48.83362]]}},{"type":"Feature","properties":{"segmentId":"osm_807800094"},"geometry":{"type":"LineString","coordinates":[[-99.7644,48.80662],[-99.76467,48.80769],[-99.76506,48.80808],[-99.76507,48.80821]]}},{"type":"Feature","properties":{"segmentId":"osm_807846584"},"geometry":{"type":"LineString","coordinates":[[-99.83152,48.82507],[-99.83169,48.82478],[-99.83147,48.82444],[-99.83133,48.82401],[-99.83167,48.82333],[-99.83227,48.8228]]}},{"type":"Feature","properties":{"segmentId":"osm_808467381"},"geometry":{"type":"LineString","coordinates":[[-99.734,48.99082],[-99.73399,48.99365]]}},{"type":"Feature","properties":{"segmentId":"osm_808467389"},"geometry":{"type":"LineString","coordinates":[[-99.76916,48.88101],[-99.76833,48.88117],[-99.76824,48.8814]]}},{"type":"Feature","properties":{"segmentId":"osm_808467394"},"geometry":{"type":"LineString","coordinates":[[-99.79424,48.82284],[-99.79484,48.82257],[-99.79484,48.82246],[-99.79441,48.82194]]}},{"type":"Feature","properties":{"segmentId":"osm_808467395"},"geometry":{"type":"LineString","coordinates":[[-99.82139,48.83096],[-99.82147,48.83297]]}},{"type":"Feature","properties":{"segmentId":"osm_808467427"},"geometry":{"type":"LineString","coordinates":[[-100.03009,48.86668],[-100.03012,48.86656],[-100.02999,48.8665],[-100.02952,48.86593]]}},{"type":"Feature","properties":{"segmentId":"osm_808467450"},"geometry":{"type":"LineString","coordinates":[[-100.03476,48.85408],[-100.035,48.85399],[-100.03517,48.85383],[-100.03548,48.85337],[-100.03591,48.85297],[-100.03691,48.8527],[-100.03711,48.85257],[-100.03752,48.85214],[-100.03745,48.85186]]}},{"type":"Feature","properties":{"segmentId":"osm_808467454"},"geometry":{"type":"LineString","coordinates":[[-100.02516,48.89848],[-100.02559,48.89873],[-100.02603,48.89889]]}},{"type":"Feature","properties":{"segmentId":"osm_808467456"},"geometry":{"type":"LineString","coordinates":[[-100.01549,48.92039],[-100.01492,48.9204]]}},{"type":"Feature","properties":{"segmentId":"osm_808467480"},"geometry":{"type":"LineString","coordinates":[[-100.00905,48.87949],[-100.00905,48.88029],[-100.00897,48.88046],[-100.00862,48.88091],[-100.00813,48.88136],[-100.00801,48.8816],[-100.00808,48.88235],[-100.00797,48.88265]]}},{"type":"Feature","properties":{"segmentId":"osm_808467490"},"geometry":{"type":"LineString","coordinates":[[-100.02702,48.86706],[-100.02789,48.86705],[-100.0278,48.86785],[-100.02792,48.86817],[-100.02826,48.86844],[-100.02895,48.86862],[-100.02946,48.86866]]}},{"type":"Feature","properties":{"segmentId":"osm_808467493"},"geometry":{"type":"LineString","coordinates":[[-100.00704,48.85916],[-100.00739,48.85844],[-100.00741,48.85771],[-100.00793,48.85703]]}},{"type":"Feature","properties":{"segmentId":"osm_808467499","name":"33rd Avenue Northeast"},"geometry":{"type":"LineString","coordinates":[[-99.98604,48.86959],[-99.98603,48.86791]]}},{"type":"Feature","properties":{"segmentId":"osm_808467503","name":"Bureau of Indian Affairs Road 6"},"geometry":{"type":"LineString","coordinates":[[-100.05156,48.87786],[-100.06459,48.87789]]}},{"type":"Feature","properties":{"segmentId":"osm_808467511"},"geometry":{"type":"LineString","coordinates":[[-99.95477,48.83949],[-99.9531,48.83886],[-99.95298,48.83872],[-99.95296,48.83838]]}},{"type":"Feature","properties":{"segmentId":"osm_808467515"},"geometry":{"type":"LineString","coordinates":[[-99.88711,48.80132],[-99.88725,48.80179],[-99.88725,48.80331],[-99.88713,48.80483],[-99.88719,48.80567]]}},{"type":"Feature","properties":{"segmentId":"osm_808467518"},"geometry":{"type":"LineString","coordinates":[[-99.98593,48.80393],[-99.98599,48.82353],[-99.98594,48.84275],[-99.9859,48.84303],[-99.98575,48.84328],[-99.98477,48.844],[-99.98453,48.84438],[-99.98462,48.84547],[-99.98427,48.84747],[-99.98363,48.84876],[-99.98347,48.84925]]}},{"type":"Feature","properties":{"segmentId":"osm_808467522"},"geometry":{"type":"LineString","coordinates":[[-99.97985,48.83415],[-99.9804,48.8339],[-99.98074,48.83366],[-99.98099,48.83337],[-99.98182,48.83294],[-99.98348,48.83227],[-99.98447,48.83203],[-99.98572,48.83153]]}},{"type":"Feature","properties":{"segmentId":"osm_808467525"},"geometry":{"type":"LineString","coordinates":[[-99.96398,48.79124],[-99.96399,48.79762],[-99.96407,48.79912]]}},{"type":"Feature","properties":{"segmentId":"osm_808467526"},"geometry":{"type":"LineString","coordinates":[[-99.9554,48.74246],[-99.95564,48.74226],[-99.95572,48.74136]]}},{"type":"Feature","properties":{"segmentId":"osm_808467527"},"geometry":{"type":"LineString","coordinates":[[-99.95424,48.74213],[-99.95465,48.74234],[-99.9554,48.74246]]}},{"type":"Feature","properties":{"segmentId":"osm_808467529"},"geometry":{"type":"LineString","coordinates":[[-99.96398,48.73324],[-99.96403,48.74776]]}},{"type":"Feature","properties":{"segmentId":"osm_808467530"},"geometry":{"type":"LineString","coordinates":[[-99.96403,48.74776],[-99.96398,48.75195],[-99.96406,48.76222]]}},{"type":"Feature","properties":{"segmentId":"osm_808467531"},"geometry":{"type":"LineString","coordinates":[[-99.96406,48.76222],[-99.96396,48.77739],[-99.96398,48.79124]]}},{"type":"Feature","properties":{"segmentId":"osm_808467534","name":"32nd Avenue Northeast"},"geometry":{"type":"LineString","coordinates":[[-100.00781,48.71876],[-100.00781,48.72693]]}},{"type":"Feature","properties":{"segmentId":"osm_808467536","name":"31st Avenue Northeast"},"geometry":{"type":"LineString","coordinates":[[-100.02972,48.71878],[-100.02967,48.7333]]}},{"type":"Feature","properties":{"segmentId":"osm_808467543","name":"93rd Street Northeast"},"geometry":{"type":"LineString","coordinates":[[-100.11733,48.7624],[-100.09543,48.76238],[-100.08146,48.76222],[-100.08114,48.76224],[-100.08044,48.7626],[-100.07997,48.76273],[-100.07929,48.76273],[-100.07712,48.76232],[-100.05156,48.76229]]}},{"type":"Feature","properties":{"segmentId":"osm_808467549"},"geometry":{"type":"LineString","coordinates":[[-99.84326,48.80555],[-99.84333,48.80611],[-99.84318,48.80695]]}},{"type":"Feature","properties":{"segmentId":"osm_808467555","name":"35th Avenue Northeast"},"geometry":{"type":"LineString","coordinates":[[-99.94204,48.80361],[-99.94203,48.80573]]}},{"type":"Feature","properties":{"segmentId":"osm_808467589","name":"52nd Avenue Northeast"},"geometry":{"type":"LineString","coordinates":[[-99.56961,48.83416],[-99.5696,48.84866]]}},{"type":"Feature","properties":{"segmentId":"osm_808467592","name":"45th Avenue Northeast"},"geometry":{"type":"LineString","coordinates":[[-99.72305,48.7475],[-99.72312,48.76201]]}},{"type":"Feature","properties":{"segmentId":"osm_808467594","name":"92nd Street Northeast"},"geometry":{"type":"LineString","coordinates":[[-99.72305,48.7475],[-99.74495,48.74758]]}},{"type":"Feature","properties":{"segmentId":"osm_808467595","name":"92nd Street Northeast"},"geometry":{"type":"LineString","coordinates":[[-100.11733,48.7479],[-100.10406,48.74788],[-100.10026,48.74879],[-100.09543,48.74926]]}},{"type":"Feature","properties":{"segmentId":"osm_808467601","name":"94th Street Northeast"},"geometry":{"type":"LineString","coordinates":[[-99.71675,48.77672],[-99.71695,48.77657],[-99.71732,48.77649],[-99.72213,48.77645],[-99.72274,48.77651],[-99.72493,48.77656],[-99.7339,48.77652],[-99.73627,48.77646],[-99.73727,48.77656]]}},{"type":"Feature","properties":{"segmentId":"osm_808467602","name":"95th Street Northeast"},"geometry":{"type":"LineString","coordinates":[[-99.67925,48.79092],[-99.70112,48.79093]]}},{"type":"Feature","properties":{"segmentId":"osm_808467603","name":"95th Street Northeast"},"geometry":{"type":"LineString","coordinates":[[-99.70112,48.79093],[-99.71557,48.79099]]}},{"type":"Feature","properties":{"segmentId":"osm_808467605","name":"49th Avenue Northeast"},"geometry":{"type":"LineString","coordinates":[[-99.63538,48.71847],[-99.63537,48.74154]]}},{"type":"Feature","properties":{"segmentId":"osm_808467608","name":"45th Avenue Northeast"},"geometry":{"type":"LineString","coordinates":[[-99.72312,48.76201],[-99.72304,48.76743],[-99.72316,48.76968],[-99.72316,48.77227],[-99.72305,48.77651]]}},{"type":"Feature","properties":{"segmentId":"osm_808467609","name":"92nd Street Northeast"},"geometry":{"type":"LineString","coordinates":[[-99.74495,48.74758],[-99.75258,48.74761],[-99.75618,48.74755],[-99.75667,48.74761],[-99.76211,48.74762]]}},{"type":"Feature","properties":{"segmentId":"osm_808467611","name":"Bia 12"},"geometry":{"type":"LineString","coordinates":[[-99.76398,48.81994],[-99.7649,48.81995],[-99.76578,48.82021],[-99.76629,48.82053],[-99.76685,48.82117]]}},{"type":"Feature","properties":{"segmentId":"osm_808467612","name":"Bia 3"},"geometry":{"type":"LineString","coordinates":[[-99.67912,48.8054],[-99.67909,48.82122]]}},{"type":"Feature","properties":{"segmentId":"osm_808467614","name":"103rd Street Northeast"},"geometry":{"type":"LineString","coordinates":[[-99.65704,48.90673],[-99.67231,48.90675]]}},{"type":"Feature","properties":{"segmentId":"osm_808467616","name":"103rd Street Northeast"},"geometry":{"type":"LineString","coordinates":[[-99.68312,48.90672],[-99.68839,48.90678],[-99.69064,48.90672]]}},{"type":"Feature","properties":{"segmentId":"osm_808467628"},"geometry":{"type":"LineString","coordinates":[[-99.8493,48.95052],[-99.84883,48.95066],[-99.84783,48.95114],[-99.84724,48.95121]]}},{"type":"Feature","properties":{"segmentId":"osm_808467629"},"geometry":{"type":"LineString","coordinates":[[-99.83881,48.95641],[-99.84009,48.95638]]}},{"type":"Feature","properties":{"segmentId":"osm_808467632"},"geometry":{"type":"LineString","coordinates":[[-99.85846,48.93324],[-99.85826,48.93321],[-99.85801,48.93296],[-99.8567,48.93255]]}},{"type":"Feature","properties":{"segmentId":"osm_808467633"},"geometry":{"type":"LineString","coordinates":[[-99.87857,48.93558],[-99.87861,48.93509],[-99.87893,48.93475]]}},{"type":"Feature","properties":{"segmentId":"osm_808467659"},"geometry":{"type":"LineString","coordinates":[[-99.85211,48.95005],[-99.8532,48.95042],[-99.85381,48.95075],[-99.85593,48.95221],[-99.85659,48.95245],[-99.85739,48.95255],[-99.85807,48.95252],[-99.85873,48.95235],[-99.85921,48.95213],[-99.86056,48.95113],[-99.86165,48.95007]]}},{"type":"Feature","properties":{"segmentId":"osm_808467660","name":"46th Avenue Northeast"},"geometry":{"type":"LineString","coordinates":[[-99.70101,48.97914],[-99.70097,48.99363]]}},{"type":"Feature","properties":{"segmentId":"osm_808467662"},"geometry":{"type":"LineString","coordinates":[[-99.77384,48.9547],[-99.77368,48.95456],[-99.77375,48.95389],[-99.77318,48.95349],[-99.77325,48.95317]]}},{"type":"Feature","properties":{"segmentId":"osm_808467665"},"geometry":{"type":"LineString","coordinates":[[-99.73695,48.96096],[-99.73653,48.96119],[-99.73431,48.96184],[-99.73327,48.96256]]}},{"type":"Feature","properties":{"segmentId":"osm_808467667"},"geometry":{"type":"LineString","coordinates":[[-99.72687,48.97263],[-99.72731,48.97252],[-99.72937,48.97278],[-99.72965,48.97276],[-99.72977,48.97266]]}},{"type":"Feature","properties":{"segmentId":"osm_808467669","name":"99th Street Northeast"},"geometry":{"type":"LineString","coordinates":[[-100.05149,48.84912],[-100.07064,48.84909]]}},{"type":"Feature","properties":{"segmentId":"osm_808467670","name":"99th Street Northeast"},"geometry":{"type":"LineString","coordinates":[[-100.07064,48.84909],[-100.07339,48.84907]]}},{"type":"Feature","properties":{"segmentId":"osm_808467691"},"geometry":{"type":"LineString","coordinates":[[-99.72301,48.93158],[-99.72407,48.93166],[-99.72434,48.93183]]}},{"type":"Feature","properties":{"segmentId":"osm_808467695","name":"Saint Louis Street"},"geometry":{"type":"LineString","coordinates":[[-99.71413,48.94449],[-99.71412,48.94454],[-99.71197,48.94547]]}},{"type":"Feature","properties":{"segmentId":"osm_808467703"},"geometry":{"type":"LineString","coordinates":[[-99.98843,48.74695],[-99.98916,48.747],[-99.98964,48.74692]]}},{"type":"Feature","properties":{"segmentId":"osm_808467704","name":"92nd Street Northeast"},"geometry":{"type":"LineString","coordinates":[[-99.98966,48.74773],[-100.00787,48.74772]]}},{"type":"Feature","properties":{"segmentId":"osm_808467710"},"geometry":{"type":"LineString","coordinates":[[-99.86037,48.71862],[-99.8605,48.7184],[-99.86052,48.71807],[-99.86041,48.71798],[-99.85681,48.71798],[-99.85666,48.71802],[-99.85653,48.71795],[-99.85662,48.71476]]}},{"type":"Feature","properties":{"segmentId":"osm_808467713"},"geometry":{"type":"LineString","coordinates":[[-99.82611,48.72121],[-99.82697,48.72122]]}},{"type":"Feature","properties":{"segmentId":"osm_808467714"},"geometry":{"type":"LineString","coordinates":[[-99.82496,48.72175],[-99.82508,48.72154],[-99.82514,48.72068]]}},{"type":"Feature","properties":{"segmentId":"osm_808467715"},"geometry":{"type":"LineString","coordinates":[[-99.79949,48.74782],[-99.79928,48.74768],[-99.79904,48.74764],[-99.79698,48.7481],[-99.79668,48.74796],[-99.79635,48.74761],[-99.7962,48.74758],[-99.78983,48.74752],[-99.78865,48.74753],[-99.78811,48.74761],[-99.78129,48.74762]]}},{"type":"Feature","properties":{"segmentId":"osm_808467716","name":"41st Avenue Northeast"},"geometry":{"type":"LineString","coordinates":[[-99.81064,48.71864],[-99.8106,48.73306]]}},{"type":"Feature","properties":{"segmentId":"osm_808467718","name":"91st Street Northeast"},"geometry":{"type":"LineString","coordinates":[[-99.8106,48.73306],[-99.80993,48.73311],[-99.74496,48.73306]]}},{"type":"Feature","properties":{"segmentId":"osm_808467719","name":"91st Street Northeast"},"geometry":{"type":"LineString","coordinates":[[-99.61349,48.73296],[-99.54778,48.73287]]}},{"type":"Feature","properties":{"segmentId":"osm_808467720","name":"91st Street Northeast"},"geometry":{"type":"LineString","coordinates":[[-99.54778,48.73287],[-99.52585,48.73286]]}},{"type":"Feature","properties":{"segmentId":"osm_808467723","name":"46th Avenue Northeast"},"geometry":{"type":"LineString","coordinates":[[-99.70112,48.79728],[-99.70108,48.80446],[-99.70121,48.80681]]}},{"type":"Feature","properties":{"segmentId":"osm_808467726","name":"96th Street Northeast"},"geometry":{"type":"LineString","coordinates":[[-99.67912,48.8054],[-99.69303,48.80542],[-99.69389,48.80515],[-99.69467,48.80522],[-99.69504,48.80545],[-99.69949,48.80544],[-99.70016,48.80539],[-99.70626,48.80532],[-99.74496,48.80549]]}},{"type":"Feature","properties":{"segmentId":"osm_808467737","name":"48th Avenue Northeast"},"geometry":{"type":"LineString","coordinates":[[-99.65754,48.8054],[-99.65737,48.80808],[-99.65781,48.80999],[-99.65778,48.81137],[-99.65734,48.81237],[-99.65717,48.81977]]}},{"type":"Feature","properties":{"segmentId":"osm_808467739"},"geometry":{"type":"LineString","coordinates":[[-99.64778,48.88276],[-99.64864,48.88296],[-99.6497,48.88292]]}},{"type":"Feature","properties":{"segmentId":"osm_808467742","name":"49th Avenue Northeast"},"geometry":{"type":"LineString","coordinates":[[-99.63548,48.84886],[-99.63549,48.84989]]}},{"type":"Feature","properties":{"segmentId":"osm_808467754"},"geometry":{"type":"LineString","coordinates":[[-99.71482,48.89578],[-99.71566,48.8962],[-99.71609,48.89632]]}},{"type":"Feature","properties":{"segmentId":"osm_808467755"},"geometry":{"type":"LineString","coordinates":[[-99.77451,48.92325],[-99.77464,48.92236],[-99.77406,48.92164],[-99.77352,48.92129],[-99.77288,48.92108],[-99.77137,48.9211],[-99.77039,48.92127],[-99.76972,48.92121],[-99.76946,48.92098],[-99.76869,48.92091]]}},{"type":"Feature","properties":{"segmentId":"osm_808467756"},"geometry":{"type":"LineString","coordinates":[[-99.77117,48.92032],[-99.77086,48.9205],[-99.77019,48.92071],[-99.76869,48.92091],[-99.76711,48.92091]]}},{"type":"Feature","properties":{"segmentId":"osm_808467759"},"geometry":{"type":"LineString","coordinates":[[-99.77963,48.91683],[-99.77941,48.91706],[-99.77899,48.91718],[-99.77883,48.91737],[-99.77871,48.9174]]}},{"type":"Feature","properties":{"segmentId":"osm_808467764"},"geometry":{"type":"LineString","coordinates":[[-99.75632,48.93194],[-99.75719,48.93202]]}},{"type":"Feature","properties":{"segmentId":"osm_808467766"},"geometry":{"type":"LineString","coordinates":[[-99.74546,48.93557],[-99.74585,48.93617],[-99.746,48.93625],[-99.74615,48.93624],[-99.74623,48.93617]]}},{"type":"Feature","properties":{"segmentId":"osm_808467767"},"geometry":{"type":"LineString","coordinates":[[-99.74041,48.84752],[-99.74084,48.8488]]}},{"type":"Feature","properties":{"segmentId":"osm_808467776","name":"Bia 5"},"geometry":{"type":"LineString","coordinates":[[-99.72303,48.8199],[-99.72295,48.83436]]}},{"type":"Feature","properties":{"segmentId":"osm_808467778"},"geometry":{"type":"LineString","coordinates":[[-99.71574,48.8434],[-99.71572,48.84296],[-99.71581,48.84271],[-99.71592,48.84253],[-99.71605,48.84246],[-99.71614,48.84249]]}},{"type":"Feature","properties":{"segmentId":"osm_808467785"},"geometry":{"type":"LineString","coordinates":[[-99.69323,48.82995],[-99.69398,48.83057],[-99.69416,48.83065],[-99.69495,48.8308],[-99.69553,48.83073]]}},{"type":"Feature","properties":{"segmentId":"osm_808467787","name":"49th Avenue Northeast"},"geometry":{"type":"LineString","coordinates":[[-99.63545,48.81972],[-99.63548,48.84526]]}},{"type":"Feature","properties":{"segmentId":"osm_808467788","name":"99th Street Northeast"},"geometry":{"type":"LineString","coordinates":[[-99.50431,48.84853],[-99.50464,48.84846],[-99.51203,48.84847],[-99.51281,48.84852],[-99.52804,48.84849],[-99.54754,48.8486]]}},{"type":"Feature","properties":{"segmentId":"osm_808467790"},"geometry":{"type":"LineString","coordinates":[[-99.77776,48.99006],[-99.77773,48.98816],[-99.77801,48.98806]]}},{"type":"Feature","properties":{"segmentId":"osm_808467791","name":"108th Street Northeast"},"geometry":{"type":"LineString","coordinates":[[-99.61382,48.97906],[-99.65931,48.97916],[-99.76291,48.97908],[-99.76625,48.97908],[-99.76684,48.97915]]}},{"type":"Feature","properties":{"segmentId":"osm_808467800","name":"47th Avenue Northeast"},"geometry":{"type":"LineString","coordinates":[[-99.67904,48.97036],[-99.67898,48.97241],[-99.67891,48.97258],[-99.67848,48.97278],[-99.67832,48.97295],[-99.67838,48.97316],[-99.67883,48.97356],[-99.67895,48.97391],[-99.67904,48.97675],[-99.67899,48.97914]]}},{"type":"Feature","properties":{"segmentId":"osm_808890023"},"geometry":{"type":"LineString","coordinates":[[-99.37495,48.93972],[-99.37468,48.94002]]}},{"type":"Feature","properties":{"segmentId":"osm_808890024"},"geometry":{"type":"LineString","coordinates":[[-99.3891,48.90693],[-99.38882,48.90643],[-99.38861,48.9063]]}},{"type":"Feature","properties":{"segmentId":"osm_808890027"},"geometry":{"type":"LineString","coordinates":[[-99.4278,48.86297],[-99.42774,48.85777],[-99.4275,48.85727]]}},{"type":"Feature","properties":{"segmentId":"osm_808890030","name":"101st Street Northeast"},"geometry":{"type":"LineString","coordinates":[[-99.40582,48.87735],[-99.39479,48.87736]]}},{"type":"Feature","properties":{"segmentId":"osm_808890034","name":"107th Street Northeast"},"geometry":{"type":"LineString","coordinates":[[-99.37267,48.9642],[-99.35068,48.9642]]}},{"type":"Feature","properties":{"segmentId":"osm_808890172","name":"94th Street Northeast"},"geometry":{"type":"LineString","coordinates":[[-99.40825,48.7762],[-99.43786,48.77617]]}},{"type":"Feature","properties":{"segmentId":"osm_808890178"},"geometry":{"type":"LineString","coordinates":[[-99.36579,48.66366],[-99.36444,48.66363]]}},{"type":"Feature","properties":{"segmentId":"osm_808890218"},"geometry":{"type":"LineString","coordinates":[[-99.49373,48.70525],[-99.49366,48.70462],[-99.49375,48.70421]]}},{"type":"Feature","properties":{"segmentId":"osm_808890221","name":"55th Avenue Northeast"},"geometry":{"type":"LineString","coordinates":[[-99.47152,48.68971],[-99.47157,48.70347]]}},{"type":"Feature","properties":{"segmentId":"osm_808890225","name":"98th Street Northeast"},"geometry":{"type":"LineString","coordinates":[[-99.35984,48.83399],[-99.35068,48.83403]]}},{"type":"Feature","properties":{"segmentId":"osm_808890226","name":"98th Street Northeast"},"geometry":{"type":"LineString","coordinates":[[-99.48236,48.83409],[-99.48218,48.83398],[-99.48199,48.83397],[-99.4605,48.83401]]}},{"type":"Feature","properties":{"segmentId":"osm_808890229"},"geometry":{"type":"LineString","coordinates":[[-99.49313,48.81826],[-99.49316,48.80754],[-99.49319,48.80518],[-99.49327,48.8051]]}},{"type":"Feature","properties":{"segmentId":"osm_808890244","name":"104th Street Northeast"},"geometry":{"type":"LineString","coordinates":[[-99.37061,48.92081],[-99.37052,48.92081]]}},{"type":"Feature","properties":{"segmentId":"osm_808890245","name":"104th Street Northeast"},"geometry":{"type":"LineString","coordinates":[[-99.37257,48.92081],[-99.37061,48.92081]]}},{"type":"Feature","properties":{"segmentId":"osm_808890251","name":"56th Avenue Northeast"},"geometry":{"type":"LineString","coordinates":[[-99.48253,48.86297],[-99.48266,48.88666],[-99.48253,48.90632]]}},{"type":"Feature","properties":{"segmentId":"osm_808890255","name":"105th Street Northeast"},"geometry":{"type":"LineString","coordinates":[[-99.46956,48.93525],[-99.46971,48.93525]]}},{"type":"Feature","properties":{"segmentId":"osm_808890256","name":"105th Street Northeast"},"geometry":{"type":"LineString","coordinates":[[-99.46919,48.93522],[-99.46956,48.93525]]}},{"type":"Feature","properties":{"segmentId":"osm_808890257","name":"105th Street Northeast"},"geometry":{"type":"LineString","coordinates":[[-99.46971,48.93525],[-99.47118,48.93537]]}},{"type":"Feature","properties":{"segmentId":"osm_808890260"},"geometry":{"type":"LineString","coordinates":[[-99.59777,48.78865],[-99.59636,48.78892],[-99.5963,48.78901]]}},{"type":"Feature","properties":{"segmentId":"osm_808890262","name":"62nd Avenue Northeast"},"geometry":{"type":"LineString","coordinates":[[-99.35064,48.81953],[-99.3506,48.80997]]}},{"type":"Feature","properties":{"segmentId":"osm_808890317"},"geometry":{"type":"LineString","coordinates":[[-99.50045,48.8426],[-99.50078,48.8425],[-99.50365,48.84118],[-99.50437,48.84112]]}},{"type":"Feature","properties":{"segmentId":"osm_808890318","name":"99th Street Northeast"},"geometry":{"type":"LineString","coordinates":[[-99.41668,48.84842],[-99.46058,48.84849]]}},{"type":"Feature","properties":{"segmentId":"osm_808890320","name":"58th Avenue Northeast"},"geometry":{"type":"LineString","coordinates":[[-99.43826,48.71831],[-99.43825,48.7328]]}},{"type":"Feature","properties":{"segmentId":"osm_808890322","name":"91st Street Northeast"},"geometry":{"type":"LineString","coordinates":[[-99.41403,48.73278],[-99.46018,48.73279]]}},{"type":"Feature","properties":{"segmentId":"osm_808890323","name":"91st Street Northeast"},"geometry":{"type":"LineString","coordinates":[[-99.41391,48.73278],[-99.41403,48.73278]]}},{"type":"Feature","properties":{"segmentId":"osm_808890324","name":"91st Street Northeast"},"geometry":{"type":"LineString","coordinates":[[-99.39049,48.73272],[-99.39118,48.73263],[-99.39279,48.73223],[-99.39363,48.73219],[-99.39432,48.7323],[-99.3955,48.73266],[-99.39659,48.73274],[-99.41391,48.73278]]}},{"type":"Feature","properties":{"segmentId":"osm_808890325","name":"91st Street Northeast"},"geometry":{"type":"LineString","coordinates":[[-99.39036,48.73272],[-99.39049,48.73272]]}},{"type":"Feature","properties":{"segmentId":"osm_808890367","name":"58th Avenue Northeast"},"geometry":{"type":"LineString","coordinates":[[-99.43851,48.94961],[-99.43841,48.96406]]}},{"type":"Feature","properties":{"segmentId":"osm_808890368","name":"58th Avenue Northeast"},"geometry":{"type":"LineString","coordinates":[[-99.43842,48.98676],[-99.4383,48.99305],[-99.43833,48.99314],[-99.43864,48.99322],[-99.44003,48.99322]]}},{"type":"Feature","properties":{"segmentId":"osm_808890372","name":"107th Street Northeast"},"geometry":{"type":"LineString","coordinates":[[-99.60881,48.96457],[-99.59325,48.96449],[-99.56983,48.96447]]}},{"type":"Feature","properties":{"segmentId":"osm_808890374","name":"107th Street Northeast"},"geometry":{"type":"LineString","coordinates":[[-99.62489,48.96462],[-99.61387,48.96458]]}},{"type":"Feature","properties":{"segmentId":"osm_808890387","name":"93rd Street Northeast"},"geometry":{"type":"LineString","coordinates":[[-99.41713,48.76171],[-99.41693,48.76171]]}},{"type":"Feature","properties":{"segmentId":"osm_808890388","name":"93rd Street Northeast"},"geometry":{"type":"LineString","coordinates":[[-99.52581,48.76176],[-99.49752,48.76179],[-99.41713,48.76171]]}},{"type":"Feature","properties":{"segmentId":"osm_808890391","name":"55th Avenue Northeast"},"geometry":{"type":"LineString","coordinates":[[-99.50455,48.92129],[-99.50455,48.92137]]}},{"type":"Feature","properties":{"segmentId":"osm_808890392","name":"55th Avenue Northeast"},"geometry":{"type":"LineString","coordinates":[[-99.50456,48.92079],[-99.50455,48.92129]]}},{"type":"Feature","properties":{"segmentId":"osm_808890393"},"geometry":{"type":"LineString","coordinates":[[-99.52157,48.90635],[-99.52067,48.90637]]}},{"type":"Feature","properties":{"segmentId":"osm_808890394"},"geometry":{"type":"LineString","coordinates":[[-99.52169,48.90635],[-99.52157,48.90635]]}},{"type":"Feature","properties":{"segmentId":"osm_808890395"},"geometry":{"type":"LineString","coordinates":[[-99.52251,48.9064],[-99.52169,48.90635]]}},{"type":"Feature","properties":{"segmentId":"osm_808890401","name":"9th Street Southwest"},"geometry":{"type":"LineString","coordinates":[[-99.62454,48.85453],[-99.62367,48.85373]]}},{"type":"Feature","properties":{"segmentId":"osm_808890405"},"geometry":{"type":"LineString","coordinates":[[-99.62179,48.85636],[-99.62296,48.85745],[-99.62358,48.85818]]}},{"type":"Feature","properties":{"segmentId":"osm_808890406","name":"106th Street Northeast"},"geometry":{"type":"LineString","coordinates":[[-99.42572,48.94964],[-99.4259,48.94964]]}},{"type":"Feature","properties":{"segmentId":"osm_808890407","name":"106th Street Northeast"},"geometry":{"type":"LineString","coordinates":[[-99.39454,48.94962],[-99.42572,48.94964]]}},{"type":"Feature","properties":{"segmentId":"osm_808890412","name":"60th Avenue Northeast"},"geometry":{"type":"LineString","coordinates":[[-99.39508,48.96985],[-99.39452,48.97084],[-99.39445,48.97113],[-99.39442,48.97876]]}},{"type":"Feature","properties":{"segmentId":"osm_808890413","name":"60th Avenue Northeast"},"geometry":{"type":"LineString","coordinates":[[-99.39512,48.96979],[-99.39508,48.96985]]}},{"type":"Feature","properties":{"segmentId":"osm_808890431","name":"92nd Street Northeast"},"geometry":{"type":"LineString","coordinates":[[-99.30687,48.74715],[-99.37262,48.74722]]}},{"type":"Feature","properties":{"segmentId":"osm_808890433"},"geometry":{"type":"LineString","coordinates":[[-99.38324,48.74867],[-99.38359,48.74917],[-99.3836,48.74964],[-99.38379,48.75037],[-99.38405,48.75043],[-99.38459,48.75038],[-99.38483,48.7502]]}},{"type":"Feature","properties":{"segmentId":"osm_808890435","name":"92nd Street Northeast"},"geometry":{"type":"LineString","coordinates":[[-99.38291,48.74719],[-99.39437,48.74718],[-99.39477,48.74713],[-99.39639,48.74713],[-99.39699,48.74697],[-99.39749,48.74694],[-99.3987,48.74721],[-99.41037,48.74727],[-99.41485,48.74723],[-99.43559,48.74726]]}},{"type":"Feature","properties":{"segmentId":"osm_808890436","name":"92nd Street Northeast"},"geometry":{"type":"LineString","coordinates":[[-99.4383,48.74725],[-99.48213,48.74731]]}},{"type":"Feature","properties":{"segmentId":"osm_808890438","name":"96th Street Northeast"},"geometry":{"type":"LineString","coordinates":[[-99.41602,48.80502],[-99.4132,48.80502],[-99.41196,48.80508],[-99.40973,48.80505],[-99.40833,48.80491],[-99.40593,48.80508],[-99.40451,48.80493],[-99.40264,48.80497],[-99.39838,48.80492],[-99.39438,48.80501]]}},{"type":"Feature","properties":{"segmentId":"osm_808890447","name":"94th Street Northeast"},"geometry":{"type":"LineString","coordinates":[[-99.35066,48.77613],[-99.37021,48.77618],[-99.39443,48.77616]]}},{"type":"Feature","properties":{"segmentId":"osm_808890448","name":"94th Street Northeast"},"geometry":{"type":"LineString","coordinates":[[-99.43814,48.77618],[-99.46019,48.77623]]}},{"type":"Feature","properties":{"segmentId":"osm_808890449","name":"94th Street Northeast"},"geometry":{"type":"LineString","coordinates":[[-99.43786,48.77617],[-99.43814,48.77618]]}},{"type":"Feature","properties":{"segmentId":"osm_808890450","name":"94th Street Northeast"},"geometry":{"type":"LineString","coordinates":[[-99.46019,48.77623],[-99.47645,48.77618],[-99.51054,48.77627],[-99.5258,48.77623]]}},{"type":"Feature","properties":{"segmentId":"osm_808890453","name":"47th Avenue Northeast"},"geometry":{"type":"LineString","coordinates":[[-99.64519,48.68994],[-99.64515,48.69624]]}},{"type":"Feature","properties":{"segmentId":"osm_808890456","name":"46th Avenue Northeast"},"geometry":{"type":"LineString","coordinates":[[-99.66703,48.70428],[-99.66702,48.7185]]}},{"type":"Feature","properties":{"segmentId":"osm_808890457","name":"1st Street Northeast"},"geometry":{"type":"LineString","coordinates":[[-99.62047,48.86436],[-99.62048,48.86328]]}},{"type":"Feature","properties":{"segmentId":"osm_808890466","name":"3rd Street Northeast"},"geometry":{"type":"LineString","coordinates":[[-99.61552,48.86436],[-99.61552,48.8653]]}},{"type":"Feature","properties":{"segmentId":"osm_808890468","name":"1st Avenue Southeast"},"geometry":{"type":"LineString","coordinates":[[-99.6104,48.86013],[-99.60916,48.86071]]}},{"type":"Feature","properties":{"segmentId":"osm_808890477","name":"88th Street Northeast"},"geometry":{"type":"LineString","coordinates":[[-99.55332,48.68978],[-99.54712,48.68981],[-99.54288,48.68976],[-99.53908,48.68983],[-99.53157,48.68977],[-99.53123,48.68982],[-99.53068,48.69016],[-99.53041,48.69019],[-99.53019,48.6901],[-99.52985,48.68978],[-99.52934,48.68974],[-99.52605,48.68979],[-99.52251,48.68972],[-99.52129,48.68978],[-99.51493,48.68974]]}},{"type":"Feature","properties":{"segmentId":"osm_808890479"},"geometry":{"type":"LineString","coordinates":[[-99.57679,48.69533],[-99.5756,48.69528],[-99.57503,48.6954]]}},{"type":"Feature","properties":{"segmentId":"osm_808890481","name":"50th Avenue Northeast"},"geometry":{"type":"LineString","coordinates":[[-99.61348,48.71845],[-99.61351,48.72177]]}},{"type":"Feature","properties":{"segmentId":"osm_808890483"},"geometry":{"type":"LineString","coordinates":[[-99.62438,48.83153],[-99.62405,48.8315],[-99.6233,48.83163]]}},{"type":"Feature","properties":{"segmentId":"osm_808890485","name":"98th Street Northeast"},"geometry":{"type":"LineString","coordinates":[[-99.61954,48.83424],[-99.62445,48.83423]]}},{"type":"Feature","properties":{"segmentId":"osm_808890490"},"geometry":{"type":"LineString","coordinates":[[-99.60786,48.84163],[-99.60285,48.84161]]}},{"type":"Feature","properties":{"segmentId":"osm_808890491"},"geometry":{"type":"LineString","coordinates":[[-99.60778,48.84365],[-99.60291,48.84365]]}},{"type":"Feature","properties":{"segmentId":"osm_808890492"},"geometry":{"type":"LineString","coordinates":[[-99.60773,48.84733],[-99.60655,48.84733]]}},{"type":"Feature","properties":{"segmentId":"osm_808890494"},"geometry":{"type":"LineString","coordinates":[[-99.59167,48.85581],[-99.59152,48.85592],[-99.58087,48.85585],[-99.58077,48.85581]]}},{"type":"Feature","properties":{"segmentId":"osm_808890495"},"geometry":{"type":"LineString","coordinates":[[-99.59168,48.84043],[-99.59639,48.83995]]}},{"type":"Feature","properties":{"segmentId":"osm_808890496","name":"98th Street Northeast"},"geometry":{"type":"LineString","coordinates":[[-99.59165,48.83417],[-99.58946,48.8342]]}},{"type":"Feature","properties":{"segmentId":"osm_808890501","name":"53rd Avenue Northeast"},"geometry":{"type":"LineString","coordinates":[[-99.5476,48.8651],[-99.54759,48.87041],[-99.54732,48.87073],[-99.54614,48.87151],[-99.54562,48.87176],[-99.54506,48.87189],[-99.54176,48.87201]]}},{"type":"Feature","properties":{"segmentId":"osm_808890502","name":"Bison Drive"},"geometry":{"type":"LineString","coordinates":[[-99.55865,48.87765],[-99.56405,48.87759],[-99.56962,48.87761]]}},{"type":"Feature","properties":{"segmentId":"osm_808890508"},"geometry":{"type":"LineString","coordinates":[[-99.59917,48.86334],[-99.59939,48.86335]]}},{"type":"Feature","properties":{"segmentId":"osm_808890510","name":"Front Street Southeast"},"geometry":{"type":"LineString","coordinates":[[-99.61462,48.85689],[-99.61649,48.85857]]}},{"type":"Feature","properties":{"segmentId":"osm_808890511","name":"Front Street Northeast"},"geometry":{"type":"LineString","coordinates":[[-99.61829,48.86029],[-99.61997,48.86191]]}},{"type":"Feature","properties":{"segmentId":"osm_808890514","name":"4th Street Southeast"},"geometry":{"type":"LineString","coordinates":[[-99.6104,48.86013],[-99.61132,48.86098]]}},{"type":"Feature","properties":{"segmentId":"osm_808890515","name":"4th Street Northeast"},"geometry":{"type":"LineString","coordinates":[[-99.61361,48.87102],[-99.6136,48.88216]]}},{"type":"Feature","properties":{"segmentId":"osm_808890516","name":"4th Street Northeast"},"geometry":{"type":"LineString","coordinates":[[-99.61132,48.86098],[-99.61359,48.8631],[-99.61361,48.87102]]}},{"type":"Feature","properties":{"segmentId":"osm_809231833"},"geometry":{"type":"LineString","coordinates":[[-99.91262,48.85281],[-99.91211,48.85267],[-99.90966,48.85265],[-99.90896,48.85255],[-99.90785,48.85267],[-99.90751,48.85264],[-99.90697,48.85224],[-99.90682,48.85155],[-99.90635,48.85096],[-99.90597,48.85062],[-99.90598,48.84997],[-99.90619,48.84977]]}},{"type":"Feature","properties":{"segmentId":"osm_809231835"},"geometry":{"type":"LineString","coordinates":[[-99.91289,48.86504],[-99.91254,48.86487],[-99.91267,48.86442],[-99.91201,48.86342],[-99.9118,48.86271],[-99.91203,48.86142],[-99.91205,48.8601],[-99.91219,48.85975],[-99.91256,48.85925],[-99.91263,48.85895],[-99.91263,48.85804],[-99.91251,48.85779],[-99.91199,48.85718],[-99.91188,48.85675],[-99.91243,48.85503],[-99.91264,48.85336],[-99.91269,48.85221],[-99.91263,48.85162],[-99.91281,48.85118],[-99.91268,48.85087]]}},{"type":"Feature","properties":{"segmentId":"osm_809231836"},"geometry":{"type":"LineString","coordinates":[[-99.91289,48.86504],[-99.91226,48.8659],[-99.91206,48.86604],[-99.91109,48.86633],[-99.91042,48.86662],[-99.90953,48.86744]]}},{"type":"Feature","properties":{"segmentId":"osm_810831542"},"geometry":{"type":"LineString","coordinates":[[-100.02977,48.84001],[-100.02949,48.83988],[-100.02882,48.83991],[-100.02855,48.84029],[-100.02822,48.84053],[-100.02754,48.8407],[-100.02704,48.84073],[-100.02688,48.84085],[-100.02683,48.84105],[-100.02695,48.84137],[-100.02724,48.84154],[-100.02977,48.84155]]}},{"type":"Feature","properties":{"segmentId":"osm_813466855"},"geometry":{"type":"LineString","coordinates":[[-99.97043,48.87797],[-99.97039,48.87913],[-99.97019,48.87957],[-99.96994,48.87989],[-99.96941,48.88015],[-99.96924,48.8803],[-99.96866,48.88042],[-99.96827,48.88088],[-99.96748,48.88133],[-99.96714,48.88172]]}},{"type":"Feature","properties":{"segmentId":"osm_835097302"},"geometry":{"type":"LineString","coordinates":[[-99.92826,48.60184],[-99.92973,48.60183]]}},{"type":"Feature","properties":{"segmentId":"osm_835097304"},"geometry":{"type":"LineString","coordinates":[[-99.92947,48.60102],[-99.9298,48.60128],[-99.92973,48.60183],[-99.93044,48.60295]]}},{"type":"Feature","properties":{"segmentId":"osm_835097357","name":"27th Avenue Northeast"},"geometry":{"type":"LineString","coordinates":[[-100.08091,48.59215],[-100.08095,48.6032]]}},{"type":"Feature","properties":{"segmentId":"osm_835097358","name":"27th Avenue Northeast"},"geometry":{"type":"LineString","coordinates":[[-100.08091,48.59209],[-100.08091,48.59215]]}},{"type":"Feature","properties":{"segmentId":"osm_835097359","name":"27th Avenue Northeast"},"geometry":{"type":"LineString","coordinates":[[-100.08088,48.57417],[-100.08091,48.59209]]}},{"type":"Feature","properties":{"segmentId":"osm_835097360","name":"27th Avenue Northeast"},"geometry":{"type":"LineString","coordinates":[[-100.08079,48.54519],[-100.08088,48.55044],[-100.08084,48.5584],[-100.08093,48.56252],[-100.08079,48.56818],[-100.08088,48.57417]]}},{"type":"Feature","properties":{"segmentId":"osm_835097361","name":"27th Avenue Northeast"},"geometry":{"type":"LineString","coordinates":[[-100.08079,48.54519],[-100.0808,48.53062]]}},{"type":"Feature","properties":{"segmentId":"osm_835097367","name":"34th Avenue Northeast"},"geometry":{"type":"LineString","coordinates":[[-99.92824,48.58912],[-99.92828,48.61744]]}},{"type":"Feature","properties":{"segmentId":"osm_835097368","name":"34th Avenue Northeast"},"geometry":{"type":"LineString","coordinates":[[-99.92824,48.58906],[-99.92824,48.58912]]}},{"type":"Feature","properties":{"segmentId":"osm_835097369","name":"30th Avenue Northeast"},"geometry":{"type":"LineString","coordinates":[[-100.01521,48.71053],[-100.01524,48.71879]]}},{"type":"Feature","properties":{"segmentId":"osm_835097370","name":"30th Avenue Northeast"},"geometry":{"type":"LineString","coordinates":[[-100.01521,48.71046],[-100.01521,48.71053]]}},{"type":"Feature","properties":{"segmentId":"osm_835097371","name":"30th Avenue Northeast"},"geometry":{"type":"LineString","coordinates":[[-100.01533,48.63217],[-100.01535,48.66979],[-100.01529,48.67569]]}},{"type":"Feature","properties":{"segmentId":"osm_835097372","name":"30th Avenue Northeast"},"geometry":{"type":"LineString","coordinates":[[-100.01536,48.54511],[-100.01531,48.59717],[-100.01534,48.61611],[-100.01543,48.61944],[-100.01533,48.62514],[-100.01533,48.63217]]}},{"type":"Feature","properties":{"segmentId":"osm_835097381","name":"32nd Avenue Northeast"},"geometry":{"type":"LineString","coordinates":[[-99.97192,48.52688],[-99.97097,48.52767],[-99.97035,48.52835],[-99.96935,48.53051]]}},{"type":"Feature","properties":{"segmentId":"osm_835097538","name":"35th Avenue Northeast"},"geometry":{"type":"LineString","coordinates":[[-99.90639,48.53049],[-99.90634,48.54312],[-99.907,48.5437],[-99.90713,48.54443],[-99.90736,48.54484],[-99.9076,48.54497]]}},{"type":"Feature","properties":{"segmentId":"osm_841058026"},"geometry":{"type":"LineString","coordinates":[[-99.72543,48.71642],[-99.72228,48.71641],[-99.72185,48.7164],[-99.72176,48.71634],[-99.72168,48.71491],[-99.72169,48.71163]]}},{"type":"Feature","properties":{"segmentId":"osm_871555771"},"geometry":{"type":"LineString","coordinates":[[-100.06085,48.81896],[-100.06112,48.81896]]}},{"type":"Feature","properties":{"segmentId":"osm_895245318","name":"32nd Avenue Northeast"},"geometry":{"type":"LineString","coordinates":[[-99.972,48.67467],[-99.97198,48.6769]]}},{"type":"Feature","properties":{"segmentId":"osm_895245319","name":"86th Street Northeast"},"geometry":{"type":"LineString","coordinates":[[-100.08095,48.66124],[-100.10287,48.66134]]}},{"type":"Feature","properties":{"segmentId":"osm_895245322"},"geometry":{"type":"LineString","coordinates":[[-99.96855,48.69172],[-99.96782,48.69173],[-99.96759,48.6916],[-99.96764,48.69008]]}},{"type":"Feature","properties":{"segmentId":"osm_895245323"},"geometry":{"type":"LineString","coordinates":[[-100.00476,48.68853],[-100.00683,48.68858]]}},{"type":"Feature","properties":{"segmentId":"osm_895245324","name":"88th Street Northeast"},"geometry":{"type":"LineString","coordinates":[[-100.03719,48.69024],[-100.03567,48.69027],[-100.0351,48.69004],[-100.03473,48.68964],[-100.03395,48.68935],[-100.03359,48.68939],[-100.03323,48.68958],[-100.03315,48.68977],[-100.03322,48.6901],[-100.03313,48.69021],[-100.03284,48.69028],[-100.02743,48.69027],[-100.02458,48.6902],[-100.02295,48.69023],[-100.0216,48.69017],[-100.01841,48.69015],[-100.0157,48.69015],[-100.01525,48.6902]]}},{"type":"Feature","properties":{"segmentId":"osm_908009234","name":"State Highway 66"},"geometry":{"type":"LineString","coordinates":[[-99.44842,48.63167],[-99.40598,48.63161],[-99.39424,48.63148],[-99.38492,48.63158],[-99.37348,48.63153]]}},{"type":"Feature","properties":{"segmentId":"osm_908009235","name":"State Highway 66"},"geometry":{"type":"LineString","coordinates":[[-99.37348,48.63153],[-99.37229,48.63153]]}},{"type":"Feature","properties":{"segmentId":"osm_908009238","name":"1st Avenue"},"geometry":{"type":"LineString","coordinates":[[-99.83098,48.66089],[-99.83517,48.66089]]}},{"type":"Feature","properties":{"segmentId":"osm_908009239","name":"1st Avenue"},"geometry":{"type":"LineString","coordinates":[[-99.84864,48.6609],[-99.84968,48.66099],[-99.85062,48.66119]]}},{"type":"Feature","properties":{"segmentId":"osm_908009240","name":"State Highway 66"},"geometry":{"type":"LineString","coordinates":[[-99.85062,48.66119],[-99.85163,48.66153],[-99.85252,48.662]]}},{"type":"Feature","properties":{"segmentId":"osm_908009241","name":"87th Street Northeast"},"geometry":{"type":"LineString","coordinates":[[-100.08095,48.67471],[-100.07939,48.67518],[-100.07777,48.67553],[-100.07689,48.67566],[-100.07504,48.67577],[-100.03724,48.67576]]}},{"type":"Feature","properties":{"segmentId":"osm_908009242","name":"State Highway 66"},"geometry":{"type":"LineString","coordinates":[[-100.03724,48.67576],[-100.03622,48.67575]]}},{"type":"Feature","properties":{"segmentId":"osm_908621305","name":"State Highway 5"},"geometry":{"type":"LineString","coordinates":[[-100.06109,48.8058],[-100.06543,48.80581]]}},{"type":"Feature","properties":{"segmentId":"osm_908621307","name":"United States Highway 281"},"geometry":{"type":"LineString","coordinates":[[-100.06109,48.8058],[-100.05972,48.8058]]}},{"type":"Feature","properties":{"segmentId":"osm_908621308","name":"United States Highway 281"},"geometry":{"type":"LineString","coordinates":[[-100.05342,48.8058],[-100.05152,48.8058]]}},{"type":"Feature","properties":{"segmentId":"osm_908653044"},"geometry":{"type":"LineString","coordinates":[[-100.04541,48.80579],[-100.05152,48.8058]]}},{"type":"Feature","properties":{"segmentId":"osm_908653045"},"geometry":{"type":"LineString","coordinates":[[-99.84896,48.80611],[-99.85098,48.80576],[-99.85266,48.80562]]}},{"type":"Feature","properties":{"segmentId":"osm_908653046"},"geometry":{"type":"LineString","coordinates":[[-99.85692,48.80561],[-99.86425,48.80561]]}},{"type":"Feature","properties":{"segmentId":"osm_908653047"},"geometry":{"type":"LineString","coordinates":[[-99.85517,48.80558],[-99.85692,48.80561]]}},{"type":"Feature","properties":{"segmentId":"osm_908653048"},"geometry":{"type":"LineString","coordinates":[[-99.85427,48.80558],[-99.85517,48.80558]]}},{"type":"Feature","properties":{"segmentId":"osm_908653049"},"geometry":{"type":"LineString","coordinates":[[-99.85266,48.80562],[-99.85427,48.80558]]}},{"type":"Feature","properties":{"segmentId":"osm_908653050"},"geometry":{"type":"LineString","coordinates":[[-99.84896,48.80611],[-99.8445,48.80717],[-99.84266,48.80767]]}},{"type":"Feature","properties":{"segmentId":"osm_908653051"},"geometry":{"type":"LineString","coordinates":[[-99.84085,48.80812],[-99.839,48.80858]]}},{"type":"Feature","properties":{"segmentId":"osm_908653052"},"geometry":{"type":"LineString","coordinates":[[-99.84266,48.80767],[-99.84085,48.80812]]}},{"type":"Feature","properties":{"segmentId":"osm_908653053"},"geometry":{"type":"LineString","coordinates":[[-99.839,48.80858],[-99.83084,48.81064]]}},{"type":"Feature","properties":{"segmentId":"osm_908653054"},"geometry":{"type":"LineString","coordinates":[[-99.83084,48.81064],[-99.82898,48.8111]]}},{"type":"Feature","properties":{"segmentId":"osm_908653055"},"geometry":{"type":"LineString","coordinates":[[-99.82898,48.8111],[-99.82721,48.81154]]}},{"type":"Feature","properties":{"segmentId":"osm_908653056"},"geometry":{"type":"LineString","coordinates":[[-99.82721,48.81154],[-99.82423,48.81228]]}},{"type":"Feature","properties":{"segmentId":"osm_908653057"},"geometry":{"type":"LineString","coordinates":[[-99.82423,48.81228],[-99.82259,48.81268]]}},{"type":"Feature","properties":{"segmentId":"osm_908653058"},"geometry":{"type":"LineString","coordinates":[[-99.82259,48.81268],[-99.82122,48.81303]]}},{"type":"Feature","properties":{"segmentId":"osm_908653059"},"geometry":{"type":"LineString","coordinates":[[-99.82122,48.81303],[-99.80089,48.81819]]}},{"type":"Feature","properties":{"segmentId":"osm_908653060"},"geometry":{"type":"LineString","coordinates":[[-99.80089,48.81819],[-99.79945,48.81859]]}},{"type":"Feature","properties":{"segmentId":"osm_908653061"},"geometry":{"type":"LineString","coordinates":[[-99.79945,48.81859],[-99.79806,48.81906],[-99.79587,48.81991]]}},{"type":"Feature","properties":{"segmentId":"osm_908653062"},"geometry":{"type":"LineString","coordinates":[[-99.79587,48.81991],[-99.7946,48.82042]]}},{"type":"Feature","properties":{"segmentId":"osm_908653063"},"geometry":{"type":"LineString","coordinates":[[-99.7946,48.82042],[-99.79445,48.82048]]}},{"type":"Feature","properties":{"segmentId":"osm_908653064"},"geometry":{"type":"LineString","coordinates":[[-99.79445,48.82048],[-99.79319,48.82099]]}},{"type":"Feature","properties":{"segmentId":"osm_908653065"},"geometry":{"type":"LineString","coordinates":[[-99.79319,48.82099],[-99.79024,48.82218]]}},{"type":"Feature","properties":{"segmentId":"osm_908653066"},"geometry":{"type":"LineString","coordinates":[[-99.78859,48.82285],[-99.78688,48.82355]]}},{"type":"Feature","properties":{"segmentId":"osm_908653067"},"geometry":{"type":"LineString","coordinates":[[-99.79024,48.82218],[-99.78859,48.82285]]}},{"type":"Feature","properties":{"segmentId":"osm_908653068"},"geometry":{"type":"LineString","coordinates":[[-99.76871,48.83022],[-99.76679,48.83081]]}},{"type":"Feature","properties":{"segmentId":"osm_908653069"},"geometry":{"type":"LineString","coordinates":[[-99.76679,48.83081],[-99.76547,48.83127]]}},{"type":"Feature","properties":{"segmentId":"osm_908653070"},"geometry":{"type":"LineString","coordinates":[[-99.77068,48.82963],[-99.76871,48.83022]]}},{"type":"Feature","properties":{"segmentId":"osm_908653071"},"geometry":{"type":"LineString","coordinates":[[-99.76547,48.83127],[-99.76466,48.83157]]}},{"type":"Feature","properties":{"segmentId":"osm_908653072"},"geometry":{"type":"LineString","coordinates":[[-99.76466,48.83157],[-99.75972,48.83374]]}},{"type":"Feature","properties":{"segmentId":"osm_908653073"},"geometry":{"type":"LineString","coordinates":[[-99.75972,48.83374],[-99.75073,48.83782],[-99.74968,48.83812],[-99.74593,48.83897]]}},{"type":"Feature","properties":{"segmentId":"osm_908653074"},"geometry":{"type":"LineString","coordinates":[[-99.74593,48.83897],[-99.74489,48.83921]]}},{"type":"Feature","properties":{"segmentId":"osm_908653075"},"geometry":{"type":"LineString","coordinates":[[-99.74489,48.83921],[-99.74368,48.83947]]}},{"type":"Feature","properties":{"segmentId":"osm_908653076"},"geometry":{"type":"LineString","coordinates":[[-99.74368,48.83947],[-99.7421,48.83982],[-99.73951,48.84068],[-99.73862,48.84106],[-99.73455,48.84307]]}},{"type":"Feature","properties":{"segmentId":"osm_908653077"},"geometry":{"type":"LineString","coordinates":[[-99.73455,48.84307],[-99.73068,48.84498]]}},{"type":"Feature","properties":{"segmentId":"osm_908653078"},"geometry":{"type":"LineString","coordinates":[[-99.72476,48.84786],[-99.72289,48.84848]]}},{"type":"Feature","properties":{"segmentId":"osm_908653079"},"geometry":{"type":"LineString","coordinates":[[-99.72547,48.84755],[-99.72476,48.84786]]}},{"type":"Feature","properties":{"segmentId":"osm_908653080"},"geometry":{"type":"LineString","coordinates":[[-99.72289,48.84848],[-99.72096,48.84887]]}},{"type":"Feature","properties":{"segmentId":"osm_908653081","name":"Main Avenue West"},"geometry":{"type":"LineString","coordinates":[[-99.63922,48.84906],[-99.6368,48.8495],[-99.63627,48.84966]]}},{"type":"Feature","properties":{"segmentId":"osm_908653082","name":"Main Avenue West"},"geometry":{"type":"LineString","coordinates":[[-99.63627,48.84966],[-99.63437,48.85026],[-99.63015,48.85218]]}},{"type":"Feature","properties":{"segmentId":"osm_908653083","name":"Main Avenue West"},"geometry":{"type":"LineString","coordinates":[[-99.6232,48.85543],[-99.61718,48.85825]]}},{"type":"Feature","properties":{"segmentId":"osm_908653084","name":"Main Avenue East"},"geometry":{"type":"LineString","coordinates":[[-99.60929,48.86192],[-99.60738,48.86257],[-99.60658,48.86278],[-99.60466,48.86314]]}},{"type":"Feature","properties":{"segmentId":"osm_908653085","name":"Main Avenue East"},"geometry":{"type":"LineString","coordinates":[[-99.60466,48.86314],[-99.6026,48.86336]]}},{"type":"Feature","properties":{"segmentId":"osm_924039728","name":"State Highway 4"},"geometry":{"type":"LineString","coordinates":[[-99.37274,48.97464],[-99.37273,48.97588],[-99.37248,48.97667]]}},{"type":"Feature","properties":{"segmentId":"osm_924039729","name":"State Highway 4"},"geometry":{"type":"LineString","coordinates":[[-99.37248,48.97667],[-99.37211,48.97724],[-99.3715,48.9778],[-99.37081,48.97822],[-99.36997,48.97855],[-99.36923,48.97874],[-99.3682,48.97886],[-99.36574,48.97888]]}},{"type":"Feature","properties":{"segmentId":"osm_924039730","name":"State Highway 4"},"geometry":{"type":"LineString","coordinates":[[-99.35705,48.9789],[-99.35496,48.97894],[-99.35362,48.97919]]}},{"type":"Feature","properties":{"segmentId":"osm_924039731","name":"State Highway 4"},"geometry":{"type":"LineString","coordinates":[[-99.35104,48.98106],[-99.35079,48.98183],[-99.35076,48.98298]]}},{"type":"Feature","properties":{"segmentId":"osm_924039732","name":"State Highway 4"},"geometry":{"type":"LineString","coordinates":[[-99.35073,48.99296],[-99.3507,48.99333]]}},{"type":"Feature","properties":{"segmentId":"osm_924039733","name":"State Highway 4"},"geometry":{"type":"LineString","coordinates":[[-99.3507,48.99333],[-99.35061,48.9937]]}},{"type":"Feature","properties":{"segmentId":"osm_926073243","name":"State Highway 30"},"geometry":{"type":"LineString","coordinates":[[-99.62338,48.66083],[-99.62338,48.6618]]}},{"type":"Feature","properties":{"segmentId":"osm_926073244","name":"State Highway 30"},"geometry":{"type":"LineString","coordinates":[[-99.61371,48.85312],[-99.61371,48.85209]]}},{"type":"Feature","properties":{"segmentId":"osm_926073245","name":"State Highway 30"},"geometry":{"type":"LineString","coordinates":[[-99.61478,48.85547],[-99.61423,48.85498],[-99.61385,48.85439],[-99.61374,48.85402],[-99.61371,48.85312]]}},{"type":"Feature","properties":{"segmentId":"osm_926073246","name":"State Highway 30"},"geometry":{"type":"LineString","coordinates":[[-99.61795,48.85789],[-99.61724,48.85697],[-99.61664,48.85639],[-99.61536,48.85581],[-99.61478,48.85547]]}},{"type":"Feature","properties":{"segmentId":"osm_926073247","name":"State Highway 30"},"geometry":{"type":"LineString","coordinates":[[-99.62456,48.86483],[-99.62081,48.86134],[-99.61925,48.85947]]}},{"type":"Feature","properties":{"segmentId":"osm_926073248","name":"State Highway 30"},"geometry":{"type":"LineString","coordinates":[[-99.65699,48.9955],[-99.65702,48.99736],[-99.65713,48.99777]]}},{"type":"Feature","properties":{"segmentId":"osm_926073249","name":"State Highway 30"},"geometry":{"type":"LineString","coordinates":[[-99.65713,48.99777],[-99.65735,48.99815]]}},{"type":"Feature","properties":{"segmentId":"osm_926073250","name":"State Highway 30"},"geometry":{"type":"LineString","coordinates":[[-99.65878,48.99923],[-99.65861,48.99907],[-99.6586,48.99895]]}},{"type":"Feature","properties":{"segmentId":"osm_926073251","name":"State Highway 30"},"geometry":{"type":"LineString","coordinates":[[-99.65878,48.99923],[-99.65885,48.99928]]}},{"type":"Feature","properties":{"segmentId":"osm_926073252","name":"State Highway 30"},"geometry":{"type":"LineString","coordinates":[[-99.65735,48.99815],[-99.658,48.99872]]}},{"type":"Feature","properties":{"segmentId":"osm_926073253","name":"State Highway 30"},"geometry":{"type":"LineString","coordinates":[[-99.65825,48.99874],[-99.658,48.99872]]}},{"type":"Feature","properties":{"segmentId":"osm_926073254","name":"State Highway 30"},"geometry":{"type":"LineString","coordinates":[[-99.65856,48.99879],[-99.65848,48.99874]]}},{"type":"Feature","properties":{"segmentId":"osm_965047600"},"geometry":{"type":"LineString","coordinates":[[-99.59742,48.82167],[-99.59722,48.82158],[-99.59658,48.82096],[-99.59635,48.82058],[-99.59621,48.81996],[-99.59594,48.81978],[-99.58875,48.81969],[-99.58072,48.8197]]}},{"type":"Feature","properties":{"segmentId":"osm_965047602"},"geometry":{"type":"LineString","coordinates":[[-99.59764,48.82175],[-99.59742,48.82167]]}},{"type":"Feature","properties":{"segmentId":"osm_977408912","name":"Provincial Trunk Highway 18"},"geometry":{"type":"LineString","coordinates":[[-99.66011,49.00015],[-99.66058,49.00066],[-99.66072,49.00127],[-99.66075,49.01416]]}},{"type":"Feature","properties":{"segmentId":"osm_977408914","name":"Provincial Trunk Highway 18"},"geometry":{"type":"LineString","coordinates":[[-99.66011,49.00015],[-99.65896,48.99935]]}},{"type":"Feature","properties":{"segmentId":"osm_1011379402","name":"State Highway 3"},"geometry":{"type":"LineString","coordinates":[[-100.03736,48.50169],[-100.03739,48.50289],[-100.03719,48.5068],[-100.03715,48.54513]]}},{"type":"Feature","properties":{"segmentId":"osm_1011379404","name":"State Highway 3"},"geometry":{"type":"LineString","coordinates":[[-100.03724,48.67576],[-100.03716,48.70951],[-100.03734,48.71091],[-100.03774,48.71199]]}},{"type":"Feature","properties":{"segmentId":"osm_1011379405","name":"State Highway 3"},"geometry":{"type":"LineString","coordinates":[[-100.03724,48.67481],[-100.03724,48.67576]]}},{"type":"Feature","properties":{"segmentId":"osm_1011379406","name":"Main Street"},"geometry":{"type":"LineString","coordinates":[[-100.06109,48.8058],[-100.0611,48.80618]]}},{"type":"Feature","properties":{"segmentId":"osm_1011379407","name":"Main Street"},"geometry":{"type":"LineString","coordinates":[[-100.0611,48.80618],[-100.06111,48.80976]]}},{"type":"Feature","properties":{"segmentId":"osm_1011379408","name":"Main Street"},"geometry":{"type":"LineString","coordinates":[[-100.06111,48.81606],[-100.06113,48.81805]]}},{"type":"Feature","properties":{"segmentId":"osm_1011379409","name":"United States Highway 281"},"geometry":{"type":"LineString","coordinates":[[-100.06112,48.82028],[-100.06113,48.8207]]}},{"type":"Feature","properties":{"segmentId":"osm_1011379410","name":"United States Highway 281"},"geometry":{"type":"LineString","coordinates":[[-100.06113,48.8207],[-100.06106,48.82199],[-100.06087,48.82295],[-100.06047,48.82413],[-100.05973,48.8256],[-100.05893,48.82672],[-100.05805,48.82771],[-100.05505,48.83043],[-100.05378,48.83178],[-100.05277,48.83325],[-100.05213,48.83454],[-100.05163,48.83624],[-100.05151,48.83716],[-100.0515,48.84725]]}},{"type":"Feature","properties":{"segmentId":"osm_1011379411","name":"United States Highway 281"},"geometry":{"type":"LineString","coordinates":[[-100.0515,48.84753],[-100.05149,48.84912]]}},{"type":"Feature","properties":{"segmentId":"osm_1011379412","name":"United States Highway 281"},"geometry":{"type":"LineString","coordinates":[[-100.0515,48.84725],[-100.0515,48.84753]]}},{"type":"Feature","properties":{"segmentId":"osm_1011379413","name":"United States Highway 281"},"geometry":{"type":"LineString","coordinates":[[-100.05235,48.99463],[-100.05238,48.99692]]}},{"type":"Feature","properties":{"segmentId":"osm_1011379414","name":"United States Highway 281"},"geometry":{"type":"LineString","coordinates":[[-100.05238,48.99692],[-100.05239,48.99718]]}},{"type":"Feature","properties":{"segmentId":"osm_1011379416","name":"United States Highway 281"},"geometry":{"type":"LineString","coordinates":[[-100.0526,48.99879],[-100.05261,48.99842]]}},{"type":"Feature","properties":{"segmentId":"osm_1011379421","name":"United States Highway 281"},"geometry":{"type":"LineString","coordinates":[[-100.05261,48.99829],[-100.05262,48.99803]]}},{"type":"Feature","properties":{"segmentId":"osm_1011379422","name":"United States Highway 281"},"geometry":{"type":"LineString","coordinates":[[-100.05261,48.99842],[-100.05261,48.99829]]}},{"type":"Feature","properties":{"segmentId":"osm_1044141896","name":"Highway 10"},"geometry":{"type":"LineString","coordinates":[[-100.05267,49.00361],[-100.05352,49.02286],[-100.05353,49.02473],[-100.05325,49.02661],[-100.05117,49.03541],[-100.05111,49.03587],[-100.05116,49.03681],[-100.05146,49.03772],[-100.05202,49.03858],[-100.05238,49.03898],[-100.05278,49.03936],[-100.05376,49.04005],[-100.05708,49.04182],[-100.05806,49.0425],[-100.05847,49.04288],[-100.05914,49.04369],[-100.0594,49.04413],[-100.05972,49.04503],[-100.06086,49.05749],[-100.06124,49.08452],[-100.06145,49.08573],[-100.06306,49.08889],[-100.06322,49.09004],[-100.06318,49.10976],[-100.06397,49.16547],[-100.06392,49.16602],[-100.06361,49.16711],[-100.06307,49.16815],[-100.06047,49.1716],[-100.05987,49.17262],[-100.05941,49.17422],[-100.05938,49.1776]]}},{"type":"Feature","properties":{"segmentId":"osm_1107896289","name":"108th Street Northeast"},"geometry":{"type":"LineString","coordinates":[[-99.52985,48.97885],[-99.53527,48.97883],[-99.53703,48.97886],[-99.538,48.97896],[-99.53887,48.97883],[-99.5411,48.97882],[-99.54163,48.97905],[-99.5422,48.97917],[-99.54297,48.97922],[-99.54347,48.97912],[-99.54394,48.97881],[-99.54776,48.97884]]}},{"type":"Feature","properties":{"segmentId":"osm_1107896291","name":"108th Street Northeast"},"geometry":{"type":"LineString","coordinates":[[-99.56585,48.97886],[-99.56594,48.97886]]}},{"type":"Feature","properties":{"segmentId":"osm_1108037724","name":"77th Street Northeast"},"geometry":{"type":"LineString","coordinates":[[-99.96171,48.53114],[-99.96136,48.5311]]}},{"type":"Feature","properties":{"segmentId":"osm_1134446775"},"geometry":{"type":"LineString","coordinates":[[-99.68912,48.53179],[-99.68912,48.53438]]}},{"type":"Feature","properties":{"segmentId":"osm_1134446777"},"geometry":{"type":"LineString","coordinates":[[-99.68916,48.52668],[-99.68912,48.53179]]}},{"type":"Feature","properties":{"segmentId":"osm_1152398437","name":"United States Highway 281"},"geometry":{"type":"LineString","coordinates":[[-100.05262,48.99803],[-100.05239,48.99738]]}},{"type":"Feature","properties":{"segmentId":"osm_1152398438","name":"United States Highway 281"},"geometry":{"type":"LineString","coordinates":[[-100.0524,48.99919],[-100.05243,48.99913]]}},{"type":"Feature","properties":{"segmentId":"osm_1181458463","name":"State Highway 30"},"geometry":{"type":"LineString","coordinates":[[-99.61925,48.85947],[-99.61795,48.85789]]}},{"type":"Feature","properties":{"segmentId":"osm_1190691449"},"geometry":{"type":"LineString","coordinates":[[-100.06703,48.91905],[-100.06719,48.91871],[-100.0674,48.91857],[-100.0679,48.91848],[-100.06846,48.91864]]}},{"type":"Feature","properties":{"segmentId":"osm_1190876330"},"geometry":{"type":"LineString","coordinates":[[-99.83492,48.65967],[-99.79115,48.65889]]}},{"type":"Feature","properties":{"segmentId":"osm_1228905781"},"geometry":{"type":"LineString","coordinates":[[-99.83523,48.65985],[-99.83509,48.65971],[-99.83492,48.65967]]}},{"type":"Feature","properties":{"segmentId":"osm_1294973065","name":"Main Street"},"geometry":{"type":"LineString","coordinates":[[-99.84487,48.66005],[-99.84489,48.66089]]}},{"type":"Feature","properties":{"segmentId":"osm_1337296585","name":"Maria Campbell Street"},"geometry":{"type":"LineString","coordinates":[[-99.74971,48.84211],[-99.74909,48.84206],[-99.74774,48.84207],[-99.74751,48.84208],[-99.74725,48.84218]]}},{"type":"Feature","properties":{"segmentId":"osm_1337296586","name":"Francis Sinclair Street"},"geometry":{"type":"LineString","coordinates":[[-99.74488,48.84381],[-99.74597,48.84382],[-99.74675,48.84365],[-99.74708,48.84352],[-99.74726,48.84324],[-99.74717,48.84227],[-99.74725,48.84218]]}},{"type":"Feature","properties":{"segmentId":"osm_1337296587","name":"Pierre Saint Germaine Street"},"geometry":{"type":"LineString","coordinates":[[-99.75013,48.83988],[-99.75052,48.8399],[-99.75433,48.84062],[-99.75447,48.84056],[-99.7549,48.83985]]}},{"type":"Feature","properties":{"segmentId":"osm_1337297383","name":"Freedom Drive Northeast"},"geometry":{"type":"LineString","coordinates":[[-99.74489,48.82889],[-99.74578,48.82891],[-99.74645,48.82903],[-99.74696,48.82921],[-99.74811,48.82991]]}},{"type":"Feature","properties":{"segmentId":"osm_1356982981"},"geometry":{"type":"LineString","coordinates":[[-100.02158,48.86431],[-100.02063,48.86443],[-100.01998,48.86462],[-100.01942,48.86493],[-100.01847,48.86515],[-100.01752,48.86512],[-100.01674,48.8652],[-100.01609,48.86541],[-100.01575,48.86545],[-100.01499,48.86538],[-100.01424,48.86541],[-100.01366,48.86525]]}},{"type":"Feature","properties":{"segmentId":"osm_1359215482","name":"State Highway 30"},"geometry":{"type":"LineString","coordinates":[[-99.6586,48.99895],[-99.65856,48.99879]]}},{"type":"Feature","properties":{"segmentId":"osm_1359215483","name":"State Highway 30"},"geometry":{"type":"LineString","coordinates":[[-99.65848,48.99874],[-99.65825,48.99874]]}},{"type":"Feature","properties":{"segmentId":"osm_1360964536","name":"United States Highway 281"},"geometry":{"type":"LineString","coordinates":[[-100.05239,48.99718],[-100.05239,48.99738]]}},{"type":"Feature","properties":{"segmentId":"osm_1360964537","name":"United States Highway 281"},"geometry":{"type":"LineString","coordinates":[[-100.05243,48.99913],[-100.0526,48.99879]]}},{"type":"Feature","properties":{"segmentId":"osm_1383963299"},"geometry":{"type":"LineString","coordinates":[[-99.86531,48.80291],[-99.86503,48.80276],[-99.86482,48.80241],[-99.86452,48.80216],[-99.86426,48.80174],[-99.86416,48.80128],[-99.86396,48.80099],[-99.86396,48.80077],[-99.86347,48.80072],[-99.86306,48.80075]]}},{"type":"Feature","properties":{"segmentId":"osm_1383963300"},"geometry":{"type":"LineString","coordinates":[[-99.86046,48.80313],[-99.86086,48.80264],[-99.86197,48.8018],[-99.86289,48.8014],[-99.86299,48.80128],[-99.86306,48.80075],[-99.86304,48.80022],[-99.86376,48.79937],[-99.86422,48.79911],[-99.86468,48.79873],[-99.86521,48.79862]]}}]}